1,17:04:38.458151,1180.109056,0.101935,0.101935,18,798,0,0.000000,41.99986191,-93.633141408,8273.813954,0.000000,0.000000
2,17:04:38.526485,1180.178094,0.170973,0.069038,18,794,0,0.000000,0,0,8273.813954,0.000000,0.000000
3,17:04:38.597428,1180.280521,0.273400,0.102427,18,802,0,0.000000,0,0,8273.813954,0.000000,0.000000
4,17:04:38.690323,1180.346040,0.338919,0.065519,18,803,0,0.000000,0,0,8273.813954,0.000000,0.000000
5,17:04:38.718392,1180.403396,0.396275,0.057356,18,801,0,0.000000,0,0,8273.813954,0.000000,0.000000
6,17:04:38.768268,1180.456654,0.449533,0.053258,18,797,0,0.000000,0,0,8273.813954,0.000000,0.000000
7,17:04:38.813967,1180.497617,0.490496,0.040963,18,798,0,0.000000,0,0,8273.813954,0.000000,0.000000
8,17:04:38.928581,1180.575628,0.568507,0.078011,18,796,0,0.000000,0,0,8273.813954,0.000000,0.000000
9,17:04:38.972982,1180.649166,0.642045,0.073538,18,795,0,0.000000,0,0,8273.813954,0.000000,0.000000
10,17:04:39.030524,1180.694476,0.687355,0.045310,18,794,0,0.000000,0,0,8273.813954,0.000000,0.000000
11,17:04:39.068257,1180.755681,0.748560,0.061205,18,798,0,0.000000,0,0,8273.813954,0.000000,0.000000
12,17:04:39.117134,1180.788447,0.781326,0.032766,18,802,0,0.000000,0,0,8273.813954,0.000000,0.000000
13,17:04:39.166915,1180.850257,0.843136,0.061810,18,801,0,0.000000,0,0,8273.813954,0.000000,0.000000
14,17:04:39.244486,1180.907233,0.900112,0.056976,18,802,0,0.000000,0,0,8273.813954,0.000000,0.000000
15,17:04:39.282540,1180.964589,0.957468,0.057356,18,802,0,0.000000,0,0,8273.813954,0.000000,0.000000
16,17:04:39.343373,1181.018649,1.011528,0.054060,18,802,0,0.000000,0,0,8273.813954,0.000000,0.000000
17,17:04:39.380064,1181.058798,1.051677,0.040149,18,800,0,0.000000,41.999862191,-93.633141469,8273.813954,0.000000,0.000000
18,17:04:39.438828,1181.099772,1.092651,0.040974,18,802,0,0.000000,0,0,8273.813954,0.000000,0.000000
19,17:04:39.476212,1181.153021,1.145900,0.053249,18,800,0,0.000000,0,0,8273.813954,0.000000,0.000000
20,17:04:39.524766,1181.211129,1.204008,0.058108,18,798,0,0.000000,0,0,8273.813954,0.000000,0.000000
21,17:04:39.560326,1181.235427,1.228306,0.024298,18,796,0,0.000000,0,0,8273.813954,0.000000,0.000000
22,17:04:39.623891,1181.300489,1.293368,0.065062,18,796,0,0.000000,0,0,8273.813954,0.000000,0.000000
23,17:04:39.700664,1181.382650,1.375529,0.082161,18,794,0,0.000000,0,0,8273.813954,0.000000,0.000000
24,17:04:39.732895,1181.411074,1.403953,0.028424,18,797,0,0.000000,0,0,8273.813954,0.000000,0.000000
25,17:04:39.803396,1181.468422,1.461301,0.057348,18,798,0,0.000000,0,0,8273.813954,0.000000,0.000000
26,17:04:39.854422,1181.521682,1.514561,0.053260,18,800,0,0.000000,0,0,8273.813954,0.000000,0.000000
27,17:04:39.925891,1181.591321,1.584200,0.069639,18,800,0,0.000000,0,0,8273.813954,0.000000,0.000000
28,17:04:40.010665,1181.689633,1.682512,0.098312,18,802,0,0.000000,0,0,8273.813954,0.000000,0.000000
29,17:04:40.087081,1181.738798,1.731677,0.049165,18,791,0,0.000000,0,0,8273.813954,0.000000,0.000000
30,17:04:40.162092,1181.849613,1.842492,0.110815,18,785,0,0.000000,0,0,8273.813954,0.000000,0.000000
31,17:04:40.212174,1181.886254,1.879133,0.036641,18,784,0,0.000000,0,0,8273.813954,0.000000,0.000000
32,17:04:40.281004,1181.955855,1.948734,0.069601,18,780,0,0.000000,0,0,8273.813954,0.000000,0.000000
33,17:04:40.315458,1182.000913,1.993792,0.045058,18,780,0,0.000000,0,0,8273.813954,0.000000,0.000000
34,17:04:40.350978,1182.033686,2.026565,0.032773,18,784,0,0.000000,0,0,8273.813954,0.000000,0.000000
35,17:04:40.402804,1182.086966,2.079845,0.053280,19,786,0,0.000000,41.999862919,-93.633136449,8273.813954,0.000000,0.000000
36,17:04:40.439817,1182.123826,2.116705,0.036860,19,790,0,0.000000,0,0,8273.813954,0.000000,0.000000
37,17:04:40.493399,1182.168895,2.161774,0.045069,20,793,0,0.000000,0,0,8273.813954,0.000000,0.000000
38,17:04:40.559268,1182.230336,2.223215,0.061441,20,806,0,0.000000,0,0,8273.813954,0.000000,0.000000
39,17:04:40.605510,1182.283592,2.276471,0.053256,20,834,0,0.000000,0,0,8273.813954,0.000000,0.000000
40,17:04:40.652437,1182.340930,2.333809,0.057338,21,868,0,0.000000,0,0,8273.813954,0.000000,0.000000
41,17:04:40.687286,1182.365531,2.358410,0.024601,22,890,0,0.000000,0,0,8273.813954,0.000000,0.000000
42,17:04:40.717932,1182.406470,2.399349,0.040939,22,918,0,0.000000,0,0,8273.813954,0.000000,0.000000
43,17:04:40.770005,1182.443340,2.436219,0.036870,22,963,0,0.000000,0,0,8273.813954,0.000000,0.000000
44,17:04:40.825902,1182.504791,2.497670,0.061451,22,1053,0,0.000000,0,0,8273.813954,0.000000,0.000000
45,17:04:40.877888,1182.558042,2.550921,0.053251,22,1094,0,0.000000,0,0,8273.813954,0.000000,0.000000
46,17:04:40.933824,1182.603099,2.595978,0.045057,22,1165,0,0.000000,0,0,8273.813954,0.000000,0.000000
47,17:04:40.981401,1182.657018,2.649897,0.053919,22,1231,0,0.000000,0,0,8273.813954,0.000000,0.000000
48,17:04:41.044642,1182.709594,2.702473,0.052576,22,1293,0,0.000000,0,0,8273.813954,0.000000,0.000000
49,17:04:41.107886,1182.771045,2.763924,0.061451,21,1344,0,0.000000,0,0,8273.813954,0.000000,0.000000
50,17:04:41.178740,1182.837251,2.830130,0.066206,21,1366,3,12.586980,0,0,8273.841539,0.027586,0.027586
51,17:04:41.213016,1182.889833,2.882712,0.052582,21,1388,3,11.445962,0,0,8273.869534,0.027995,0.055581
52,17:04:41.282007,1182.967680,2.960559,0.077847,21,1393,3,7.731214,0,0,8273.910981,0.041446,0.097027
53,17:04:41.341401,1183.021396,3.014275,0.053716,21,1394,3,11.204343,0,0,8273.939580,0.028599,0.125626
54,17:04:41.421139,1183.061888,3.054767,0.040492,22,1389,3,14.863454,41.999864566,-93.633121664,8273.961138,0.021558,0.147184
55,17:04:41.478044,1183.135631,3.128510,0.073743,21,1382,3,8.161466,0,0,8274.000399,0.039261,0.186446
56,17:04:41.508087,1183.192965,3.185844,0.057334,21,1378,3,10.497304,0,0,8274.030924,0.030525,0.216971
57,17:04:41.540160,1183.221774,3.214653,0.028809,21,1373,3,20.891054,0,0,8274.046262,0.015338,0.232309
58,17:04:41.585095,1183.262596,3.255475,0.040822,21,1368,3,14.743397,0,0,8274.067996,0.021734,0.254043
59,17:04:41.641762,1183.320123,3.313002,0.057527,21,1363,5,20.119354,0,0,8274.114604,0.046608,0.300650
60,17:04:41.689764,1183.361458,3.354337,0.041335,21,1359,5,24.267179,0,0,8274.151282,0.036679,0.337329
61,17:04:41.779375,1183.405961,3.398840,0.044503,21,1357,5,22.539762,0,0,8274.190772,0.039490,0.376818
62,17:04:41.831626,1183.516560,3.509439,0.110599,21,1357,5,9.069576,0,0,8274.288911,0.098140,0.474958
63,17:04:41.871316,1183.545234,3.538113,0.028674,21,1354,5,34.982575,0,0,8274.314355,0.025444,0.500401
64,17:04:41.916481,1183.598634,3.591513,0.053400,21,1358,5,18.784376,0,0,8274.361739,0.047384,0.547786
65,17:04:41.960621,1183.635365,3.628244,0.036731,21,1363,5,27.308984,0,0,8274.394332,0.032593,0.580379
66,17:04:41.992356,1183.676312,3.669191,0.040947,21,1367,5,24.497213,0,0,8274.430667,0.036334,0.616713
67,17:04:42.024826,1183.709087,3.701966,0.032775,21,1370,5,30.605300,0,0,8274.459749,0.029083,0.645796
68,17:04:42.059971,1183.742106,3.734985,0.033019,20,1376,5,30.379007,0,0,8274.489049,0.029299,0.675095
69,17:04:42.094237,1183.778720,3.771599,0.036614,20,1378,8,50.156298,0,0,8274.536794,0.047745,0.722840
70,17:04:42.140743,1183.823795,3.816674,0.045075,21,1386,8,35.605811,0,0,8274.600789,0.063996,0.786836
71,17:04:42.179733,1183.861580,3.854459,0.037785,21,1389,8,42.475748,0,0,8274.654434,0.053645,0.840481
72,17:04:42.209192,1183.893426,3.886305,0.031846,20,1394,8,50.396782,0,0,8274.699648,0.045214,0.885694
73,17:04:42.235982,1183.922331,3.915210,0.028905,21,1393,8,55.524295,0,0,8274.740686,0.041038,0.926732
74,17:04:42.317310,1183.996073,3.988952,0.073742,21,1398,8,21.764261,0,0,8274.845381,0.104695,1.031428
75,17:04:42.355907,1184.044990,4.037869,0.048917,20,1407,8,32.809380,0,0,8274.914831,0.069450,1.100878
76,17:04:42.443422,1184.114618,4.107497,0.069628,20,1412,8,23.050185,41.999862403,-93.633090945,8275.013686,0.098855,1.199732
77,17:04:42.475558,1184.159676,4.152555,0.045058,20,1420,8,35.619376,0,0,8275.077657,0.063971,1.263704
78,17:04:42.517861,1184.200668,4.193547,0.040992,20,1422,8,39.152455,0,0,8275.135856,0.058199,1.321902
79,17:04:42.554571,1184.241612,4.234491,0.040944,20,1426,11,59.551580,0,0,8275.211046,0.075190,1.397092
80,17:04:42.590606,1184.274384,4.267263,0.032772,20,1432,11,67.337538,0,0,8275.275022,0.063976,1.461069
81,17:04:42.666710,1184.340150,4.333029,0.065766,20,1450,11,33.555255,0,0,8275.403408,0.128386,1.589454
82,17:04:42.708065,1184.384986,4.377865,0.044836,19,1450,11,49.219108,0,0,8275.490935,0.087527,1.676981
83,17:04:42.836593,1184.511961,4.504840,0.126975,20,1454,11,17.379713,0,0,8275.738811,0.247876,1.924857
84,17:04:42.861430,1184.548818,4.541697,0.036857,20,1466,11,59.874562,0,0,8275.810761,0.071951,1.996808
85,17:04:42.898171,1184.573569,4.566448,0.024751,20,1476,11,89.158964,0,0,8275.859080,0.048318,2.045126
86,17:04:42.929295,1184.610266,4.603145,0.036697,20,1486,11,60.135583,0,0,8275.930718,0.071638,2.116764
87,17:04:42.963954,1184.643053,4.635932,0.032787,20,1490,11,67.306690,0,0,8275.994723,0.064006,2.180770
88,17:04:42.999061,1184.680779,4.673658,0.037726,20,1494,11,58.495321,0,0,8276.068370,0.073647,2.254417
89,17:04:43.037561,1184.712708,4.705587,0.031929,20,1497,11,69.115507,0,0,8276.130701,0.062331,2.316747
90,17:04:43.069235,1184.753653,4.746532,0.040945,20,1498,11,53.896380,0,0,8276.210632,0.079931,2.396679
91,17:04:43.101708,1184.786410,4.779289,0.032757,20,1502,11,67.368415,0,0,8276.274579,0.063947,2.460626
92,17:04:43.141748,1184.823406,4.816285,0.036996,20,1502,11,59.649606,0,0,8276.346801,0.072222,2.532848
93,17:04:43.183252,1184.856040,4.848919,0.032634,21,1504,11,67.622381,0,0,8276.410508,0.063707,2.596555
94,17:04:43.232068,1184.917635,4.910514,0.061595,22,1509,11,35.827445,0,0,8276.530751,0.120243,2.716798
95,17:04:43.268863,1184.954583,4.947462,0.036948,22,1527,11,59.726972,0,0,8276.602880,0.072128,2.788926
96,17:04:43.316638,1184.995319,4.988198,0.040736,22,1542,11,54.173024,0,0,8276.682403,0.079523,2.868449
97,17:04:43.347491,1185.036288,5.029167,0.040969,22,1558,11,53.864701,0,0,8276.762381,0.079978,2.948428
98,17:04:43.399329,1185.065993,5.058872,0.029705,22,1559,11,74.290072,41.999847026,-93.633055568,8276.820370,0.057989,3.006417
99,17:04:43.434737,1185.114791,5.107670,0.048798,22,1544,11,45.223105,0,0,8276.915631,0.095261,3.101678
100,17:04:43.482805,1185.163268,5.156147,0.048477,22,1528,13,56.982401,0,0,8277.023733,0.108101,3.209779
101,17:04:43.555660,1185.228813,5.221692,0.065545,22,1508,13,39.789929,0,0,8277.174951,0.151218,3.360997
102,17:04:43.590371,1185.269779,5.262658,0.040966,22,1480,13,63.663099,0,0,8277.269464,0.094513,3.455510
103,17:04:43.623701,1185.307496,5.300375,0.037717,22,1462,13,69.147003,0,0,8277.356481,0.087017,3.542527
104,17:04:43.652673,1185.339419,5.332298,0.031923,22,1454,13,81.697824,0,0,8277.430130,0.073649,3.616176
105,17:04:43.684149,1185.372173,5.365052,0.032754,22,1445,13,79.624172,0,0,8277.505697,0.075567,3.691743
106,17:04:43.712528,1185.397164,5.390043,0.024991,22,1436,13,104.359404,0,0,8277.563353,0.057656,3.749400
107,17:04:45.098228,1186.781294,6.774173,1.384130,25,1683,17,2.686984,41.999817537,-93.633028213,8281.525639,3.962286,7.711685
108,17:04:45.145013,1186.818372,6.811251,0.037078,25,1693,17,91.981249,0,0,8281.637503,0.111864,7.823549
109,17:04:45.189483,1186.867319,6.860198,0.048947,25,1702,17,69.677483,0,0,8281.785174,0.147671,7.971221
110,17:04:45.221235,1186.904183,6.897062,0.036864,25,1704,17,92.515460,0,0,8281.896392,0.111218,8.082439
111,17:04:45.248841,1186.932847,6.925726,0.028664,25,1709,17,118.981318,0,0,8281.982871,0.086479,8.168917
112,17:04:45.282874,1186.965639,6.958518,0.032792,25,1717,17,104.004304,0,0,8282.081803,0.098932,8.267850
113,17:04:45.319510,1187.006584,6.999463,0.040945,25,1720,17,83.294405,0,0,8282.205333,0.123530,8.391380
114,17:04:45.353383,1187.035289,7.028168,0.028705,26,1733,17,118.811342,0,0,8282.291936,0.086603,8.477983
115,17:04:45.392770,1187.080550,7.073429,0.045261,26,1736,17,75.351868,41.999775847,-93.633005235,8282.428487,0.136551,8.614534
116,17:04:45.449248,1187.126164,7.119043,0.045614,26,1748,17,74.768569,0,0,8282.566103,0.137616,8.752150
117,17:04:45.495187,1187.174528,7.167407,0.048364,26,1768,17,70.517310,0,0,8282.712016,0.145913,8.898063
118,17:04:45.560864,1187.231899,7.224778,0.057371,26,1791,17,59.446158,0,0,8282.885104,0.173087,9.071150
119,17:04:45.643125,1187.330549,7.323428,0.098650,26,1802,17,34.571663,0,0,8283.182728,0.297625,9.368775
120,17:04:45.692023,1187.367187,7.360066,0.036638,27,1819,17,93.086190,0,0,8283.293264,0.110536,9.479311
121,17:04:45.729132,1187.412116,7.404995,0.044929,27,1825,17,75.908472,0,0,8283.428814,0.135550,9.614860
122,17:04:45.765620,1187.449224,7.442103,0.037108,27,1831,17,91.907377,0,0,8283.540768,0.111954,9.726814
123,17:04:45.824245,1187.498156,7.491035,0.048932,27,1844,17,69.698532,0,0,8283.688394,0.147627,9.874441
124,17:04:45.864753,1187.547543,7.540422,0.049387,26,1842,19,80.305569,0,0,8283.851112,0.162718,10.037159
125,17:04:45.902785,1187.580056,7.572935,0.032513,26,1845,19,117.237405,0,0,8283.960743,0.109631,10.146790
126,17:04:45.943127,1187.625391,7.618270,0.045335,26,1848,19,84.079052,0,0,8284.113609,0.152866,10.299655
127,17:04:45.987247,1187.670228,7.663107,0.044837,26,1845,19,85.013015,0,0,8284.264795,0.151186,10.450842
128,17:04:46.057463,1187.740206,7.733085,0.069978,26,1836,19,54.470383,0,0,8284.500755,0.235960,10.686802
129,17:04:46.113530,1187.797164,7.790043,0.056958,25,1834,19,66.921786,0,0,8284.692813,0.192057,10.878859
130,17:04:46.188225,1187.862704,7.855583,0.065540,25,1839,19,58.158743,0,0,8284.913808,0.220995,11.099854
131,17:04:46.222868,1187.903667,7.896546,0.040963,26,1847,19,93.053109,0,0,8285.051931,0.138123,11.237978
132,17:04:46.267821,1187.948741,7.941620,0.045074,26,1852,19,84.566038,0,0,8285.203917,0.151986,11.389963
133,17:04:46.337738,1188.006081,7.998960,0.057340,26,1857,22,81.009231,0,0,8285.421154,0.217237,11.607200
134,17:04:46.381499,1188.067557,8.060436,0.061476,26,1863,22,71.793280,41.999723472,-93.632982753,8285.661177,0.240023,11.847223
135,17:04:46.424933,1188.096645,8.089524,0.029088,26,1872,22,151.733132,0,0,8285.774745,0.113568,11.960791
136,17:04:46.462835,1188.141253,8.134132,0.044608,26,1876,22,98.941193,41.9997235,-93.632982833,8285.948909,0.174164,12.134956
137,17:04:46.510323,1188.186561,8.179440,0.045308,26,1877,22,97.413094,0,0,8286.125806,0.176896,12.311852
138,17:04:46.558752,1188.247785,8.240664,0.061224,26,1881,22,72.088792,0,0,8286.364845,0.239039,12.550891
139,17:04:46.588357,1188.272327,8.265206,0.024542,26,1889,22,179.838903,0,0,8286.460664,0.095819,12.646710
140,17:04:46.687434,1188.358356,8.351235,0.086029,26,1894,22,51.303369,0,0,8286.796549,0.335885,12.982596
141,17:04:46.741915,1188.415722,8.408601,0.057366,26,1900,22,76.937356,0,0,8287.020524,0.223975,13.206570
142,17:04:46.813906,1188.497775,8.490654,0.082053,26,1900,24,60.559938,0,0,8287.363678,0.343155,13.549725
143,17:04:46.863236,1188.546830,8.539709,0.049055,26,1914,24,98.151635,0,0,8287.572616,0.208937,13.758662
144,17:04:46.922659,1188.595938,8.588817,0.049108,26,1922,24,98.045370,0,0,8287.781780,0.209164,13.967826
145,17:04:46.974692,1188.653264,8.646143,0.057326,26,1929,24,83.989956,0,0,8288.025946,0.244167,14.211993
146,17:04:47.049283,1188.698332,8.691211,0.045068,26,1930,24,106.834385,0,0,8288.217903,0.191956,14.403949
147,17:04:47.084247,1188.768228,8.761107,0.069896,26,1934,24,68.885430,0,0,8288.515608,0.297705,14.701654
148,17:04:47.112010,1188.796666,8.789545,0.028438,26,1927,24,169.310068,0,0,8288.636732,0.121124,14.822778
149,17:04:47.195595,1188.858104,8.850983,0.061438,26,1931,24,78.368571,0,0,8288.898413,0.261681,15.084459
150,17:04:47.235505,1188.915450,8.908329,0.057346,26,1938,24,83.960624,0,0,8289.142665,0.244252,15.328711
151,17:04:47.269096,1188.952452,8.945331,0.037002,26,1944,26,145.137895,0,0,8289.310543,0.167879,15.496590
152,17:04:47.318711,1189.001720,8.994599,0.049268,26,1948,26,105.870923,0,0,8289.537876,0.227332,15.723922
153,17:04:47.350733,1189.034771,9.027650,0.033051,26,1955,26,157.818135,0,0,8289.690380,0.152504,15.876426
154,17:04:47.388061,1189.075453,9.068332,0.040682,26,1958,26,128.214922,0,0,8289.878095,0.187715,16.064141
155,17:04:47.428167,1189.112075,9.104954,0.036622,26,1955,26,142.429213,41.999661182,-93.632960571,8290.047076,0.168981,16.233123
156,17:04:47.483281,1189.149020,9.141899,0.036945,25,1962,26,141.184687,0,0,8290.217547,0.170471,16.403593
157,17:04:47.517142,1189.206289,9.199168,0.057269,25,1958,26,91.079652,0,0,8290.481798,0.264251,16.667844
158,17:04:47.547856,1189.230864,9.223743,0.024575,25,1961,26,212.250272,0,0,8290.595192,0.113394,16.781238
159,17:04:47.590613,1189.271838,9.264717,0.040974,25,1962,26,127.301750,0,0,8290.784254,0.189062,16.970300
160,17:04:47.614864,1189.296406,9.289285,0.024568,25,1957,26,212.310005,0,0,8290.897616,0.113362,17.083662
161,17:04:47.650023,1189.337373,9.330252,0.040967,25,1961,26,127.323235,0,0,8291.086645,0.189030,17.272692
162,17:04:47.675836,1189.361946,9.354825,0.024573,25,1958,26,212.268806,0,0,8291.200029,0.113384,17.386076
163,17:04:47.710554,1189.390650,9.383529,0.028704,25,1961,26,181.717501,0,0,8291.332476,0.132447,17.518522
164,17:04:47.808876,1189.464353,9.457232,0.073703,25,1962,26,70.771146,0,0,8291.672556,0.340080,17.858603
165,17:04:47.840094,1189.525800,9.518679,0.061447,25,1958,26,84.887097,0,0,8291.956085,0.283528,18.142131
166,17:04:47.875150,1189.558724,9.551603,0.032924,25,1957,26,158.427269,0,0,8292.108002,0.151918,18.294049
167,17:04:47.918865,1189.591340,9.584219,0.032616,25,1962,26,159.922346,0,0,8292.258499,0.150497,18.444546
168,17:04:47.971849,1189.656883,9.649762,0.065543,25,1961,26,79.582174,0,0,8292.560927,0.302428,18.746974
169,17:04:48.028725,1189.710645,9.703524,0.053762,25,1965,26,97.021193,0,0,8292.808996,0.248068,18.995042
170,17:04:48.102586,1189.788012,9.780891,0.077367,25,1957,26,67.419505,0,0,8293.165983,0.356987,19.352029
171,17:04:48.135551,1189.820746,9.813625,0.032734,25,1963,26,159.346935,0,0,8293.317023,0.151041,19.503070
172,17:04:48.199253,1189.857598,9.850477,0.036852,25,1960,26,141.540003,0,0,8293.487066,0.170043,19.673113
173,17:04:48.231883,1189.914948,9.907827,0.057350,25,1960,28,100.638413,0,0,8293.767621,0.280554,19.953667
174,17:04:48.258873,1189.947715,9.940594,0.032767,25,1962,28,171.430833,0,0,8293.930445,0.162824,20.116491
175,17:04:48.305692,1189.988678,9.981557,0.040963,25,1961,28,137.130897,0,0,8294.133995,0.203550,20.320042
176,17:04:48.375234,1190.058583,10.051462,0.069905,25,1963,28,80.355919,0,0,8294.481363,0.347368,20.667409
177,17:04:48.408818,1190.095186,10.088065,0.036603,25,1970,28,153.465234,41.999590579,-93.632938652,8294.663248,0.181885,20.849294
178,17:04:48.446680,1190.123853,10.116732,0.028667,25,1968,28,195.949671,0,0,8294.805698,0.142450,20.991744
179,17:04:48.486631,1190.168912,10.161791,0.045059,25,1961,28,124.665177,0,0,8295.029602,0.223904,21.215649
180,17:04:48.553875,1190.234461,10.227340,0.065549,25,1945,28,85.695775,0,0,8295.355325,0.325723,21.541371
181,17:04:48.587746,1190.271752,10.264631,0.037291,25,1916,28,150.634532,0,0,8295.540628,0.185303,21.726674
182,17:04:48.634381,1190.316376,10.309255,0.044624,25,1894,28,125.880078,0,0,8295.762371,0.221743,21.948417
183,17:04:48.695106,1190.353668,10.346547,0.037292,24,1875,30,165.527161,0,0,8295.958039,0.195668,22.144085
184,17:04:48.746868,1190.431074,10.423953,0.077406,24,1833,30,77.752681,0,0,8296.370154,0.412115,22.556200
185,17:04:48.806552,1190.480295,10.473174,0.049221,24,1791,30,122.275325,0,0,8296.632210,0.262056,22.818257
186,17:04:48.846481,1190.529394,10.522273,0.049099,25,1754,30,122.579327,0,0,8296.893617,0.261407,23.079663
187,17:04:48.901756,1190.586758,10.579637,0.057364,25,1740,30,104.918065,0,0,8297.199027,0.305410,23.385073
188,17:04:48.960429,1190.644077,10.636956,0.057319,25,1723,30,105.000109,0,0,8297.504198,0.305171,23.690245
189,17:04:49.000546,1190.685068,10.677947,0.040991,24,1722,30,146.825975,0,0,8297.722437,0.218238,23.908483
190,17:04:49.038439,1190.721928,10.714807,0.036860,24,1723,30,163.280529,0,0,8297.918682,0.196245,24.104728
191,17:04:49.077133,1190.758990,10.751869,0.037062,24,1720,30,162.389812,0,0,8298.116004,0.197322,24.302050
192,17:04:49.128468,1190.803833,10.796712,0.044843,24,1724,30,134.213235,0,0,8298.354751,0.238747,24.540797
193,17:04:49.179712,1190.857085,10.849964,0.053252,24,1727,30,113.019616,0,0,8298.638268,0.283517,24.824315
194,17:04:49.213294,1190.898059,10.890938,0.040974,24,1729,30,146.886634,0,0,8298.856416,0.218148,25.042463
195,17:04:49.260121,1190.926902,10.919781,0.028843,24,1734,30,208.663600,0,0,8299.009980,0.153563,25.196026
196,17:04:49.316517,1190.975877,10.968756,0.048975,24,1736,30,122.889630,0,0,8299.270726,0.260746,25.456773
197,17:04:49.349611,1191.033461,11.026340,0.057584,24,1734,30,104.517115,0,0,8299.577308,0.306582,25.763354
198,17:04:49.400952,1191.082428,11.075307,0.048967,24,1742,30,122.909974,41.999513334,-93.632917074,8299.838011,0.260703,26.024058
199,17:04:49.448187,1191.137045,11.129924,0.054617,24,1739,30,110.195112,0,0,8300.128796,0.290785,26.314842
200,17:04:49.489980,1191.161030,11.153909,0.023985,24,1730,30,250.926892,0,0,8300.256494,0.127699,26.442541
201,17:04:49.531888,1191.213462,11.206341,0.052432,24,1732,30,114.787515,0,0,8300.535645,0.279151,26.721692
202,17:04:49.588745,1191.275291,11.268170,0.061829,24,1722,30,97.341211,0,0,8300.864828,0.329183,27.050874
203,17:04:49.659743,1191.319966,11.312845,0.044675,23,1716,32,147.152941,0,0,8301.115091,0.250263,27.301138
204,17:04:49.730212,1191.406230,11.399109,0.086264,23,1709,32,74.419931,0,0,8301.604985,0.489894,27.791032
205,17:04:49.766754,1191.446949,11.439828,0.040719,23,1699,32,157.659766,0,0,8301.836229,0.231244,28.022275
206,17:04:49.859384,1191.504308,11.497187,0.057359,23,1696,32,111.922371,0,0,8302.161971,0.325742,28.348018
207,17:04:49.887873,1191.570386,11.563265,0.066078,23,1689,32,97.154245,0,0,8302.537229,0.375257,28.723275
208,17:04:49.939252,1191.606960,11.599839,0.036574,23,1688,32,175.527180,0,0,8302.744934,0.207705,28.930980
209,17:04:50.010420,1191.676347,11.669226,0.069387,23,1686,32,92.521032,0,0,8303.138983,0.394049,29.325030
210,17:04:50.044150,1191.725507,11.718386,0.049160,23,1686,32,130.588946,0,0,8303.418163,0.279180,29.604210
211,17:04:50.076617,1191.758270,11.751149,0.032763,22,1690,32,195.945189,0,0,8303.604225,0.186062,29.790271
212,17:04:50.118877,1191.807425,11.800304,0.049155,22,1685,32,130.602248,0,0,8303.883377,0.279152,30.069423
213,17:04:50.164392,1191.848385,11.841264,0.040960,23,1684,32,156.731972,0,0,8304.115989,0.232613,30.302036
214,17:04:50.238014,1191.922362,11.915241,0.073977,23,1672,32,86.780400,0,0,8304.536106,0.420116,30.722152
215,17:04:50.288377,1191.971531,11.964410,0.049169,23,1671,32,130.565517,0,0,8304.815336,0.279230,31.001383
216,17:04:50.397088,1192.020430,12.013309,0.048899,23,1671,32,131.285513,41.999430994,-93.632897141,8305.093035,0.277699,31.279082
217,17:04:50.430518,1192.114705,12.107584,0.094275,23,1679,32,68.096030,0,0,8305.628424,0.535389,31.814470
218,17:04:50.478848,1192.160512,12.153391,0.045807,23,1673,32,140.148214,0,0,8305.888562,0.260138,32.074608
219,17:04:50.549509,1192.197099,12.189978,0.036587,23,1672,32,175.465414,0,0,8306.096340,0.207778,32.282386
220,17:04:50.636526,1192.307171,12.300050,0.110072,23,1671,32,58.323271,0,0,8306.721440,0.625100,32.907486
221,17:04:50.700136,1192.384998,12.377877,0.077827,23,1671,32,82.487252,0,0,8307.163421,0.441982,33.349468
222,17:04:50.741964,1192.425958,12.418837,0.040960,22,1672,32,156.732884,0,0,8307.396033,0.232611,33.582079
223,17:04:50.784918,1192.454933,12.447812,0.028975,22,1670,32,221.561722,0,0,8307.560582,0.164549,33.746629
224,17:04:50.810496,1192.491509,12.484388,0.036576,23,1664,32,175.518027,0,0,8307.768298,0.207716,33.954344
225,17:04:50.838550,1192.524284,12.517163,0.032775,23,1662,32,195.873920,0,0,8307.954427,0.186129,34.140473
226,17:04:50.938768,1192.589812,12.582691,0.065528,23,1658,32,97.969387,0,0,8308.326562,0.372135,34.512609
227,17:04:50.976570,1192.651260,12.644139,0.061448,23,1656,32,104.474805,0,0,8308.675525,0.348963,34.861572
228,17:04:51.009167,1192.692218,12.685097,0.040958,23,1664,32,156.739271,0,0,8308.908127,0.232602,35.094174
229,17:04:51.097447,1192.782343,12.775222,0.090125,22,1663,34,77.396068,0,0,8309.444982,0.536855,35.631029
230,17:04:51.152002,1192.835629,12.828508,0.053286,22,1661,34,128.006943,0,0,8309.766508,0.321526,35.952554
231,17:04:51.206165,1192.892941,12.885820,0.057312,22,1657,34,119.014975,0,0,8310.112326,0.345818,36.298372
232,17:04:51.237006,1192.917514,12.910393,0.024573,22,1655,34,277.579592,0,0,8310.260598,0.148273,36.446645
233,17:04:51.290493,1192.967292,12.960171,0.049778,22,1652,34,137.028200,0,0,8310.560956,0.300358,36.747003
234,17:04:51.368627,1193.015827,13.008706,0.048535,22,1648,34,140.537878,0,0,8310.853813,0.292857,37.039860
235,17:04:51.397033,1193.085468,13.078347,0.069641,22,1628,34,97.944839,41.999344648,-93.63288084,8311.274024,0.420211,37.460071
236,17:04:51.441789,1193.114289,13.107168,0.028821,22,1618,34,236.667349,0,0,8311.447929,0.173904,37.633975
237,17:04:51.529140,1193.204264,13.197143,0.089975,22,1602,36,81.984474,0,0,8312.015826,0.567897,38.201872
238,17:04:51.604268,1193.290528,13.283407,0.086264,22,1591,36,83.722191,0,0,8312.566958,0.551132,38.753004
239,17:04:51.637293,1193.323050,13.315929,0.032522,21,1582,36,222.072148,0,0,8312.774737,0.207779,38.960783
240,17:04:51.677122,1193.359916,13.352795,0.036866,21,1576,36,195.904956,0,0,8313.010269,0.235532,39.196316
241,17:04:51.713109,1193.384742,13.377621,0.024826,21,1570,36,290.913064,0,0,8313.168880,0.158611,39.354927
242,17:04:51.743597,1193.425455,13.418334,0.040713,21,1566,36,177.393203,0,0,8313.428992,0.260111,39.615038
243,17:04:51.774939,1193.458228,13.451107,0.032773,21,1557,36,220.372588,0,0,8313.638373,0.209382,39.824420
244,17:04:51.814881,1193.499192,13.492071,0.040964,21,1551,36,176.306022,0,0,8313.900088,0.261715,40.086135
245,17:04:51.863113,1193.540150,13.533029,0.040958,21,1544,36,176.332706,0,0,8314.161764,0.261676,40.347810
246,17:04:51.892988,1193.577012,13.569891,0.036862,21,1535,36,195.925229,0,0,8314.397272,0.235508,40.583319
247,17:04:51.925875,1193.609797,13.602676,0.032785,21,1530,36,220.290856,0,0,8314.606731,0.209459,40.792778
248,17:04:51.992264,1193.679556,13.672435,0.069759,21,1522,36,103.531206,0,0,8315.052413,0.445682,41.238460
249,17:04:52.027769,1193.712202,13.705081,0.032646,21,1514,36,221.227182,0,0,8315.260986,0.208573,41.447033
250,17:04:52.075103,1193.753183,13.746062,0.040981,21,1510,36,176.234222,0,0,8315.522808,0.261822,41.708854
251,17:04:52.111032,1193.798239,13.791118,0.045056,20,1498,36,160.293977,0,0,8315.810666,0.287858,41.996713
252,17:04:52.145614,1193.822795,13.815674,0.024556,20,1492,36,294.113263,0,0,8315.967551,0.156885,42.153598
253,17:04:52.180319,1193.864110,13.856989,0.041315,20,1482,36,174.808386,0,0,8316.231509,0.263957,42.417555
254,17:04:52.214811,1193.896528,13.889407,0.032418,19,1467,36,222.784237,0,0,8316.438624,0.207115,42.624670
255,17:04:52.252744,1193.933390,13.926269,0.036862,19,1456,36,195.926496,0,0,8316.674131,0.235507,42.860177
256,17:04:52.281139,1193.966653,13.959532,0.033263,18,1444,36,217.125008,0,0,8316.886644,0.212513,43.072690
257,17:04:52.326740,1194.003043,13.995922,0.036390,19,1427,36,198.466862,0,0,8317.119136,0.232492,43.305182
258,17:04:52.372693,1194.048084,14.040963,0.045041,19,1399,36,160.347432,0,0,8317.406899,0.287762,43.592945
259,17:04:52.423569,1194.109533,14.102412,0.061449,18,1364,36,117.531876,41.999255234,-93.63286894,8317.799490,0.392591,43.985536
260,17:04:52.490143,1194.175065,14.167944,0.065532,19,1343,36,110.209144,0,0,8318.218166,0.418676,44.404213
261,17:04:52.527867,1194.211939,14.204818,0.036874,19,1329,36,195.861889,0,0,8318.453750,0.235584,44.639797
262,17:04:52.581500,1194.252914,14.245793,0.040975,19,1320,36,176.259859,0,0,8318.715534,0.261784,44.901581
263,17:04:52.629735,1194.314510,14.307389,0.061596,19,1312,36,117.251639,0,0,8319.109064,0.393529,45.295110
264,17:04:52.700976,1194.371746,14.364625,0.057236,19,1310,36,126.182781,0,0,8319.474739,0.365676,45.660786
265,17:04:52.731711,1194.416765,14.409644,0.045019,20,1312,36,160.426408,0,0,8319.762360,0.287621,45.948407
266,17:04:52.785605,1194.470003,14.462882,0.053238,20,1316,36,135.659374,0,0,8320.102491,0.340131,46.288538
267,17:04:52.816964,1194.502792,14.495671,0.032789,20,1320,36,220.263625,0,0,8320.311977,0.209485,46.498023
268,17:04:52.843992,1194.527482,14.520361,0.024690,20,1322,36,292.514297,0,0,8320.469719,0.157743,46.655766
269,17:04:52.874429,1194.556021,14.548900,0.028539,20,1326,36,253.065518,0,0,8320.652051,0.182332,46.838098
270,17:04:52.926456,1194.605191,14.598070,0.049170,20,1330,35,141.233313,0,0,8320.959364,0.307313,47.145410
271,17:04:52.957863,1194.642049,14.634928,0.036858,19,1336,35,190.503808,0,0,8321.188305,0.228941,47.374351
272,17:04:53.013559,1194.695322,14.688201,0.053273,19,1341,35,131.804289,0,0,8321.519206,0.330901,47.705252
273,17:04:53.045377,1194.728061,14.720940,0.032739,19,1336,35,214.472685,0,0,8321.722561,0.203355,47.908607
274,17:04:53.083208,1194.769032,14.761911,0.040971,19,1334,35,171.379707,0,0,8321.977049,0.254488,48.163096
275,17:04:53.119867,1194.801804,14.794683,0.032772,19,1329,35,214.255803,0,0,8322.180610,0.203561,48.366657
276,17:04:53.151740,1194.830714,14.823593,0.028910,19,1322,35,242.878726,0,0,8322.360182,0.179572,48.546228
277,17:04:53.190690,1194.871432,14.864311,0.040718,19,1320,35,172.444407,0,0,8322.613099,0.252917,48.799145
278,17:04:53.249053,1194.924830,14.917709,0.053398,19,1322,35,131.495915,0,0,8322.944776,0.331677,49.130822
279,17:04:53.343398,1195.014810,15.007689,0.089980,19,1324,35,78.035065,0,0,8323.503680,0.558904,49.689726
280,17:04:53.406734,1195.081062,15.073941,0.066252,19,1328,35,105.983301,41.999165056,-93.632861987,8323.915199,0.411519,50.101245
281,17:04:53.453713,1195.137689,15.130568,0.056627,19,1328,35,123.997919,0,0,8324.266932,0.351733,50.452978
282,17:04:53.488907,1195.174795,15.167674,0.037106,19,1326,35,189.230796,0,0,8324.497413,0.230481,50.683459
283,17:04:53.524216,1195.207365,15.200244,0.032570,18,1321,35,215.584227,0,0,8324.699720,0.202307,50.885766
284,17:04:53.569862,1195.252616,15.245495,0.045251,18,1320,35,155.170529,0,0,8324.980792,0.281072,51.166838
285,17:04:53.623266,1195.305669,15.298548,0.053053,18,1312,35,132.350410,0,0,8325.310327,0.329535,51.496374
286,17:04:53.679478,1195.354803,15.347682,0.049134,18,1302,35,142.907206,0,0,8325.615519,0.305192,51.801566
287,17:04:53.715702,1195.400432,15.393311,0.045629,18,1292,35,153.885421,0,0,8325.898939,0.283420,52.084985
288,17:04:53.757904,1195.432641,15.425520,0.032209,18,1290,35,218.000264,0,0,8326.099003,0.200065,52.285050
289,17:04:53.802066,1195.485875,15.478754,0.053234,18,1282,35,131.901100,0,0,8326.429661,0.330658,52.615708
290,17:04:53.859613,1195.530934,15.523813,0.045059,18,1282,35,155.830647,0,0,8326.709543,0.279882,52.895589
291,17:04:53.908137,1195.588279,15.581158,0.057345,18,1276,35,122.445122,0,0,8327.065736,0.356193,53.251783
292,17:04:53.970309,1195.649739,15.642618,0.061460,18,1275,35,114.246711,0,0,8327.447490,0.381754,53.633537
293,17:04:54.014905,1195.698892,15.691771,0.049153,18,1270,35,142.852445,0,0,8327.752799,0.305309,53.938846
294,17:04:54.046211,1195.731909,15.724788,0.033017,18,1266,35,212.665331,0,0,8327.957883,0.205083,54.143929
295,17:04:54.092008,1195.776707,15.769586,0.044798,18,1262,35,156.739610,0,0,8328.236141,0.278259,54.422188
296,17:04:54.147165,1195.825863,15.818742,0.049156,18,1262,35,142.843437,0,0,8328.541469,0.305328,54.727516
297,17:04:54.190808,1195.866828,15.859707,0.040965,18,1259,35,171.404643,0,0,8328.795921,0.254451,54.981967
298,17:04:54.280320,1195.944677,15.937556,0.077849,18,1260,35,90.195288,0,0,8329.279473,0.483552,55.465519
299,17:04:54.332314,1196.018397,16.011276,0.073720,18,1254,35,95.246667,0,0,8329.737380,0.457907,55.923427
300,17:04:54.371263,1196.055263,16.048142,0.036866,18,1251,35,190.463151,0,0,8329.966370,0.228990,56.152417
301,17:04:54.420110,1196.104680,16.097559,0.049417,18,1250,35,142.088800,41.999075319,-93.632861794,8330.273320,0.306950,56.459366
302,17:04:54.464360,1196.149470,16.142349,0.044790,18,1246,35,156.767142,0,0,8330.551530,0.278210,56.737576
303,17:04:54.503176,1196.186614,16.179493,0.037144,18,1246,35,189.037670,0,0,8330.782246,0.230717,56.968293
304,17:04:54.552736,1196.227546,16.220425,0.040932,18,1245,35,171.543419,0,0,8331.036492,0.254245,57.222538
305,17:04:54.607993,1196.276455,16.269334,0.048909,18,1244,35,143.564830,0,0,8331.340286,0.303794,57.526332
306,17:04:54.651653,1196.329681,16.322560,0.053226,18,1245,35,131.920597,0,0,8331.670895,0.330609,57.856941
307,17:04:54.686184,1196.370657,16.363536,0.040976,18,1241,35,171.358766,0,0,8331.925414,0.254519,58.111461
308,17:04:54.718507,1196.400273,16.393152,0.029616,18,1244,35,237.087287,0,0,8332.109372,0.183958,58.295419
309,17:04:54.763181,1196.440556,16.433435,0.040283,18,1241,35,174.307055,0,0,8332.359587,0.250214,58.545633
310,17:04:54.810857,1196.497663,16.490542,0.057107,18,1241,35,122.955302,0,0,8332.714302,0.354715,58.900348
311,17:04:54.846907,1196.530424,16.523303,0.032761,18,1239,35,214.329088,0,0,8332.917794,0.203491,59.103840
312,17:04:54.898117,1196.575495,16.568374,0.045071,18,1238,35,155.789431,0,0,8333.197749,0.279956,59.383796
313,17:04:54.957671,1196.620805,16.613684,0.045310,18,1236,35,154.968037,0,0,8333.479189,0.281440,59.665235
314,17:04:54.989367,1196.669703,16.662582,0.048898,18,1236,35,143.597030,0,0,8333.782915,0.303726,59.968961
315,17:04:55.040436,1196.714772,16.707651,0.045069,18,1236,35,155.796849,0,0,8334.062857,0.279942,60.248903
316,17:04:55.071753,1196.759820,16.752699,0.045048,18,1234,35,155.869410,0,0,8334.342669,0.279812,60.528715
317,17:04:55.120716,1196.800796,16.793675,0.040976,18,1236,35,171.358766,0,0,8334.597188,0.254519,60.783235
318,17:04:55.158151,1196.841764,16.834643,0.040968,18,1234,35,171.392672,0,0,8334.851658,0.254469,61.037704
319,17:04:55.192126,1196.870954,16.863833,0.029190,18,1235,35,240.547779,0,0,8335.032969,0.181312,61.219016
320,17:04:55.227008,1196.911900,16.904779,0.040946,18,1233,35,171.484486,0,0,8335.287302,0.254333,61.473349
321,17:04:55.334248,1197.017900,17.010779,0.106000,18,1229,34,63.621043,0,0,8335.930990,0.643688,62.117036
322,17:04:55.367141,1197.054775,17.047654,0.036875,18,1230,34,184.975889,0,0,8336.153492,0.222502,62.339538
323,17:04:55.412825,1197.087528,17.080407,0.032753,18,1230,34,208.255414,41.998987122,-93.632867941,8336.351122,0.197630,62.537168
324,17:04:55.464249,1197.140823,17.133702,0.053295,18,1226,34,127.985755,0,0,8336.672701,0.321579,62.858747
325,17:04:55.494800,1197.181759,17.174638,0.040936,18,1223,34,166.625679,0,0,8336.919706,0.247006,63.105753
326,17:04:55.529901,1197.210418,17.203297,0.028659,18,1222,34,238.004208,0,0,8337.092634,0.172928,63.278681
327,17:04:55.567131,1197.247518,17.240397,0.037100,18,1223,34,183.853735,0,0,8337.316494,0.223860,63.502541
328,17:04:55.593957,1197.280067,17.272946,0.032549,18,1223,34,209.561206,0,0,8337.512893,0.196398,63.698939
329,17:04:55.624364,1197.308745,17.301624,0.028678,18,1221,34,237.847892,0,0,8337.685934,0.173041,63.871980
330,17:04:55.699140,1197.374284,17.367163,0.065539,18,1221,34,104.075054,0,0,8338.081394,0.395460,64.267440
331,17:04:55.728913,1197.411128,17.404007,0.036844,18,1220,34,185.131496,0,0,8338.303709,0.222315,64.489755
332,17:04:55.765469,1197.443899,17.436778,0.032771,18,1220,34,208.141780,0,0,8338.501447,0.197738,64.687493
333,17:04:55.825211,1197.505345,17.498224,0.061446,18,1220,34,111.007926,0,0,8338.872208,0.370762,65.058255
334,17:04:55.976381,1197.628593,17.621472,0.123248,18,1220,34,55.343552,0,0,8339.615881,0.743673,65.801928
335,17:04:56.016118,1197.697885,17.690764,0.069292,18,1219,34,98.438217,0,0,8340.033986,0.418105,66.220033
336,17:04:56.054466,1197.734758,17.727637,0.036873,18,1219,34,184.986653,0,0,8340.256475,0.222489,66.442522
337,17:04:56.104098,1197.787993,17.780872,0.053235,18,1217,34,128.129628,0,0,8340.577693,0.321218,66.763739
338,17:04:56.138741,1197.821489,17.814368,0.033496,18,1216,34,203.635027,0,0,8340.779807,0.202114,66.965853
339,17:04:56.216861,1197.849434,17.842313,0.027945,18,1215,34,244.087876,0,0,8340.948425,0.168618,67.134471
340,17:04:56.268113,1197.951847,17.944726,0.102413,18,1214,34,66.602637,0,0,8341.566381,0.617956,67.752427
341,17:04:56.368878,1197.988701,17.981580,0.036854,18,1211,34,185.082392,0,0,8341.788755,0.222374,67.974801
342,17:04:56.405001,1198.078826,18.071705,0.090125,18,1209,34,75.683565,41.998900464,-93.632877334,8342.332565,0.543810,68.518611
343,17:04:56.434214,1198.119805,18.112684,0.040979,18,1208,34,166.450211,0,0,8342.579831,0.247266,68.765877
344,17:04:56.463446,1198.144722,18.137601,0.024917,18,1208,34,273.749589,41.9989005,-93.632877333,8342.730178,0.150347,68.916225
345,17:04:56.491785,1198.181232,18.174111,0.036510,18,1205,34,186.825237,0,0,8342.950478,0.220299,69.136524
346,17:04:56.520317,1198.205807,18.198686,0.024575,18,1205,34,277.558048,0,0,8343.098762,0.148284,69.284809
347,17:04:56.573902,1198.255023,18.247902,0.049216,18,1204,34,138.592799,0,0,8343.395729,0.296967,69.581776
348,17:04:56.612006,1198.296056,18.288935,0.041033,18,1204,34,166.231637,0,0,8343.643320,0.247591,69.829367
349,17:04:56.647915,1198.333085,18.325964,0.037029,18,1204,34,184.206501,0,0,8343.866752,0.223431,70.052798
350,17:04:56.856877,1198.448285,18.441164,0.115200,18,1204,34,59.209940,0,0,8344.561863,0.695111,70.747910
351,17:04:56.947450,1198.628723,18.621602,0.180438,18,1197,34,37.802431,0,0,8345.650616,1.088753,71.836662
352,17:04:56.979672,1198.668690,18.661569,0.039967,18,1197,34,170.665234,0,0,8345.891775,0.241159,72.077822
353,17:04:57.007111,1198.689167,18.682046,0.020477,18,1196,34,333.103913,0,0,8346.015333,0.123558,72.201379
354,17:04:57.036958,1198.721933,18.714812,0.032766,18,1197,34,208.173585,0,0,8346.213040,0.197708,72.399087
355,17:04:57.071772,1198.755015,18.747894,0.033082,18,1196,34,206.184207,0,0,8346.412656,0.199615,72.598702
356,17:04:57.110750,1198.795883,18.788762,0.040868,18,1192,34,166.902719,0,0,8346.659251,0.246596,72.845298
357,17:04:57.144166,1198.824344,18.817223,0.028461,18,1190,34,239.661030,0,0,8346.830983,0.171732,73.017030
358,17:04:57.183690,1198.861343,18.854222,0.036999,18,1192,34,184.356064,0,0,8347.054234,0.223250,73.240280
359,17:04:57.211480,1198.894238,18.887117,0.032895,18,1191,34,207.355810,0,0,8347.252721,0.198487,73.438767
360,17:04:57.247992,1198.930845,18.923724,0.036607,18,1190,34,186.330008,0,0,8347.473606,0.220885,73.659652
361,17:04:57.282832,1198.967709,18.960588,0.036864,18,1190,34,185.030920,0,0,8347.696042,0.222436,73.882088
362,17:04:57.318376,1199.000494,18.993373,0.032785,18,1188,34,208.052475,0,0,8347.893864,0.197823,74.079911
363,17:04:57.357012,1199.041445,19.034324,0.040951,18,1189,34,166.564562,0,0,8348.140961,0.247096,74.327007
364,17:04:57.406492,1199.086669,19.079548,0.045224,18,1188,34,150.826884,41.99881606,-93.632890652,8348.413840,0.272879,74.599886
365,17:04:57.450162,1199.131810,19.124689,0.045141,18,1186,34,151.104105,0,0,8348.686218,0.272378,74.872265
366,17:04:57.476418,1199.160491,19.153370,0.028681,18,1188,34,237.822188,41.998816,-93.632890667,8348.859278,0.173060,75.045325
367,17:04:57.496900,1199.180718,19.173597,0.020227,18,1186,34,337.222657,0,0,8348.981327,0.122048,75.167373
368,17:04:57.527983,1199.213500,19.206379,0.032782,18,1185,34,208.070632,0,0,8349.179132,0.197805,75.365179
369,17:04:57.558352,1199.242794,19.235673,0.029294,18,1186,34,232.845784,0,0,8349.355891,0.176759,75.541937
370,17:04:57.598875,1199.279268,19.272147,0.036474,18,1185,34,187.009640,0,0,8349.575973,0.220082,75.762020
371,17:04:57.633435,1199.315893,19.308772,0.036625,18,1183,33,178.654641,0,0,8349.791879,0.215906,75.977926
372,17:04:57.683383,1199.357381,19.350260,0.041488,18,1182,33,159.573399,0,0,8350.034852,0.242973,76.220899
373,17:04:57.714359,1199.397818,19.390697,0.040437,18,1180,33,163.719715,0,0,8350.271672,0.236820,76.457719
374,17:04:57.755238,1199.438801,19.431680,0.040983,18,1179,33,161.539579,0,0,8350.511688,0.240016,76.697735
375,17:04:57.783181,1199.471936,19.464815,0.033135,18,1180,33,199.800299,0,0,8350.705742,0.194054,76.891789
376,17:04:57.842997,1199.512683,19.505562,0.040747,18,1176,33,162.475328,0,0,8350.944376,0.238634,77.130422
377,17:04:57.881858,1199.565789,19.558668,0.053106,18,1176,33,124.663159,0,0,8351.255391,0.311015,77.441437
378,17:04:57.932684,1199.616353,19.609232,0.050564,18,1174,33,130.930380,0,0,8351.551518,0.296127,77.737565
379,17:04:57.963110,1199.647691,19.640570,0.031338,18,1176,33,211.257111,0,0,8351.735048,0.183530,77.921095
380,17:04:58.012477,1199.697091,19.689970,0.049400,18,1175,33,134.015347,0,0,8352.024359,0.289311,78.210406
381,17:04:58.039791,1199.725543,19.718422,0.028452,18,1174,33,232.686247,0,0,8352.190987,0.166628,78.377034
382,17:04:58.074356,1199.754567,19.747446,0.029024,18,1175,33,228.100759,0,0,8352.360965,0.169978,78.547012
383,17:04:58.114364,1199.803500,19.796379,0.048933,18,1173,33,135.294513,0,0,8352.647541,0.286575,78.833587
384,17:04:58.148117,1199.832030,19.824909,0.028530,18,1173,33,232.048452,0,0,8352.814627,0.167086,79.000673
385,17:04:58.188862,1199.873007,19.865886,0.040977,18,1176,33,161.563076,0,0,8353.054608,0.239981,79.240654
386,17:04:58.343114,1199.983599,19.976478,0.110592,18,1171,33,59.863074,0,0,8353.702287,0.647679,79.888334
387,17:04:58.417101,1200.098419,20.091298,0.114820,18,1171,33,57.658685,41.998733367,-93.632909339,8354.374728,0.672441,80.560775
388,17:04:58.451211,1200.135161,20.128040,0.036742,18,1166,33,180.185494,41.998733333,-93.632909333,8354.589907,0.215179,80.775953
389,17:04:58.482546,1200.172021,20.164900,0.036860,18,1166,33,179.608582,0,0,8354.805777,0.215870,80.991823
390,17:04:58.519027,1200.200701,20.193580,0.028680,18,1166,33,230.835094,0,0,8354.973741,0.167964,81.159788
391,17:04:58.555354,1200.237553,20.230432,0.036852,18,1167,33,179.648090,0,0,8355.189564,0.215822,81.375610
392,17:04:58.595486,1200.278665,20.271544,0.041112,18,1172,33,161.031831,0,0,8355.430336,0.240773,81.616383
393,17:04:58.636404,1200.315400,20.308279,0.036735,18,1180,33,180.220578,0,0,8355.645473,0.215137,81.831520
394,17:04:58.666504,1200.348159,20.341038,0.032759,18,1182,33,202.092007,0,0,8355.837327,0.191854,82.023373
395,17:04:58.699701,1200.389141,20.382020,0.040982,18,1182,33,161.543338,0,0,8356.077337,0.240010,82.263384
396,17:04:58.734297,1200.418276,20.411155,0.029135,18,1179,33,227.230922,0,0,8356.247966,0.170629,82.434012
397,17:04:58.783145,1200.459320,20.452199,0.041044,18,1175,33,161.299359,0,0,8356.488339,0.240373,82.674385
398,17:04:58.876219,1200.565268,20.558147,0.105948,18,1163,33,62.486995,0,0,8357.108821,0.620482,83.294868
399,17:04:58.899303,1200.581659,20.574538,0.016391,18,1158,33,403.901816,0,0,8357.204815,0.095994,83.390862
400,17:04:58.932802,1200.614412,20.607291,0.032753,18,1152,33,202.130255,0,0,8357.396632,0.191817,83.582679
401,17:04:58.983960,1200.667834,20.660713,0.053422,18,1149,33,123.925977,0,0,8357.709497,0.312865,83.895544
402,17:04:59.023457,1200.704539,20.697418,0.036705,18,1147,33,180.366906,0,0,8357.924460,0.214962,84.110506
403,17:04:59.066617,1200.749597,20.742476,0.045058,18,1142,33,146.929926,0,0,8358.188341,0.263881,84.374387
404,17:04:59.103002,1200.786456,20.779335,0.036859,18,1139,33,179.614390,0,0,8358.404204,0.215863,84.590250
405,17:04:59.132074,1200.815143,20.808022,0.028687,18,1140,33,230.779458,0,0,8358.572209,0.168005,84.758255
406,17:04:59.189233,1200.872484,20.865363,0.057341,18,1134,33,115.455938,0,0,8358.908026,0.335817,85.094072
407,17:04:59.270638,1200.954508,20.947387,0.082024,18,1134,33,80.712505,0,0,8359.388398,0.480373,85.574445
408,17:04:59.500250,1201.142841,21.135720,0.188333,18,1131,33,35.152465,41.998652821,-93.632931108,8360.491367,1.102969,86.677414
409,17:04:59.532233,1201.216704,21.209583,0.073863,18,1126,33,89.630655,0,0,8360.923943,0.432576,87.109990
410,17:04:59.578344,1201.253438,21.246317,0.036734,18,1126,33,180.224087,41.998652833,-93.632931167,8361.139076,0.215133,87.325122
411,17:04:59.619035,1201.302709,21.295588,0.049271,18,1120,33,134.366180,0,0,8361.427631,0.288555,87.613678
412,17:04:59.650607,1201.327168,21.320047,0.024459,18,1121,33,270.673431,0,0,8361.570874,0.143243,87.756921
413,17:04:59.680152,1201.356425,21.349304,0.029257,18,1117,33,226.282838,0,0,8361.742218,0.171343,87.928264
414,17:04:59.707355,1201.396818,21.389697,0.040393,18,1116,33,163.899457,0,0,8361.978778,0.236560,88.164824
415,17:04:59.739752,1201.413186,21.406065,0.016368,18,1115,33,404.466606,0,0,8362.074638,0.095860,88.260684
416,17:04:59.804672,1201.454171,21.447050,0.040985,18,1116,33,161.532061,0,0,8362.314665,0.240027,88.500711
417,17:04:59.832406,1201.515770,21.508649,0.061599,18,1110,33,107.475261,0,0,8362.675418,0.360753,88.861465
418,17:04:59.868567,1201.552459,21.545338,0.036689,18,1112,33,180.445436,0,0,8362.890287,0.214869,89.076333
419,17:04:59.903155,1201.589328,21.582207,0.036869,18,1109,33,179.564446,0,0,8363.106210,0.215923,89.292256
420,17:04:59.939668,1201.622106,21.614985,0.032778,18,1111,33,201.975880,0,0,8363.298174,0.191964,89.484220
421,17:04:59.982988,1201.667164,21.660043,0.045058,18,1112,32,140.765034,0,0,8363.555797,0.257623,89.741844
422,17:05:00.027986,1201.712440,21.705319,0.045276,18,1111,32,141.791755,0,0,8363.812920,0.257123,89.998966
423,17:05:00.061689,1201.744988,21.737867,0.032548,18,1112,32,197.239855,0,0,8363.997760,0.184840,90.183806
424,17:05:00.129329,1201.814870,21.807749,0.069882,18,1113,32,91.865728,0,0,8364.394620,0.396860,90.580667
425,17:05:00.164107,1201.847401,21.840280,0.032531,18,1111,32,197.342490,0,0,8364.579364,0.184744,90.765411
426,17:05:00.198743,1201.880863,21.873742,0.033462,18,1110,32,191.851771,0,0,8364.769396,0.190031,90.955442
427,17:05:00.229371,1201.912937,21.905816,0.032074,18,1105,32,200.154585,0,0,8364.951544,0.182148,91.137590
428,17:05:00.264374,1201.949811,21.942690,0.036874,18,1104,32,174.099457,0,0,8365.160952,0.209408,91.346999
429,17:05:00.283079,1201.971230,21.964109,0.021419,18,1103,32,299.721677,0,0,8365.282591,0.121639,91.468638
430,17:05:00.425241,1202.109696,22.102575,0.138466,18,1096,32,46.363429,41.998574567,-93.632955175,8366.068941,0.786349,92.254987
431,17:05:00.508885,1202.171008,22.163887,0.061312,18,1091,32,104.706375,0,0,8366.417132,0.348191,92.603179
432,17:05:00.604059,1202.281861,22.274740,0.110853,18,1086,32,57.912206,0,0,8367.046669,0.629537,93.232715
433,17:05:00.629252,1202.314638,22.307517,0.032777,18,1088,32,195.862522,0,0,8367.232809,0.186140,93.418855
434,17:05:00.660853,1202.343055,22.335934,0.028417,18,1086,32,225.911537,0,0,8367.394190,0.161381,93.580236
435,17:05:00.721497,1202.404509,22.397388,0.061454,18,1086,32,104.464267,0,0,8367.743188,0.348998,93.929235
436,17:05:00.755391,1202.437266,22.430145,0.032757,18,1083,32,195.982270,0,0,8367.929215,0.186026,94.115261
437,17:05:00.782459,1202.465967,22.458846,0.028701,18,1083,32,223.676461,0,0,8368.092208,0.162994,94.278255
438,17:05:00.879256,1202.564258,22.557137,0.098291,18,1080,32,65.313637,0,0,8368.650405,0.558197,94.836451
439,17:05:00.905879,1202.589066,22.581945,0.024808,18,1072,32,258.778265,0,0,8368.791290,0.140885,94.977336
440,17:05:00.944687,1202.617743,22.610622,0.028677,18,1070,31,214.177848,0,0,8368.950164,0.158874,95.136210
441,17:05:01.005591,1202.691228,22.684107,0.073485,18,1066,31,84.631482,0,0,8369.354444,0.404280,95.540490
442,17:05:01.075629,1202.760866,22.753745,0.069638,18,1055,31,89.306622,0,0,8369.737561,0.383117,95.923607
443,17:05:01.106853,1202.790315,22.783194,0.029449,18,1048,31,211.183359,0,0,8369.899575,0.162015,96.085622
444,17:05:01.161608,1202.838703,22.831582,0.048388,18,1044,31,128.526396,0,0,8370.165784,0.266209,96.351831
445,17:05:01.205948,1202.887864,22.880743,0.049161,18,1041,31,126.505588,0,0,8370.436245,0.270461,96.622292
446,17:05:01.270605,1202.929052,22.921931,0.041188,18,1035,31,150.993871,0,0,8370.662843,0.226598,96.848889
447,17:05:01.334033,1202.994937,22.987816,0.065885,18,1031,31,94.393708,0,0,8371.025312,0.362470,97.211359
448,17:05:01.399195,1203.047616,23.040495,0.052679,18,1022,31,118.057072,41.99850092,-93.632981836,8371.315128,0.289816,97.501175
449,17:05:01.462854,1203.113152,23.106031,0.065536,18,1017,30,90.657898,0,0,8371.666576,0.351447,97.852622
450,17:05:01.499870,1203.178686,23.171565,0.065534,18,1010,30,91.838280,0,0,8372.015483,0.348907,98.201529
451,17:05:01.533138,1203.219659,23.212538,0.040973,18,1006,30,146.889198,0,0,8372.233627,0.218144,98.419673
452,17:05:01.601513,1203.260633,23.253512,0.040974,18,998,30,146.886634,0,0,8372.451775,0.218148,98.637822
453,17:05:01.637255,1203.326389,23.319268,0.065756,18,988,30,91.527936,0,0,8372.801865,0.350090,98.987912
454,17:05:01.667530,1203.354823,23.347702,0.028434,18,983,30,211.667754,0,0,8372.953249,0.151384,99.139295
455,17:05:01.724827,1203.399885,23.392764,0.045062,18,975,30,133.560646,0,0,8373.193163,0.239914,99.379209
456,17:05:01.778686,1203.444944,23.437823,0.045059,18,968,30,133.569833,0,0,8373.433060,0.239897,99.619106
457,17:05:01.814075,1203.498192,23.491071,0.053248,18,961,30,113.027713,0,0,8373.716557,0.283497,99.902604
458,17:05:01.860441,1203.535059,23.527938,0.036867,18,955,29,155.715295,0,0,8373.907719,0.191162,100.093765
459,17:05:01.892748,1203.580372,23.573251,0.045313,18,952,29,128.393305,0,0,8374.140928,0.233209,100.326974
460,17:05:01.943755,1203.629283,23.622162,0.048911,18,952,29,118.949078,0,0,8374.392653,0.251725,100.578699
461,17:05:01.991834,1203.678682,23.671561,0.049399,18,948,29,117.773336,0,0,8374.646890,0.254238,100.832937
462,17:05:02.049399,1203.711689,23.704568,0.033007,18,946,29,176.263148,0,0,8374.816764,0.169874,101.002810
463,17:05:02.119238,1203.801691,23.794570,0.090002,18,940,29,64.641868,0,0,8375.279969,0.463205,101.466015
464,17:05:02.156910,1203.834095,23.826974,0.032404,18,934,29,179.542987,0,0,8375.446739,0.166770,101.632786
465,17:05:02.224019,1203.907818,23.900697,0.073723,18,923,29,78.915604,0,0,8375.826163,0.379424,102.012209
466,17:05:02.272274,1203.944685,23.937564,0.036867,18,919,29,157.808243,0,0,8376.015902,0.189739,102.201949
467,17:05:02.327551,1204.010239,24.003118,0.065554,18,912,28,84.512487,0,0,8376.344178,0.328275,102.530224
468,17:05:02.365542,1204.047094,24.039973,0.036855,18,902,28,152.415863,0,0,8376.527315,0.183137,102.713361
469,17:05:02.435439,1204.088064,24.080943,0.040970,18,898,28,137.106957,41.998436047,-93.633008475,8376.730901,0.203586,102.916947
470,17:05:02.503480,1204.187252,24.180131,0.099188,18,884,28,56.632646,0,0,8377.223780,0.492879,103.409826
471,17:05:02.552333,1204.219380,24.212259,0.032128,18,882,28,174.841537,0,0,8377.383428,0.159648,103.569474
472,17:05:02.594459,1204.276504,24.269383,0.057124,18,880,28,98.334682,0,0,8377.667285,0.283858,103.853332
473,17:05:02.623346,1204.309260,24.302139,0.032756,18,876,28,171.489479,0,0,8377.830053,0.162768,104.016100
474,17:05:02.657804,1204.338287,24.331166,0.029027,18,879,28,193.519372,0,0,8377.974293,0.144239,104.160339
475,17:05:02.683371,1204.366821,24.359700,0.028534,18,876,28,196.861628,0,0,8378.116083,0.141790,104.302129
476,17:05:02.708798,1204.395256,24.388135,0.028435,18,876,28,197.548288,0,0,8378.257380,0.141297,104.443426
477,17:05:02.743744,1204.428317,24.421196,0.033061,18,875,28,169.906514,0,0,8378.421665,0.164285,104.607711
478,17:05:02.785745,1204.469016,24.461895,0.040699,18,875,28,138.020178,0,0,8378.623904,0.202239,104.809950
479,17:05:02.837738,1204.519137,24.512016,0.050121,18,873,26,100.990513,0,0,8378.859038,0.235135,105.045085
480,17:05:02.879383,1204.563223,24.556102,0.044086,18,870,26,118.315379,0,0,8379.062460,0.203421,105.248506
481,17:05:02.915356,1204.600092,24.592971,0.036869,18,869,26,141.475018,0,0,8379.232581,0.170121,105.418627
482,17:05:02.996868,1204.661544,24.654423,0.061452,18,863,26,84.879851,0,0,8379.516133,0.283552,105.702180
483,17:05:03.064088,1204.718888,24.711767,0.057344,18,855,26,90.960746,0,0,8379.780730,0.264596,105.966776
484,17:05:03.159140,1204.829487,24.822366,0.110599,18,851,26,47.161796,0,0,8380.291055,0.510326,106.477102
485,17:05:03.191942,1204.878879,24.871758,0.049392,18,844,26,105.605178,0,0,8380.518960,0.227904,106.705006
486,17:05:03.223001,1204.907311,24.900190,0.028432,18,841,26,183.457693,0,0,8380.650150,0.131190,106.836197
487,17:05:03.289270,1204.960567,24.953446,0.053256,18,839,24,87.511093,0,0,8380.881091,0.230941,107.067137
488,17:05:03.347487,1205.005637,24.998516,0.045070,18,839,24,106.829864,0,0,8381.073055,0.191965,107.259102
489,17:05:03.410916,1205.075523,25.068402,0.069886,18,839,24,68.895300,41.998377588,-93.633027108,8381.370718,0.297662,107.556764
490,17:05:03.467572,1205.148991,25.141870,0.073468,18,836,24,65.536244,0,0,8381.683637,0.312919,107.869683
491,17:05:03.506630,1205.181794,25.174673,0.032803,18,834,24,146.779447,0,0,8381.823354,0.139717,108.009400
492,17:05:03.544447,1205.226822,25.219701,0.045028,18,834,24,106.929419,0,0,8382.015139,0.191786,108.201186
493,17:05:03.603129,1205.284175,25.277054,0.057353,18,828,24,83.950502,0,0,8382.259421,0.244281,108.445467
494,17:05:03.645633,1205.329477,25.322356,0.045302,18,824,24,106.282252,0,0,8382.452374,0.192954,108.638421
495,17:05:03.712079,1205.394779,25.387658,0.065302,18,816,24,73.731625,0,0,8382.730512,0.278138,108.916558
496,17:05:03.760759,1205.444173,25.437052,0.049394,18,811,23,91.853768,0,0,8382.934034,0.203522,109.120081
497,17:05:03.800788,1205.484884,25.477763,0.040711,18,808,23,113.340520,0,0,8383.100208,0.166173,109.286254
498,17:05:03.846360,1205.529943,25.522822,0.045059,18,810,23,102.403539,0,0,8383.284129,0.183921,109.470175
499,17:05:03.928459,1205.611873,25.604752,0.081930,18,805,23,56.318832,0,0,8383.618550,0.334421,109.804596
500,17:05:03.983149,1205.661043,25.653922,0.049170,18,804,23,93.841690,0,0,8383.819251,0.200702,110.005298
501,17:05:04.013473,1205.693804,25.686683,0.032761,18,804,23,140.843804,0,0,8383.952975,0.133724,110.139022
502,17:05:04.061825,1205.742946,25.735825,0.049142,18,804,23,93.895414,0,0,8384.153562,0.200587,110.339609
503,17:05:04.120638,1205.796202,25.789081,0.053256,18,802,23,86.641778,0,0,8384.370942,0.217380,110.556988
504,17:05:04.201984,1205.845368,25.838247,0.049166,18,802,23,93.849426,0,0,8384.571627,0.200685,110.757674
505,17:05:04.272912,1205.955957,25.948836,0.110589,18,801,22,39.212025,0,0,8385.007669,0.436042,111.193715
506,17:05:04.370131,1205.996916,25.989795,0.040959,18,800,22,107.755740,0,0,8385.167586,0.159918,111.353633
507,17:05:04.414973,1206.095233,26.088112,0.098317,18,794,22,44.891366,41.998323028,-93.633022202,8385.551447,0.383861,111.737494
508,17:05:04.449219,1206.133397,26.126276,0.038164,18,793,22,115.647317,0,0,8385.700452,0.149005,111.886499
509,17:05:04.504748,1206.168974,26.161853,0.035577,18,790,22,124.057749,0,0,8385.839356,0.138903,112.025402
510,17:05:04.545757,1206.226406,26.219285,0.057432,18,788,22,76.848566,0,0,8386.063589,0.224234,112.249636
511,17:05:04.578009,1206.263177,26.256056,0.036771,18,790,22,120.029419,0,0,8386.207154,0.143565,112.393201
512,17:05:04.612505,1206.295955,26.288834,0.032778,18,788,22,134.650587,0,0,8386.335130,0.127976,112.521177
513,17:05:04.677586,1206.337908,26.330787,0.041953,18,788,22,105.202753,0,0,8386.498928,0.163798,112.684975
514,17:05:04.761615,1206.431129,26.424008,0.093221,18,791,20,41.385812,0,0,8386.836998,0.338070,113.023045
515,17:05:04.816189,1206.496678,26.489557,0.065549,18,790,20,61.211491,0,0,8387.069656,0.232658,113.255703
516,17:05:04.859382,1206.541754,26.534633,0.045076,18,794,20,89.012644,0,0,8387.229649,0.159992,113.415695
517,17:05:04.895877,1206.574748,26.567627,0.032994,18,794,20,121.608226,0,0,8387.346757,0.117108,113.532804
518,17:05:04.934123,1206.615462,26.608341,0.040714,18,795,20,98.549471,0,0,8387.491267,0.144510,113.677313
519,17:05:05.007768,1206.656859,26.649738,0.041397,18,795,20,96.923922,0,0,8387.638200,0.146933,113.824247
520,17:05:05.049543,1206.734261,26.727140,0.077402,18,798,20,51.837675,0,0,8387.912930,0.274730,114.098976
521,17:05:05.104443,1206.787503,26.780382,0.053242,18,795,20,75.360581,0,0,8388.101906,0.188976,114.287953
522,17:05:05.163644,1206.844859,26.837738,0.057356,18,796,20,69.955262,0,0,8388.305484,0.203578,114.491530
523,17:05:05.201903,1206.885820,26.878699,0.040961,18,798,20,97.955202,0,0,8388.450870,0.145386,114.636917
524,17:05:05.257874,1206.943164,26.936043,0.057344,18,798,20,69.969805,0,0,8388.654406,0.203536,114.840453
525,17:05:05.329810,1207.008709,27.001588,0.065545,18,802,20,61.215053,0,0,8388.887051,0.232645,115.073097
526,17:05:05.453719,1207.140026,27.132905,0.131317,18,812,20,30.554623,41.998277055,-93.632991497,8389.353145,0.466095,115.539192
527,17:05:05.493784,1207.176675,27.169554,0.036649,18,819,20,109.480393,0,0,8389.483227,0.130081,115.669273
528,17:05:05.535750,1207.217676,27.210555,0.041001,18,817,20,97.860078,0,0,8389.628754,0.145528,115.814801
529,17:05:05.573761,1207.250395,27.243274,0.032719,18,818,20,122.629943,0,0,8389.744887,0.116133,115.930934
530,17:05:05.646763,1207.299539,27.292418,0.049144,18,820,20,81.644621,0,0,8389.919318,0.174431,116.105365
531,17:05:05.695046,1207.377369,27.370248,0.077830,18,816,19,47.983755,0,0,8390.184756,0.265438,116.370803
532,17:05:05.727618,1207.410255,27.403134,0.032886,18,814,19,115.907228,0,0,8390.295645,0.110889,116.481692
533,17:05:05.772737,1207.455204,27.448083,0.044949,18,814,19,84.801080,0,0,8390.447209,0.151564,116.633256
534,17:05:05.817917,1207.500370,27.493249,0.045166,18,808,19,84.393727,0,0,8390.599505,0.152296,116.785552
535,17:05:05.860317,1207.537127,27.530006,0.036757,18,804,19,103.700770,0,0,8390.723447,0.123941,116.909493
536,17:05:05.883789,1207.569891,27.562770,0.032764,18,804,19,116.339070,0,0,8390.833924,0.110477,117.019970
537,17:05:05.913239,1207.594478,27.587357,0.024587,18,802,19,155.030765,0,0,8390.916829,0.082905,117.102875
538,17:05:05.945951,1207.631335,27.624214,0.036857,18,801,19,103.419029,0,0,8391.041108,0.124279,117.227154
539,17:05:05.974476,1207.656817,27.649696,0.025482,18,799,19,149.585491,0,0,8391.127031,0.085923,117.313077
540,17:05:06.005976,1207.688681,27.681560,0.031864,18,798,19,119.625189,0,0,8391.234473,0.107442,117.420520
541,17:05:06.062065,1207.721452,27.714331,0.032771,18,797,19,116.313678,0,0,8391.344975,0.110501,117.531021
542,17:05:06.096874,1207.784155,27.777034,0.062703,18,799,18,56.360247,0,0,8391.547695,0.202720,117.733741
543,17:05:06.131486,1207.815669,27.808548,0.031514,18,798,18,114.586910,0,0,8391.648365,0.100670,117.834411
544,17:05:06.164881,1207.852533,27.845412,0.036864,18,800,18,97.957546,0,0,8391.766125,0.117760,117.952172
545,17:05:06.214949,1207.893746,27.886625,0.041213,18,801,18,87.621112,0,0,8391.897777,0.131652,118.083823
546,17:05:06.275636,1207.959047,27.951926,0.065301,18,800,18,55.299324,0,0,8392.106378,0.208601,118.292424
547,17:05:06.320306,1208.000720,27.993599,0.041673,18,801,18,86.653610,0,0,8392.239500,0.133122,118.425546
548,17:05:06.362718,1208.049394,28.042273,0.048674,18,802,18,74.189935,0,0,8392.394986,0.155486,118.581032
549,17:05:06.407331,1208.090453,28.083332,0.041059,18,798,18,87.949283,41.998245411,-93.632944595,8392.526147,0.131161,118.712193
550,17:05:06.459396,1208.123140,28.116019,0.032687,18,794,18,110.474820,0,0,8392.630564,0.104417,118.816611
551,17:05:06.510263,1208.180950,28.173829,0.057810,18,790,18,62.465348,0,0,8392.815234,0.184670,119.001281
552,17:05:06.549373,1208.229389,28.222268,0.048439,18,785,18,74.549623,0,0,8392.969970,0.154736,119.156017
553,17:05:06.609774,1208.295462,28.288341,0.066073,18,778,18,54.653404,0,0,8393.181036,0.211066,119.367083
554,17:05:06.679712,1208.323617,28.316496,0.028155,18,777,18,128.257850,0,0,8393.270976,0.089940,119.457023
555,17:05:06.717740,1208.401433,28.394312,0.077816,18,788,18,46.405761,0,0,8393.519555,0.248579,119.705602
556,17:05:06.757417,1208.442396,28.435275,0.040963,18,800,18,88.155577,0,0,8393.650409,0.130854,119.836456
557,17:05:06.782757,1208.471196,28.464075,0.028800,18,820,18,125.385756,0,0,8393.742409,0.092000,119.928456
558,17:05:06.871758,1208.540709,28.533588,0.069513,18,835,18,51.948655,0,0,8393.964465,0.222056,120.150511
559,17:05:06.907471,1208.590324,28.583203,0.049615,18,879,18,72.782786,0,0,8394.122957,0.158492,120.309003
560,17:05:06.996792,1208.651317,28.644196,0.060993,18,898,18,59.205379,0,0,8394.317795,0.194839,120.503842
561,17:05:07.055624,1208.737333,28.730212,0.086016,18,934,18,41.981767,0,0,8394.592569,0.274774,120.778616
562,17:05:07.159532,1208.799200,28.792079,0.061867,18,963,18,58.368940,0,0,8394.790200,0.197631,120.976247
563,17:05:07.197039,1208.880946,28.873825,0.081746,18,1002,18,44.174848,0,0,8395.051333,0.261133,121.237379
564,17:05:07.243146,1208.926001,28.918880,0.045055,18,1018,18,80.148685,0,0,8395.195259,0.143926,121.381305
565,17:05:07.297549,1208.979017,28.971896,0.053016,18,1030,18,68.113677,0,0,8395.364615,0.169356,121.550662
566,17:05:07.330442,1209.015879,29.008758,0.036862,18,1048,18,97.963248,0,0,8395.482369,0.117753,121.668415
567,17:05:07.426851,1209.060948,29.053827,0.045069,18,1058,18,80.124094,41.998223746,-93.632894689,8395.626339,0.143970,121.812385
568,17:05:07.523139,1209.187923,29.180802,0.126975,18,1088,17,26.251875,0,0,8396.014318,0.387979,122.200365
569,17:05:07.577888,1209.253655,29.246534,0.065732,18,1112,17,51.884831,0,0,8396.212630,0.198312,122.398677
570,17:05:07.637601,1209.314905,29.307784,0.061250,18,1124,17,55.681558,0,0,8396.397420,0.184790,122.583466
571,17:05:07.690531,1209.372252,29.365131,0.057347,18,1131,17,59.471120,0,0,8396.570434,0.173015,122.756481
572,17:05:07.718002,1209.405023,29.397902,0.032771,18,1138,17,104.070133,0,0,8396.669304,0.098870,122.855351
573,17:05:07.786688,1209.462375,29.455254,0.057352,18,1148,17,59.466175,0,0,8396.842333,0.173029,123.028380
574,17:05:07.846963,1209.532096,29.524975,0.069721,18,1153,17,48.916318,0,0,8397.052680,0.210346,123.238726
575,17:05:07.921904,1209.573208,29.566087,0.041112,18,1159,17,82.955792,0,0,8397.176714,0.124034,123.362761
576,17:05:07.953879,1209.638882,29.631761,0.065674,18,1162,17,51.930791,0,0,8397.374850,0.198136,123.560897
577,17:05:07.991683,1209.675390,29.668269,0.036508,18,1165,16,85.808834,0,0,8397.479924,0.105073,123.665970
578,17:05:08.031464,1209.717041,29.709920,0.041651,18,1166,16,77.065994,0,0,8397.598192,0.118268,123.784239
579,17:05:08.079414,1209.761408,29.754287,0.044367,18,1170,16,72.348167,0,0,8397.724173,0.125981,123.910219
580,17:05:08.113745,1209.794178,29.787057,0.032770,18,1166,16,97.951923,0,0,8397.817223,0.093050,124.003270
581,17:05:08.161622,1209.831346,29.824225,0.037168,18,1168,16,86.361233,0,0,8397.922762,0.105539,124.108808
582,17:05:08.202691,1209.884417,29.877296,0.053071,18,1166,16,60.482659,0,0,8398.073457,0.150695,124.259504
583,17:05:08.237178,1209.921365,29.914244,0.036948,18,1163,16,86.875596,0,0,8398.178371,0.104914,124.364418
584,17:05:08.278947,1209.954170,29.947049,0.032805,18,1163,16,97.847275,0,0,8398.271521,0.093150,124.457568
585,17:05:08.331628,1210.003085,29.995964,0.048915,18,1161,16,65.621639,0,0,8398.410416,0.138894,124.596462
586,17:05:08.393814,1210.060713,30.053592,0.057628,18,1159,16,55.699797,41.998205473,-93.632848318,8398.574051,0.163636,124.760097
587,17:05:08.441360,1210.105495,30.098374,0.044782,18,1156,16,71.677952,0,0,8398.701210,0.127159,124.887256
588,17:05:08.489310,1210.171024,30.163903,0.065529,18,1155,15,44.744982,0,0,8398.878179,0.176969,125.064225
589,17:05:08.527688,1210.208135,30.201014,0.037111,18,1152,15,81.088492,0,0,8398.976969,0.098790,125.163015
590,17:05:08.629352,1210.265250,30.258129,0.057115,18,1152,15,52.687650,0,0,8399.129011,0.152042,125.315058
591,17:05:08.716041,1210.400429,30.393308,0.135179,18,1161,15,22.261285,0,0,8399.488863,0.359852,125.674909
592,17:05:08.746598,1210.429090,30.421969,0.028661,19,1165,15,104.994869,0,0,8399.565160,0.076297,125.751206
593,17:05:08.784125,1210.462096,30.454975,0.033006,19,1169,15,91.173228,0,0,8399.653023,0.087863,125.839069
594,17:05:08.891757,1210.560212,30.553091,0.098116,19,1175,15,30.670448,0,0,8399.914211,0.261188,126.100257
595,17:05:08.952746,1210.629812,30.622691,0.069600,19,1202,15,43.236418,0,0,8400.099489,0.185278,126.285535
596,17:05:09.005870,1210.691259,30.684138,0.061447,19,1222,15,48.973325,0,0,8400.263063,0.163574,126.449109
597,17:05:09.060766,1210.716571,30.709450,0.025312,19,1231,15,118.885795,0,0,8400.330445,0.067382,126.516491
598,17:05:09.095374,1210.777284,30.770163,0.060713,19,1252,15,49.565471,0,0,8400.492065,0.161620,126.678111
599,17:05:09.151962,1210.834635,30.827514,0.057351,19,1269,15,52.470809,0,0,8400.644735,0.152671,126.830782
600,17:05:09.180736,1210.867477,30.860356,0.032842,19,1280,15,91.628601,0,0,8400.732162,0.087426,126.918208
601,17:05:09.266214,1210.917031,30.909910,0.049554,19,1295,15,60.726735,0,0,8400.864077,0.131915,127.050123
602,17:05:09.325249,1211.010777,31.003656,0.093746,19,1329,15,32.100153,0,0,8401.113632,0.249555,127.299678
603,17:05:09.383831,1211.043791,31.036670,0.033014,19,1347,15,91.150841,41.998186246,-93.632810092,8401.201517,0.087885,127.387563
604,17:05:09.430771,1211.100878,31.093757,0.057087,19,1357,14,47.847744,0,0,8401.345555,0.144039,127.531602
605,17:05:09.480290,1211.154139,31.147018,0.053261,19,1354,14,52.733516,0,0,8401.477886,0.132331,127.663933
606,17:05:09.524276,1211.207385,31.200264,0.053246,19,1347,14,52.748391,0,0,8401.610179,0.132293,127.796226
607,17:05:09.574822,1211.244248,31.237127,0.036863,19,1334,14,76.191666,0,0,8401.701768,0.091588,127.887814
608,17:05:09.604228,1211.289305,31.282184,0.045057,19,1321,14,62.335227,0,0,8401.813715,0.111947,127.999761
609,17:05:09.675515,1211.317983,31.310862,0.028678,19,1316,14,97.937367,0,0,8401.884967,0.071252,128.071014
610,17:05:09.715752,1211.391841,31.384720,0.073858,19,1302,14,38.027581,0,0,8402.068473,0.183505,128.254519
611,17:05:09.759198,1211.445692,31.438571,0.053851,19,1298,14,52.155676,0,0,8402.202269,0.133797,128.388316
612,17:05:09.794145,1211.477978,31.470857,0.032286,19,1297,14,86.992758,0,0,8402.282486,0.080217,128.468532
613,17:05:09.866561,1211.535346,31.528225,0.057368,19,1297,14,48.958305,0,0,8402.425021,0.142535,128.611067
614,17:05:09.944345,1211.580288,31.573167,0.044942,18,1293,14,62.494951,0,0,8402.536682,0.111661,128.722728
615,17:05:10.012734,1211.670275,31.663154,0.089987,18,1288,14,31.211628,0,0,8402.760261,0.223579,128.946307
616,17:05:10.058533,1211.731946,31.724825,0.061671,18,1278,14,45.542332,0,0,8402.913487,0.153226,129.099533
617,17:05:10.101102,1211.776785,31.769664,0.044839,18,1272,14,62.638505,0,0,8403.024892,0.111405,129.210938
618,17:05:10.131926,1211.817742,31.810621,0.040957,18,1266,14,68.575427,0,0,8403.126652,0.101760,129.312699
619,17:05:10.222759,1211.891467,31.884346,0.073725,18,1258,14,38.096079,0,0,8403.309828,0.183175,129.495874
620,17:05:10.256352,1211.936532,31.929411,0.045065,19,1257,14,62.324344,0,0,8403.421795,0.111967,129.607841
621,17:05:10.284194,1211.969297,31.962176,0.032765,18,1253,14,85.721030,0,0,8403.503201,0.081407,129.689248
622,17:05:10.337947,1212.018420,32.011299,0.049123,19,1252,13,51.520910,0,0,8403.618428,0.115227,129.804475
623,17:05:10.384730,1212.051318,32.044197,0.032898,19,1251,13,79.276209,41.9981634,-93.632782321,8403.694327,0.075899,129.880373
624,17:05:10.440799,1212.124945,32.117824,0.073627,19,1252,13,35.422126,0,0,8403.864192,0.169865,130.050238
625,17:05:10.541648,1212.219329,32.212208,0.094384,19,1255,13,27.632077,0,0,8404.081945,0.217753,130.267991
626,17:05:10.591691,1212.272414,32.265293,0.053085,20,1259,13,49.129139,0,0,8404.204417,0.122473,130.390464
627,17:05:10.667131,1212.354864,32.347743,0.082450,20,1266,13,31.631625,0,0,8404.394637,0.190220,130.580684
628,17:05:10.703996,1212.378924,32.371803,0.024060,20,1268,13,108.396655,0,0,8404.450146,0.055509,130.636193
629,17:05:10.752283,1212.432177,32.425056,0.053253,20,1272,13,48.974071,0,0,8404.573007,0.122860,130.759053
630,17:05:10.781936,1212.464938,32.457817,0.032761,20,1277,13,79.607947,0,0,8404.648589,0.075583,130.834636
631,17:05:10.811867,1212.497709,32.490588,0.032771,20,1281,12,71.106742,0,0,8404.719644,0.071055,130.905690
632,17:05:10.865865,1212.550964,32.543843,0.053255,20,1288,12,45.205418,0,0,8404.833057,0.113413,131.019103
633,17:05:10.895762,1212.579650,32.572529,0.028686,20,1290,12,83.922593,0,0,8404.894148,0.061091,131.080194
634,17:05:10.928863,1212.608558,32.601437,0.028908,20,1294,12,83.278200,0,0,8404.955711,0.061563,131.141757
635,17:05:11.012809,1212.686217,32.679096,0.077659,20,1304,12,30.999670,0,0,8405.121096,0.165385,131.307142
636,17:05:11.084736,1212.764108,32.756987,0.077891,20,1317,12,30.907439,0,0,8405.286975,0.165879,131.473021
637,17:05:11.138126,1212.821565,32.814444,0.057457,20,1330,12,41.899310,0,0,8405.409337,0.122362,131.595383
638,17:05:11.165819,1212.849989,32.842868,0.028424,20,1333,12,84.696219,0,0,8405.469869,0.060533,131.655916
639,17:05:11.263663,1212.919641,32.912520,0.069652,20,1344,12,34.563324,0,0,8405.618203,0.148333,131.804249
640,17:05:11.331977,1212.993487,32.986366,0.073846,20,1352,12,32.600437,0,0,8405.775467,0.157264,131.961513
641,17:05:11.383813,1213.071312,33.064191,0.077825,20,1360,12,30.933572,0,0,8405.941206,0.165739,132.127252
642,17:05:11.420737,1213.108065,33.100944,0.036753,20,1366,12,65.502446,41.998136696,-93.632764273,8406.019476,0.078270,132.205522
643,17:05:11.458922,1213.132653,33.125532,0.024588,20,1370,12,97.909420,41.998136667,-93.632764333,8406.071839,0.052364,132.257886
644,17:05:11.486659,1213.173637,33.166516,0.040984,20,1376,12,58.740298,0,0,8406.159120,0.087281,132.345166
645,17:05:11.522787,1213.206366,33.199245,0.032729,20,1376,12,73.555454,0,0,8406.228821,0.069701,132.414867
646,17:05:11.563761,1213.239777,33.232656,0.033411,20,1380,12,72.054280,0,0,8406.299974,0.071153,132.486020
647,17:05:11.598862,1213.284199,33.277078,0.044422,20,1384,12,54.194143,0,0,8406.394576,0.094602,132.580623
648,17:05:11.623657,1213.312886,33.305765,0.028687,20,1380,12,83.919803,0,0,8406.455669,0.061093,132.641715
649,17:05:11.668972,1213.358172,33.351051,0.045286,20,1380,12,53.160151,0,0,8406.552111,0.096442,132.738157
650,17:05:11.702564,1213.382766,33.375645,0.024594,20,1380,12,97.885692,0,0,8406.604487,0.052376,132.790534
651,17:05:11.739261,1213.423482,33.416361,0.040716,20,1380,12,59.126913,0,0,8406.691197,0.086710,132.877244
652,17:05:11.774392,1213.460340,33.453219,0.036858,20,1383,12,65.315591,0,0,8406.769691,0.078494,132.955738
653,17:05:11.814744,1213.497446,33.490325,0.037106,20,1386,12,64.879130,0,0,8406.848713,0.079022,133.034760
654,17:05:11.853987,1213.538171,33.531050,0.040725,20,1388,12,59.113759,0,0,8406.935443,0.086729,133.121489
655,17:05:11.900879,1213.571113,33.563992,0.032942,20,1385,12,73.080587,0,0,8407.005596,0.070154,133.191643
656,17:05:11.949684,1213.625053,33.617932,0.053940,20,1389,12,44.631161,0,0,8407.120469,0.114872,133.306515
657,17:05:11.978199,1213.661951,33.654830,0.036898,20,1385,12,65.244689,0,0,8407.199048,0.078579,133.385095
658,17:05:12.010321,1213.689750,33.682629,0.027799,20,1384,12,86.600843,0,0,8407.258249,0.059201,133.444296
659,17:05:12.050469,1213.730697,33.723576,0.040947,20,1382,12,58.793312,0,0,8407.345451,0.087202,133.531498
660,17:05:12.078192,1213.767567,33.760446,0.036870,20,1380,12,65.294473,0,0,8407.423971,0.078519,133.610017
661,17:05:12.154665,1213.830290,33.823169,0.062723,19,1381,12,38.381475,0,0,8407.557548,0.133577,133.743594
662,17:05:12.201664,1213.878655,33.871534,0.048365,19,1380,12,49.775943,0,0,8407.660547,0.102999,133.846594
663,17:05:12.225289,1213.910932,33.903811,0.032277,19,1376,12,74.585600,0,0,8407.729285,0.068738,133.915332
664,17:05:12.255369,1213.939599,33.932478,0.028667,19,1374,12,83.978430,0,0,8407.790335,0.061050,133.976382
665,17:05:12.287140,1213.972368,33.965247,0.032769,19,1378,12,73.466081,0,0,8407.860121,0.069786,134.046168
666,17:05:12.318006,1214.001292,33.994171,0.028924,20,1375,12,83.232208,0,0,8407.921719,0.061597,134.107765
667,17:05:12.344863,1214.033815,34.026694,0.032523,20,1375,12,74.021879,0,0,8407.990980,0.069262,134.177027
668,17:05:12.379596,1214.054293,34.047172,0.020478,20,1376,12,117.560612,0,0,8408.034591,0.043611,134.220637
669,17:05:12.418782,1214.103448,34.096327,0.049155,20,1373,12,48.975843,41.998106761,-93.632757426,8408.139273,0.104682,134.325319
670,17:05:12.450118,1214.128035,34.120914,0.024587,20,1369,12,97.913218,41.998106833,-93.632757333,8408.191634,0.052362,134.377681
671,17:05:12.485316,1214.168995,34.161874,0.040960,20,1355,12,58.774832,0,0,8408.278864,0.087229,134.464910
672,17:05:12.514267,1214.197673,34.190552,0.028678,20,1333,12,83.945617,0,0,8408.339938,0.061074,134.525984
673,17:05:12.551868,1214.234532,34.227411,0.036859,20,1316,12,65.314324,0,0,8408.418433,0.078496,134.604480
674,17:05:12.586400,1214.271664,34.264543,0.037132,20,1289,12,64.833723,0,0,8408.497511,0.079077,134.683557
675,17:05:12.612189,1214.300519,34.293398,0.028855,19,1263,12,83.430958,0,0,8408.558961,0.061451,134.745008
676,17:05:12.649055,1214.328752,34.321631,0.028233,19,1245,12,85.269119,0,0,8408.619087,0.060126,134.805134
677,17:05:12.708871,1214.382000,34.374879,0.053248,20,1219,14,55.644661,0,0,8408.747277,0.128189,134.933323
678,17:05:12.748460,1214.427054,34.419933,0.045054,19,1185,14,62.339516,0,0,8408.859216,0.111940,135.045263
679,17:05:12.775670,1214.463926,34.456805,0.036872,20,1166,14,76.172452,0,0,8408.950828,0.091611,135.136874
680,17:05:12.807147,1214.492812,34.485691,0.028886,20,1149,14,97.232479,0,0,8409.022596,0.071769,135.208643
681,17:05:12.840109,1214.521268,34.514147,0.028456,20,1134,14,98.701317,0,0,8409.093297,0.070701,135.279344
682,17:05:12.866533,1214.554051,34.546930,0.032783,20,1118,14,85.673650,0,0,8409.174749,0.081452,135.360795
683,17:05:12.899860,1214.582954,34.575833,0.028903,20,1109,14,97.174731,0,0,8409.246560,0.071811,135.432607
684,17:05:12.952089,1214.619588,34.612467,0.036634,20,1097,14,76.667697,0,0,8409.337580,0.091020,135.523626
685,17:05:12.981610,1214.664656,34.657535,0.045068,20,1086,14,62.320058,0,0,8409.449555,0.111975,135.635601
686,17:05:13.011313,1214.689349,34.682228,0.024693,19,1083,14,113.742380,0,0,8409.510906,0.061351,135.696952
687,17:05:13.046902,1214.730214,34.723093,0.040865,19,1080,14,68.729862,0,0,8409.612438,0.101532,135.798484
688,17:05:13.077645,1214.758864,34.751743,0.028650,19,1077,14,98.032723,0,0,8409.683621,0.071183,135.869667
689,17:05:13.194006,1214.791646,34.784525,0.032782,19,1078,14,85.676143,0,0,8409.765070,0.081449,135.951116
690,17:05:13.275242,1214.947279,34.940158,0.155633,19,1081,14,18.046574,0,0,8410.151751,0.386681,136.337797
691,17:05:13.324054,1215.000747,34.993626,0.053468,19,1083,14,52.529411,0,0,8410.284596,0.132845,136.470642
692,17:05:13.369305,1215.041520,35.034399,0.040773,19,1086,14,68.884993,0,0,8410.385899,0.101303,136.571945
693,17:05:13.410127,1215.082933,35.075812,0.041413,19,1090,14,67.820185,41.99807436,-93.632762021,8410.488792,0.102894,136.674839
694,17:05:13.463816,1215.127516,35.120395,0.044583,19,1092,14,62.997932,0,0,8410.599562,0.110770,136.785608
695,17:05:13.538110,1215.193056,35.185935,0.065540,19,1096,14,42.853967,0,0,8410.762400,0.162838,136.948447
696,17:05:13.597789,1215.270892,35.263771,0.077836,18,1098,14,36.084083,0,0,8410.955789,0.193389,137.141835
697,17:05:13.677797,1215.356918,35.349797,0.086026,18,1102,13,29.419694,0,0,8411.157579,0.201790,137.343625
698,17:05:13.788603,1215.455217,35.448096,0.098299,18,1096,13,26.531606,0,0,8411.384364,0.226785,137.570410
699,17:05:13.982462,1215.537279,35.530158,0.082062,18,1073,13,31.781147,0,0,8411.573689,0.189325,137.759735
700,17:05:14.123891,1215.778826,35.771705,0.241547,18,988,13,10.797168,0,0,8412.130962,0.557273,138.317008
701,17:05:14.202158,1215.881232,35.874111,0.102406,18,957,13,25.467493,0,0,8412.367223,0.236261,138.553269
702,17:05:14.329896,1215.992248,35.985127,0.111016,18,936,13,23.492324,0,0,8412.623348,0.256125,138.809394
703,17:05:14.398794,1216.069829,36.062708,0.077581,18,902,13,33.616827,41.998040005,-93.632774639,8412.802335,0.178987,138.988381
704,17:05:14.501105,1216.143401,36.136280,0.073572,18,890,13,35.448642,41.99804,-93.632774667,8412.972072,0.169738,139.158119
705,17:05:14.658661,1216.315453,36.308332,0.172052,18,882,15,18.387334,0,0,8413.416806,0.444734,139.602852
706,17:05:14.720601,1216.380977,36.373856,0.065524,18,882,15,45.926158,0,0,8413.591233,0.174427,139.777279
707,17:05:14.782617,1216.458807,36.451686,0.077830,18,884,15,38.664478,0,0,8413.798419,0.207187,139.984466
708,17:05:14.816644,1216.495672,36.488551,0.036865,18,888,15,81.629176,0,0,8413.896555,0.098136,140.082602
709,17:05:14.849228,1216.536663,36.529542,0.040991,18,888,15,73.412561,0,0,8414.005675,0.109120,140.191722
710,17:05:14.982797,1216.639055,36.631934,0.102392,18,886,15,29.389606,0,0,8414.278246,0.272571,140.464293
711,17:05:15.015546,1216.697114,36.689993,0.058059,18,890,15,51.831076,0,0,8414.432802,0.154555,140.618848
712,17:05:15.053381,1216.737397,36.730276,0.040283,18,890,15,74.703024,0,0,8414.540036,0.107235,140.726083
713,17:05:15.103274,1216.790682,36.783561,0.053285,18,891,15,56.474662,0,0,8414.681883,0.141847,140.867930
714,17:05:15.138212,1216.827466,36.820345,0.036784,18,892,15,81.809066,0,0,8414.779803,0.097920,140.965850
715,17:05:15.179157,1216.847963,36.840842,0.020497,18,890,15,146.814020,0,0,8414.834367,0.054564,141.020414
716,17:05:15.294524,1216.966761,36.959640,0.118798,18,890,15,25.330939,0,0,8415.150611,0.316244,141.336658
717,17:05:15.337290,1217.020002,37.012881,0.053241,18,889,15,56.521449,0,0,8415.292341,0.141730,141.478387
718,17:05:15.376688,1217.056863,37.049742,0.036861,18,890,15,81.637624,41.998004702,-93.632791991,8415.390467,0.098126,141.576513
719,17:05:15.405339,1217.089643,37.082522,0.032780,18,889,15,91.801876,0,0,8415.477728,0.087261,141.663775
720,17:05:15.437560,1217.122408,37.115287,0.032765,18,888,15,91.843961,0,0,8415.564950,0.087221,141.750996
721,17:05:15.461549,1217.146986,37.139865,0.024578,18,888,15,122.436638,0,0,8415.630377,0.065428,141.816424
722,17:05:15.497123,1217.180003,37.172882,0.033017,18,888,15,91.142943,0,0,8415.718270,0.087892,141.904316
723,17:05:15.535273,1217.220953,37.213832,0.040950,18,891,15,73.486077,0,0,8415.827280,0.109011,142.013327
724,17:05:15.558543,1217.241198,37.234077,0.020245,18,892,15,148.641545,0,0,8415.881173,0.053893,142.067220
725,17:05:15.590075,1217.273962,37.266841,0.032764,18,894,15,91.846634,0,0,8415.968392,0.087219,142.154439
726,17:05:15.626316,1217.311429,37.304308,0.037467,18,894,15,80.317587,0,0,8416.068131,0.099739,142.254177
727,17:05:15.660735,1217.347716,37.340595,0.036287,18,900,15,82.929245,0,0,8416.164728,0.096598,142.350775
728,17:05:15.700320,1217.384568,37.377447,0.036852,18,901,15,81.658223,0,0,8416.262829,0.098101,142.448876
729,17:05:15.764744,1217.454205,37.447084,0.069637,18,908,15,43.213474,0,0,8416.448206,0.185376,142.634252
730,17:05:15.796869,1217.478795,37.471674,0.024590,19,912,15,122.377282,0,0,8416.513665,0.065460,142.699712
731,17:05:15.855371,1217.536128,37.529007,0.057333,19,918,15,52.487392,0,0,8416.666288,0.152623,142.852334
732,17:05:15.887365,1217.568914,37.561793,0.032786,19,925,15,91.785187,0,0,8416.753565,0.087277,142.939612
733,17:05:15.924208,1217.606031,37.598910,0.037117,19,934,15,81.074950,0,0,8416.852372,0.098807,143.038419
734,17:05:15.960535,1217.642651,37.635530,0.036620,19,938,15,82.174979,0,0,8416.949856,0.097484,143.135903
735,17:05:15.984006,1217.667218,37.660097,0.024567,20,944,15,122.492485,0,0,8417.015254,0.065398,143.201301
736,17:05:16.027491,1217.704211,37.697090,0.036993,20,950,15,81.346662,0,0,8417.113731,0.098477,143.299777
737,17:05:16.064264,1217.753234,37.746113,0.049023,20,964,15,61.384750,0,0,8417.244232,0.130501,143.430278
738,17:05:16.091613,1217.769618,37.762497,0.016384,20,972,15,183.669211,0,0,8417.287847,0.043615,143.473893
739,17:05:16.172866,1217.806490,37.799369,0.036872,20,981,15,81.613870,0,0,8417.386001,0.098154,143.572048
740,17:05:16.265868,1217.945775,37.938654,0.139285,19,1040,15,21.605035,0,0,8417.756783,0.370782,143.942830
741,17:05:16.310988,1217.995079,37.987958,0.049304,19,1057,15,61.034779,0,0,8417.888033,0.131249,144.074079
742,17:05:16.352819,1218.035879,38.028758,0.040800,19,1072,15,73.756614,0,0,8417.996643,0.108611,144.182690
743,17:05:16.408974,1218.097574,38.090453,0.061695,19,1094,15,48.776310,41.997970082,-93.632812498,8418.160878,0.164235,144.346924
744,17:05:16.521167,1218.175299,38.168178,0.077725,19,1109,17,45.864495,0,0,8418.389375,0.228497,144.575421
745,17:05:16.568782,1218.252974,38.245853,0.077675,19,1134,17,43.907168,0,0,8418.623719,0.234344,144.809765
746,17:05:16.607904,1218.281900,38.274779,0.028926,19,1140,17,117.904519,0,0,8418.710987,0.087269,144.897034
747,17:05:16.647578,1218.330814,38.323693,0.048914,19,1144,17,69.724351,0,0,8418.858560,0.147572,145.044606
748,17:05:16.672340,1218.355399,38.348278,0.024585,19,1148,17,138.722499,0,0,8418.932732,0.074172,145.118778
749,17:05:16.708180,1218.388152,38.381031,0.032753,19,1148,17,104.127707,0,0,8419.031547,0.098815,145.217593
750,17:05:16.737909,1218.420924,38.413803,0.032772,19,1149,17,104.067104,0,0,8419.130419,0.098873,145.316466
751,17:05:16.774449,1218.462129,38.455008,0.041205,18,1149,17,82.769074,0,0,8419.254734,0.124314,145.440780
752,17:05:16.812184,1218.498772,38.491651,0.036643,18,1148,17,93.073471,0,0,8419.365285,0.110551,145.551331
753,17:05:16.843516,1218.523435,38.516314,0.024663,18,1148,17,138.283979,0,0,8419.439692,0.074408,145.625739
754,17:05:16.876028,1218.556103,38.548982,0.032668,18,1141,17,104.398248,0,0,8419.538251,0.098559,145.724298
755,17:05:16.912182,1218.592969,38.585848,0.036866,18,1132,17,92.510673,0,0,8419.649475,0.111224,145.835521
756,17:05:16.948863,1218.629891,38.622770,0.036922,18,1124,16,84.846918,0,0,8419.755740,0.106265,145.941786
757,17:05:16.986559,1218.670802,38.663681,0.040911,18,1108,16,78.460066,0,0,8419.871906,0.116167,146.057953
758,17:05:17.015353,1218.699482,38.692361,0.028680,18,1097,16,111.920045,0,0,8419.953344,0.081437,146.139390
759,17:05:17.043944,1218.728390,38.721269,0.028908,18,1086,16,111.037601,0,0,8420.035428,0.082084,146.221475
760,17:05:17.081695,1218.756821,38.749700,0.028431,18,1076,16,112.900829,0,0,8420.116158,0.080730,146.302205
761,17:05:17.120986,1218.801893,38.794772,0.045072,18,1057,16,71.216519,0,0,8420.244141,0.127982,146.430187
762,17:05:17.190739,1218.843084,38.835963,0.041191,18,1045,16,77.926456,0,0,8420.361103,0.116962,146.547149
763,17:05:17.228149,1218.917078,38.909957,0.073994,18,1009,16,43.380274,0,0,8420.571209,0.210106,146.757256
764,17:05:17.252329,1218.941159,38.934038,0.024081,18,994,16,133.295031,0,0,8420.639587,0.068378,146.825634
765,17:05:17.292764,1218.970072,38.962951,0.028913,18,986,16,111.018372,0,0,8420.721686,0.082099,146.907732
766,17:05:17.316187,1218.998504,38.991383,0.028432,18,972,16,112.897042,0,0,8420.802418,0.080733,146.988465
767,17:05:17.356866,1219.035383,39.028262,0.036879,18,962,16,87.037910,0,0,8420.907137,0.104718,147.093183
768,17:05:17.430741,1219.076326,39.069205,0.040943,18,946,16,78.398842,41.997934866,-93.632835745,8421.023394,0.116258,147.209441
769,17:05:17.944430,1219.625237,39.618116,0.548911,18,916,15,5.341664,0,0,8422.505793,1.482399,148.691840
770,17:05:18.890857,1220.100651,40.093530,0.475414,18,910,15,6.329765,41.997934833,-93.632835833,8423.771363,1.265570,149.957409
771,17:05:19.127971,1220.743778,40.736657,0.643127,18,920,17,5.542941,41.997899629,-93.632861604,8425.662037,1.890674,151.848084
772,17:05:19.400531,1221.063040,41.055919,0.319262,18,921,16,9.812367,0,0,8426.580901,0.918864,152.766947
773,17:05:19.600885,1221.206396,41.199275,0.143356,18,924,16,22.390933,41.997864025,-93.632888472,8426.987961,0.407060,153.174008
774,17:05:20.053043,1221.624463,41.617342,0.418067,18,930,16,7.677900,0,0,8428.175065,1.187104,154.361112
775,17:05:20.116109,1221.800368,41.793247,0.175905,18,931,16,18.247786,0,0,8428.674548,0.499483,154.860595
776,17:05:20.383733,1221.890720,41.883599,0.090352,18,920,16,35.526418,41.997827378,-93.632914842,8428.931103,0.256555,155.117149
777,17:05:20.609405,1222.291930,42.284809,0.401210,18,946,16,8.000488,0,0,8430.070341,1.139238,156.256388
778,17:05:21.288952,1222.722015,42.714894,0.430085,18,972,15,6.817488,0,0,8431.231836,1.161495,157.417883
779,17:05:21.437157,1223.050540,43.043419,0.328525,18,1026,17,10.850967,41.997790349,-93.632936628,8432.197639,0.965803,158.383686
780,17:05:21.621352,1223.184896,43.177775,0.134356,18,1034,17,25.384004,0,0,8432.602988,0.405349,158.789034
781,17:05:22.368856,1223.864877,43.857756,0.679981,18,1051,14,3.790048,41.997790333,-93.632936667,8434.371148,1.768160,160.557195
782,17:05:22.670824,1224.323662,44.316541,0.458785,18,1064,14,6.121912,41.997755379,-93.632949109,8435.511031,1.139883,161.697077
783,17:05:22.821886,1224.467029,44.459908,0.143367,18,1072,14,19.590568,0,0,8435.867236,0.356205,162.053283
784,17:05:22.989247,1224.655455,44.648334,0.188426,18,1075,14,14.905827,0,0,8436.335393,0.468157,162.521439
785,17:05:23.030328,1224.712820,44.705699,0.057365,18,1077,14,48.960746,0,0,8436.477921,0.142528,162.663967
786,17:05:23.071548,1224.758353,44.751232,0.045533,18,1072,13,55.583147,0,0,8436.584726,0.106806,162.770773
787,17:05:23.132532,1224.815216,44.808095,0.056863,18,1058,13,45.865000,0,0,8436.715915,0.131189,162.901961
788,17:05:23.214579,1224.868917,44.861796,0.053701,18,1048,13,48.565732,0,0,8436.839808,0.123893,163.025855
789,17:05:23.351648,1224.971253,44.964132,0.102336,18,1021,13,25.484937,0,0,8437.075907,0.236099,163.261954
790,17:05:23.423039,1225.106044,45.098923,0.134791,18,964,13,19.348637,41.997727028,-93.632954586,8437.386884,0.310976,163.572930
791,17:05:23.503778,1225.176239,45.169118,0.070195,18,950,13,37.154017,0,0,8437.548831,0.161947,163.734877
792,17:05:23.562687,1225.241356,45.234235,0.065117,18,916,11,31.519770,0,0,8437.680974,0.132143,163.867020
793,17:05:23.589646,1225.273992,45.266871,0.032636,18,901,11,67.617935,0,0,8437.744685,0.063711,163.930731
794,17:05:23.628865,1225.311036,45.303915,0.037044,18,884,11,59.572439,0,0,8437.817000,0.072315,164.003046
795,17:05:23.653107,1225.339544,45.332423,0.028508,18,867,11,77.408997,0,0,8437.872653,0.055653,164.058699
796,17:05:23.730373,1225.413276,45.406155,0.073732,18,841,11,29.929924,0,0,8438.016589,0.143937,164.202636
797,17:05:23.768658,1225.450136,45.443015,0.036860,18,817,11,59.869527,0,0,8438.088546,0.071957,164.274592
798,17:05:23.809540,1225.491099,45.483978,0.040963,18,799,11,53.872852,0,0,8438.168512,0.079966,164.354558
799,17:05:23.863741,1225.548446,45.541325,0.057347,18,780,11,38.481313,0,0,8438.280463,0.111951,164.466509
800,17:05:23.913068,1225.598062,45.590941,0.049616,19,756,11,44.477301,0,0,8438.377321,0.096859,164.563368
801,17:05:23.974805,1225.654948,45.647827,0.056886,18,739,11,38.793231,0,0,8438.488372,0.111051,164.674418
802,17:05:24.030378,1225.716401,45.709280,0.061453,18,722,9,26.869832,0,0,8438.591268,0.102896,164.777314
803,17:05:24.063644,1225.745069,45.737948,0.028668,18,713,9,62.981728,0,0,8438.637057,0.045789,164.823103
804,17:05:24.119238,1225.798316,45.791195,0.053247,18,709,9,33.909073,0,0,8438.722104,0.085047,164.908150
805,17:05:24.160413,1225.847718,45.840597,0.049402,18,704,9,36.548229,0,0,8438.801010,0.078906,164.987056
806,17:05:24.215747,1225.893058,45.885937,0.045340,18,697,9,39.822521,0,0,8438.873428,0.072418,165.059475
807,17:05:24.267793,1225.941931,45.934810,0.048873,18,692,9,36.943864,0,0,8438.951489,0.078061,165.137536
808,17:05:24.320371,1226.003129,45.996008,0.061198,18,690,9,29.503508,0,0,8439.049236,0.097747,165.235282
809,17:05:24.348131,1226.031913,46.024792,0.028784,18,690,9,62.727670,0,0,8439.095210,0.045975,165.281257
810,17:05:24.385757,1226.072797,46.065676,0.040884,18,684,9,44.162870,41.997708803,-93.632957121,8439.160511,0.065301,165.346558
811,17:05:24.429734,1226.113740,46.106619,0.040943,18,682,9,44.099349,0,0,8439.225906,0.065395,165.411953
812,17:05:24.495450,1226.154945,46.147824,0.041205,18,681,7,30.336176,0,0,8439.280274,0.054368,165.466320
813,17:05:24.536741,1226.220245,46.213124,0.065300,18,680,7,21.505685,0,0,8439.361395,0.081121,165.547441
814,17:05:24.576419,1226.257099,46.249978,0.036854,18,676,7,38.104952,0,0,8439.407178,0.045783,165.593225
815,17:05:24.616293,1226.302931,46.295810,0.045832,18,677,7,30.640517,0,0,8439.464115,0.056937,165.650161
816,17:05:24.646158,1226.335169,46.328048,0.032238,18,678,7,43.561037,0,0,8439.504163,0.040049,165.690210
817,17:05:24.704249,1226.388334,46.381213,0.053165,18,680,7,26.414409,0,0,8439.570209,0.066046,165.756256
818,17:05:24.737058,1226.417164,46.410043,0.028830,18,678,7,48.710319,0,0,8439.606025,0.035815,165.792071
819,17:05:24.835609,1226.494692,46.487571,0.077528,18,676,7,18.113727,0,0,8439.702336,0.096312,165.888383
820,17:05:24.886794,1226.572516,46.565395,0.077824,18,682,7,18.044860,0,0,8439.799016,0.096679,165.985062
821,17:05:24.933416,1226.609846,46.602725,0.037330,18,682,7,37.619188,0,0,8439.845390,0.046374,166.031436
822,17:05:24.969393,1226.646622,46.639501,0.036776,18,686,5,23.079288,0,0,8439.880861,0.035471,166.066907
823,17:05:25.024245,1226.707702,46.700581,0.061080,18,694,5,16.422508,0,0,8439.935060,0.054199,166.121106
824,17:05:25.071523,1226.736623,46.729502,0.028921,18,694,5,34.683517,0,0,8439.960723,0.025663,166.146769
825,17:05:25.109441,1226.793714,46.786593,0.057091,18,696,5,17.569958,0,0,8440.011382,0.050659,166.197429
826,17:05:25.156853,1226.839168,46.832047,0.045454,18,700,5,22.068154,0,0,8440.051716,0.040333,166.237762
827,17:05:25.206486,1226.892031,46.884910,0.052863,18,707,5,18.975250,0,0,8440.098623,0.046908,166.284670
828,17:05:25.267134,1226.937213,46.930092,0.045182,18,708,5,22.201024,0,0,8440.138715,0.040092,166.324762
829,17:05:25.316089,1226.998530,46.991409,0.061317,18,711,5,16.359035,0,0,8440.193125,0.054409,166.379171
830,17:05:25.347988,1227.032106,47.024985,0.033576,18,712,5,29.875091,0,0,8440.222918,0.029794,166.408965
831,17:05:25.418455,1227.076362,47.069241,0.044256,18,716,5,22.665561,41.997700496,-93.632957767,8440.262189,0.039270,166.448235
832,17:05:25.473957,1227.150087,47.142966,0.073725,18,719,4,9.838030,0,0,8440.317369,0.055180,166.503415
833,17:05:25.521512,1227.195162,47.188041,0.045075,18,724,4,17.802905,0,0,8440.349366,0.031998,166.535413
834,17:05:25.560411,1227.244545,47.237424,0.049383,18,730,4,16.249931,0,0,8440.384422,0.035056,166.570469
835,17:05:25.590309,1227.273178,47.266057,0.028633,18,729,4,28.025908,0,0,8440.404748,0.020326,166.590795
836,17:05:25.635337,1227.318034,47.310913,0.044856,18,730,4,17.889962,0,0,8440.436590,0.031842,166.622637
837,17:05:25.666112,1227.351053,47.343932,0.033019,18,736,4,24.303205,0,0,8440.460030,0.023439,166.646076
838,17:05:25.698857,1227.383580,47.376459,0.032527,18,739,4,24.670885,0,0,8440.483120,0.023090,166.669166
839,17:05:25.730754,1227.412260,47.405139,0.028680,18,742,4,27.980011,0,0,8440.503479,0.020359,166.689526
840,17:05:25.778743,1227.445019,47.437898,0.032759,18,740,4,24.496179,0,0,8440.526734,0.023255,166.712780
841,17:05:25.839148,1227.494188,47.487067,0.049169,18,743,4,16.320611,0,0,8440.561638,0.034904,166.747684
842,17:05:25.942637,1227.625283,47.618162,0.131095,18,744,3,4.002377,0,0,8440.636492,0.074854,166.822538
843,17:05:25.975826,1227.658192,47.651071,0.032909,18,742,3,18.288413,0,0,8440.654013,0.017521,166.840059
844,17:05:26.057332,1227.715385,47.708264,0.057193,18,743,3,10.523166,0,0,8440.684463,0.030450,166.870509
845,17:05:26.085185,1227.768642,47.761521,0.053257,18,740,3,11.300899,0,0,8440.712817,0.028354,166.898863
846,17:05:26.136657,1227.805726,47.798605,0.037084,18,740,3,16.229376,0,0,8440.732561,0.019744,166.918607
847,17:05:26.159502,1227.846692,47.839571,0.040966,18,744,3,14.691484,0,0,8440.754371,0.021811,166.940418
848,17:05:26.205364,1227.891532,47.884411,0.044840,18,742,3,13.422251,0,0,8440.778244,0.023873,166.964291
849,17:05:26.253912,1227.932751,47.925630,0.041219,18,740,3,14.601322,0,0,8440.800190,0.021945,166.986236
850,17:05:26.306878,1227.993933,47.986812,0.061182,18,740,3,9.837070,0,0,8440.832764,0.032574,167.018810
851,17:05:26.348012,1228.022618,48.015497,0.028685,18,741,3,20.981346,0,0,8440.848036,0.015272,167.034082
852,17:05:26.413628,1228.092247,48.085126,0.069629,18,736,3,8.643701,41.997698811,-93.632957863,8440.885107,0.037071,167.071153
853,17:05:26.446242,1228.129103,48.121982,0.036856,18,736,3,16.329848,41.997698833,-93.632957833,8440.904729,0.019622,167.090775
854,17:05:26.543788,1228.223820,48.216699,0.094717,18,735,3,6.354210,0,0,8440.955157,0.050428,167.141204
855,17:05:26.583999,1228.268420,48.261299,0.044600,18,733,3,13.494433,0,0,8440.978902,0.023745,167.164949
856,17:05:26.631274,1228.314360,48.307239,0.045940,18,732,3,13.100846,0,0,8441.003361,0.024459,167.189408
857,17:05:26.664537,1228.342108,48.334987,0.027748,18,734,3,21.689834,0,0,8441.018135,0.014773,167.204181
858,17:05:26.696137,1228.378979,48.371858,0.036871,18,736,3,16.323196,0,0,8441.037765,0.019630,167.223811
859,17:05:26.743006,1228.419945,48.412824,0.040966,18,734,3,14.691484,0,0,8441.059576,0.021811,167.245622
860,17:05:26.797610,1228.473189,48.466068,0.053244,18,734,3,11.303682,0,0,8441.087923,0.028347,167.273969
861,17:05:26.856327,1228.531076,48.523955,0.057887,18,733,3,10.396998,0,0,8441.118742,0.030820,167.304789
862,17:05:26.899123,1228.571511,48.564390,0.040435,18,732,3,14.884400,0,0,8441.140270,0.021528,167.326317
863,17:05:26.965753,1228.622176,48.615055,0.050665,18,730,3,11.879069,0,0,8441.167245,0.026974,167.353291
864,17:05:27.058496,1228.715120,48.707999,0.092944,18,734,3,6.475414,0,0,8441.216729,0.049484,167.402775
865,17:05:27.127612,1228.800894,48.793773,0.085774,18,734,3,7.016721,0,0,8441.262396,0.045667,167.448442
866,17:05:27.170604,1228.854146,48.847025,0.053252,18,741,3,11.301962,0,0,8441.290747,0.028352,167.476794
867,17:05:27.207349,1228.891023,48.883902,0.036877,18,747,3,16.320558,0,0,8441.310381,0.019634,167.496427
868,17:05:27.237537,1228.923789,48.916668,0.032766,18,748,3,18.368124,0,0,8441.327826,0.017445,167.513872
869,17:05:27.284866,1228.960663,48.953542,0.036874,18,752,3,16.321824,0,0,8441.347458,0.019632,167.533504
870,17:05:27.335111,1229.009932,49.002811,0.049269,18,758,3,12.215639,0,0,8441.373689,0.026231,167.559735
871,17:05:27.436454,1229.108118,49.100997,0.098186,18,763,3,6.129710,41.997698608,-93.63295872,8441.425964,0.052275,167.612010
872,17:05:27.483018,1229.169565,49.162444,0.061447,18,773,3,9.794665,0,0,8441.458679,0.032715,167.644725
873,17:05:27.514310,1229.198359,49.191238,0.028794,18,776,3,20.901952,0,0,8441.474009,0.015330,167.660055
874,17:05:27.610599,1229.296554,49.289433,0.098195,18,776,3,6.129145,0,0,8441.526289,0.052280,167.712335
875,17:05:27.645244,1229.329559,49.322438,0.033005,18,777,3,18.235172,0,0,8441.543861,0.017572,167.729907
876,17:05:27.718351,1229.403048,49.395927,0.073489,18,780,3,8.189692,0,0,8441.582987,0.039126,167.769033
877,17:05:27.748307,1229.435992,49.428871,0.032944,18,782,3,18.268957,0,0,8441.600526,0.017540,167.786573
878,17:05:28.166520,1229.620223,49.613102,0.184231,18,784,3,3.266832,0,0,8441.698612,0.098086,167.884659
879,17:05:28.405361,1230.058450,50.051329,0.438227,18,761,3,1.373379,41.997698272,-93.632960155,8441.931928,0.233315,168.117974
880,17:05:28.490533,1230.145043,50.137922,0.086593,18,772,3,6.950359,0,0,8441.978030,0.046103,168.164077
881,17:05:28.525203,1230.210012,50.202891,0.064969,18,776,3,9.263668,41.997698333,-93.632960167,8442.012620,0.034590,168.198667
882,17:05:28.587504,1230.267386,50.260265,0.057374,18,785,3,10.489975,0,0,8442.043167,0.030546,168.229213
883,17:05:28.636538,1230.320619,50.313498,0.053233,18,790,3,11.306011,0,0,8442.071508,0.028342,168.257555
884,17:05:28.675953,1230.357477,50.350356,0.036858,18,795,3,16.328898,0,0,8442.091132,0.019624,168.277178
885,17:05:28.737126,1230.406651,50.399530,0.049174,18,803,0,-4.707389,0,0,8442.096823,0.005691,168.282870
