1,21:08:04.393510,3671.110563,0.089273,0.089273,17,714,0,41.999857087,-93.633152675,24826.285169,0.000000,0.000000
2,21:08:04.486387,3671.203440,0.182150,0.092877,17,710,0,0,0,24826.285169,0.000000,0.000000
3,21:08:04.515918,3671.232971,0.211681,0.029531,17,715,0,0,0,24826.285169,0.000000,0.000000
4,21:08:04.660646,3671.377699,0.356409,0.144728,17,714,0,41.999857167,-93.633152667,24826.285169,0.000000,0.000000
5,21:08:04.697701,3671.414754,0.393464,0.037055,17,718,0,0,0,24826.285169,0.000000,0.000000
6,21:08:04.775920,3671.492973,0.471683,0.078219,17,718,0,0,0,24826.285169,0.000000,0.000000
7,21:08:04.814088,3671.531141,0.509851,0.038168,17,718,0,0,0,24826.285169,0.000000,0.000000
8,21:08:04.852843,3671.569896,0.548606,0.038755,17,722,0,0,0,24826.285169,0.000000,0.000000
9,21:08:04.966723,3671.683776,0.662486,0.113880,17,720,0,0,0,24826.285169,0.000000,0.000000
10,21:08:05.015334,3671.732387,0.711097,0.048611,17,720,0,0,0,24826.285169,0.000000,0.000000
11,21:08:05.072655,3671.789708,0.768418,0.057321,17,718,0,0,0,24826.285169,0.000000,0.000000
12,21:08:05.117224,3671.834277,0.812987,0.044569,17,715,0,0,0,24826.285169,0.000000,0.000000
13,21:08:05.172264,3671.889317,0.868027,0.055040,17,715,0,0,0,24826.285169,0.000000,0.000000
14,21:08:05.277583,3671.994636,0.973346,0.105319,17,714,0,0,0,24826.285169,0.000000,0.000000
15,21:08:05.376089,3672.093142,1.071852,0.098506,17,713,0,41.999856693,-93.633152667,24826.285169,0.000000,0.000000
16,21:08:05.449540,3672.166593,1.145303,0.073451,17,713,0,41.999856667,-93.633152667,24826.285169,0.000000,0.000000
17,21:08:05.539345,3672.256398,1.235108,0.089805,17,713,0,0,0,24826.285169,0.000000,0.000000
18,21:08:05.629619,3672.346672,1.325382,0.090274,17,704,0,0,0,24826.285169,0.000000,0.000000
19,21:08:05.715170,3672.432223,1.410933,0.085551,17,704,0,0,0,24826.285169,0.000000,0.000000
20,21:08:05.887841,3672.604894,1.583604,0.172671,17,703,0,0,0,24826.285169,0.000000,0.000000
21,21:08:05.966702,3672.683755,1.662465,0.078861,17,713,0,0,0,24826.285169,0.000000,0.000000
22,21:08:06.006337,3672.723390,1.702100,0.039635,17,719,0,0,0,24826.285169,0.000000,0.000000
23,21:08:06.032687,3672.749740,1.728450,0.026350,17,721,0,0,0,24826.285169,0.000000,0.000000
24,21:08:06.066196,3672.783249,1.761959,0.033509,17,720,0,0,0,24826.285169,0.000000,0.000000
25,21:08:06.105859,3672.822912,1.801622,0.039663,17,719,0,0,0,24826.285169,0.000000,0.000000
26,21:08:06.148925,3672.865978,1.844688,0.043066,17,722,0,0,0,24826.285169,0.000000,0.000000
27,21:08:06.191330,3672.908383,1.887093,0.042405,17,720,0,0,0,24826.285169,0.000000,0.000000
28,21:08:06.223048,3672.940101,1.918811,0.031718,17,717,0,0,0,24826.285169,0.000000,0.000000
29,21:08:06.249422,3672.966475,1.945185,0.026374,17,716,0,0,0,24826.285169,0.000000,0.000000
30,21:08:06.283320,3673.000373,1.979083,0.033898,17,713,0,0,0,24826.285169,0.000000,0.000000
31,21:08:06.313599,3673.030652,2.009362,0.030279,17,712,0,0,0,24826.285169,0.000000,0.000000
32,21:08:06.340432,3673.057485,2.036195,0.026833,17,712,0,0,0,24826.285169,0.000000,0.000000
33,21:08:06.380935,3673.097988,2.076698,0.040503,17,711,0,41.999856882,-93.63315117,24826.285169,0.000000,0.000000
34,21:08:06.421879,3673.138932,2.117642,0.040944,17,706,0,0,0,24826.285169,0.000000,0.000000
35,21:08:06.462042,3673.179095,2.157805,0.040163,17,704,0,0,0,24826.285169,0.000000,0.000000
36,21:08:06.500890,3673.217943,2.196653,0.038848,17,704,0,0,0,24826.285169,0.000000,0.000000
37,21:08:06.554121,3673.271174,2.249884,0.053231,17,704,0,0,0,24826.285169,0.000000,0.000000
38,21:08:06.595634,3673.312687,2.291397,0.041513,17,706,0,0,0,24826.285169,0.000000,0.000000
39,21:08:06.626815,3673.343868,2.322578,0.031181,17,707,0,0,0,24826.285169,0.000000,0.000000
40,21:08:06.671566,3673.388619,2.367329,0.044751,17,706,0,0,0,24826.285169,0.000000,0.000000
41,21:08:06.715047,3673.432100,2.410810,0.043481,17,708,0,0,0,24826.285169,0.000000,0.000000
42,21:08:06.751432,3673.468485,2.447195,0.036385,17,705,0,0,0,24826.285169,0.000000,0.000000
43,21:08:06.791425,3673.508478,2.487188,0.039993,17,704,0,0,0,24826.285169,0.000000,0.000000
44,21:08:06.823924,3673.540977,2.519687,0.032499,17,704,0,0,0,24826.285169,0.000000,0.000000
45,21:08:06.863812,3673.580865,2.559575,0.039888,17,704,0,0,0,24826.285169,0.000000,0.000000
46,21:08:06.897826,3673.614879,2.593589,0.034014,17,702,0,0,0,24826.285169,0.000000,0.000000
47,21:08:06.929134,3673.646187,2.624897,0.031308,17,702,0,0,0,24826.285169,0.000000,0.000000
48,21:08:06.971595,3673.688648,2.667358,0.042461,17,698,0,0,0,24826.285169,0.000000,0.000000
49,21:08:07.019038,3673.736091,2.714801,0.047443,17,694,0,0,0,24826.285169,0.000000,0.000000
50,21:08:07.056351,3673.773404,2.752114,0.037313,17,693,0,0,0,24826.285169,0.000000,0.000000
51,21:08:07.088921,3673.805974,2.784684,0.032570,18,692,0,0,0,24826.285169,0.000000,0.000000
52,21:08:07.131489,3673.848542,2.827252,0.042568,18,694,0,0,0,24826.285169,0.000000,0.000000
53,21:08:07.160317,3673.877370,2.856080,0.028828,18,698,0,0,0,24826.285169,0.000000,0.000000
54,21:08:07.199624,3673.916677,2.895387,0.039307,18,708,0,0,0,24826.285169,0.000000,0.000000
55,21:08:07.233139,3673.950192,2.928902,0.033515,18,716,0,0,0,24826.285169,0.000000,0.000000
56,21:08:07.262894,3673.979947,2.958657,0.029755,18,723,0,0,0,24826.285169,0.000000,0.000000
57,21:08:07.311489,3674.028542,3.007252,0.048595,18,732,0,0,0,24826.285169,0.000000,0.000000
58,21:08:07.343811,3674.060864,3.039574,0.032322,18,750,0,0,0,24826.285169,0.000000,0.000000
59,21:08:07.384768,3674.101821,3.080531,0.040957,19,769,0,41.999857603,-93.633144689,24826.285169,0.000000,0.000000
60,21:08:07.415822,3674.132875,3.111585,0.031054,19,784,0,0,0,24826.285169,0.000000,0.000000
61,21:08:07.445795,3674.162848,3.141558,0.029973,19,798,0,41.999857667,-93.633144667,24826.285169,0.000000,0.000000
62,21:08:07.474919,3674.191972,3.170682,0.029124,19,819,0,0,0,24826.285169,0.000000,0.000000
63,21:08:07.502299,3674.219352,3.198062,0.027380,19,840,0,0,0,24826.285169,0.000000,0.000000
64,21:08:07.542545,3674.259598,3.238308,0.040246,19,860,0,0,0,24826.285169,0.000000,0.000000
65,21:08:07.589180,3674.306233,3.284943,0.046635,19,890,0,0,0,24826.285169,0.000000,0.000000
66,21:08:07.619993,3674.337046,3.315756,0.030813,20,920,0,0,0,24826.285169,0.000000,0.000000
67,21:08:07.668121,3674.385174,3.363884,0.048128,20,952,0,0,0,24826.285169,0.000000,0.000000
68,21:08:07.702147,3674.419200,3.397910,0.034026,20,993,0,0,0,24826.285169,0.000000,0.000000
69,21:08:07.733154,3674.450207,3.428917,0.031007,20,1019,0,0,0,24826.285169,0.000000,0.000000
70,21:08:07.778821,3674.495874,3.474584,0.045667,20,1044,0,0,0,24826.285169,0.000000,0.000000
71,21:08:07.818324,3674.535377,3.514087,0.039503,20,1082,0,0,0,24826.285169,0.000000,0.000000
72,21:08:07.853066,3674.570119,3.548829,0.034742,20,1117,0,0,0,24826.285169,0.000000,0.000000
73,21:08:07.892142,3674.609195,3.587905,0.039076,20,1152,0,0,0,24826.285169,0.000000,0.000000
74,21:08:07.935327,3674.652380,3.631090,0.043185,20,1172,0,0,0,24826.285169,0.000000,0.000000
75,21:08:07.957266,3674.674319,3.653029,0.021939,20,1197,0,0,0,24826.285169,0.000000,0.000000
76,21:08:07.998021,3674.715074,3.693784,0.040755,20,1211,0,0,0,24826.285169,0.000000,0.000000
77,21:08:08.026263,3674.743316,3.722026,0.028242,20,1226,0,0,0,24826.285169,0.000000,0.000000
78,21:08:08.073712,3674.790765,3.769475,0.047449,20,1241,4,0,0,24826.310060,0.024891,0.024891
79,21:08:08.111440,3674.828493,3.807203,0.037728,20,1250,4,0,0,24826.336233,0.026172,0.051063
80,21:08:08.147693,3674.864746,3.843456,0.036253,20,1258,4,0,0,24826.362733,0.026500,0.077564
81,21:08:08.181537,3674.898590,3.877300,0.033844,20,1270,4,0,0,24826.388578,0.025845,0.103409
82,21:08:08.203670,3674.920723,3.899433,0.022133,20,1271,4,0,0,24826.406026,0.017447,0.120857
83,21:08:08.241308,3674.958361,3.937071,0.037638,20,1275,4,0,0,24826.432191,0.026165,0.147022
84,21:08:08.285342,3675.002395,3.981105,0.044034,20,1283,4,0,0,24826.461272,0.029081,0.176103
85,21:08:08.323296,3675.040349,4.019059,0.037954,20,1286,4,0,0,24826.481621,0.020349,0.196452
86,21:08:08.348991,3675.066044,4.044754,0.025695,20,1292,4,0,0,24826.507876,0.026255,0.222707
87,21:08:08.388619,3675.105672,4.084382,0.039628,20,1298,4,41.999859317,-93.633128202,24826.531068,0.023192,0.245898
88,21:08:08.423807,3675.140860,4.119570,0.035188,20,1302,4,0,0,24826.557398,0.026331,0.272229
89,21:08:08.454685,3675.171738,4.150448,0.030878,20,1308,4,0,0,24826.583403,0.026005,0.298234
90,21:08:08.490744,3675.207797,4.186507,0.036059,20,1312,4,0,0,24826.603751,0.020348,0.318582
91,21:08:08.535210,3675.252263,4.230973,0.044466,20,1319,6,0,0,24826.644218,0.040467,0.359049
92,21:08:08.575685,3675.292738,4.271448,0.040475,20,1334,6,0,0,24826.696553,0.052335,0.411384
93,21:08:08.607804,3675.324857,4.303567,0.032119,20,1342,6,0,0,24826.735821,0.039268,0.450652
94,21:08:08.637138,3675.354191,4.332901,0.029334,20,1352,6,0,0,24826.761977,0.026156,0.476808
95,21:08:08.665046,3675.382099,4.360809,0.027908,20,1358,6,0,0,24826.792513,0.030536,0.507344
96,21:08:08.705199,3675.422252,4.400962,0.040153,20,1366,6,0,0,24826.823384,0.030871,0.538215
97,21:08:08.742075,3675.459128,4.437838,0.036876,20,1378,6,0,0,24826.871024,0.047640,0.585855
98,21:08:08.778655,3675.495708,4.474418,0.036580,20,1384,6,0,0,24826.905938,0.034914,0.620769
99,21:08:08.812687,3675.529740,4.508450,0.034032,20,1393,6,0,0,24826.949534,0.043596,0.664364
100,21:08:08.849556,3675.566609,4.545319,0.036869,20,1394,6,0,0,24826.993328,0.043794,0.708158
101,21:08:08.910402,3675.627455,4.606165,0.060846,20,1402,6,0,0,24827.036766,0.043439,0.751597
102,21:08:08.945062,3675.662115,4.640825,0.034660,20,1400,6,0,0,24827.089109,0.052342,0.803939
103,21:08:08.972602,3675.689655,4.668365,0.027540,20,1400,6,0,0,24827.119639,0.030530,0.834470
104,21:08:09.013306,3675.730359,4.709069,0.040704,20,1404,8,0,0,24827.174631,0.054992,0.889462
105,21:08:09.044222,3675.761275,4.739985,0.030916,20,1401,8,0,0,24827.216510,0.041879,0.931341
106,21:08:09.082319,3675.799372,4.778082,0.038097,20,1400,8,0,0,24827.267705,0.051195,0.982536
107,21:08:09.126841,3675.843894,4.822604,0.044522,21,1399,8,0,0,24827.325848,0.058143,1.040679
108,21:08:09.152488,3675.869541,4.848251,0.025647,22,1403,8,0,0,24827.378578,0.052729,1.093408
109,21:08:09.179231,3675.896284,4.874994,0.026743,22,1404,8,0,0,24827.407226,0.028648,1.122056
110,21:08:09.214908,3675.931961,4.910671,0.035677,22,1412,8,0,0,24827.465398,0.058173,1.180229
111,21:08:09.241878,3675.958931,4.937641,0.026970,22,1434,8,0,0,24827.500273,0.034875,1.215104
112,21:08:09.264315,3675.981368,4.960078,0.022437,22,1444,8,0,0,24827.529391,0.029118,1.244222
113,21:08:09.304168,3676.021221,4.999931,0.039853,23,1462,8,0,0,24827.587546,0.058155,1.302376
114,21:08:09.324382,3676.041435,5.020145,0.020214,23,1490,8,0,0,24827.616622,0.029076,1.331453
115,21:08:09.355392,3676.072445,5.051155,0.031010,23,1510,8,0,0,24827.657362,0.040740,1.372193
116,21:08:09.392082,3676.109135,5.087845,0.036690,23,1544,8,41.999859106,-93.633096965,24827.709704,0.052342,1.424535
117,21:08:09.432259,3676.149312,5.128022,0.040177,22,1580,8,0,0,24827.756544,0.046841,1.471375
118,21:08:09.461078,3676.178131,5.156841,0.028819,22,1620,10,0,0,24827.818708,0.062163,1.533539
119,21:08:09.492235,3676.209288,5.187998,0.031157,22,1636,10,0,0,24827.869837,0.051129,1.584668
120,21:08:09.535699,3676.252752,5.231462,0.043464,22,1660,10,0,0,24827.927775,0.057938,1.642606
121,21:08:09.581362,3676.298415,5.277125,0.045663,22,1679,10,0,0,24828.022260,0.094485,1.737090
122,21:08:09.616910,3676.333963,5.312673,0.035548,22,1690,10,0,0,24828.095141,0.072881,1.809972
123,21:08:09.647568,3676.364621,5.343331,0.030658,21,1696,10,0,0,24828.153161,0.058020,1.867992
124,21:08:09.684160,3676.401213,5.379923,0.036592,20,1697,10,0,0,24828.212295,0.059134,1.927126
125,21:08:09.713957,3676.431010,5.409720,0.029797,20,1694,10,0,0,24828.276697,0.064402,1.991528
126,21:08:09.747791,3676.464844,5.443554,0.033834,20,1688,10,0,0,24828.320310,0.043613,2.035141
127,21:08:09.785533,3676.502586,5.481296,0.037742,20,1673,10,0,0,24828.400290,0.079980,2.115121
128,21:08:09.816221,3676.533274,5.511984,0.030688,20,1665,10,0,0,24828.443896,0.043606,2.158727
129,21:08:09.848569,3676.565622,5.544332,0.032348,20,1650,10,0,0,24828.509322,0.065426,2.224153
130,21:08:09.880591,3676.597644,5.576354,0.032022,19,1644,10,0,0,24828.567475,0.058153,2.282306
131,21:08:09.908594,3676.625647,5.604357,0.028003,19,1634,10,0,0,24828.618368,0.050893,2.333199
132,21:08:09.936703,3676.653756,5.632466,0.028109,18,1620,13,0,0,24828.672212,0.053844,2.387043
133,21:08:09.985812,3676.702865,5.681575,0.049109,18,1608,13,0,0,24828.757842,0.085630,2.472673
134,21:08:10.030393,3676.747446,5.726156,0.044581,18,1599,13,0,0,24828.870698,0.112856,2.585529
135,21:08:10.060752,3676.777805,5.756515,0.030359,18,1598,13,0,0,24828.956292,0.085594,2.671122
136,21:08:10.091016,3676.808069,5.786779,0.030264,18,1594,13,0,0,24829.031630,0.075338,2.746461
137,21:08:10.141142,3676.858195,5.836905,0.050126,19,1594,13,0,0,24829.135851,0.104221,2.850682
138,21:08:10.203829,3676.920882,5.899592,0.062687,19,1597,13,0,0,24829.258162,0.122311,2.972993
139,21:08:10.250489,3676.967542,5.946252,0.046660,19,1608,13,0,0,24829.399905,0.141743,3.114736
140,21:08:10.282297,3676.999350,5.978060,0.031808,20,1616,13,0,0,24829.466052,0.066147,3.180883
141,21:08:10.305075,3677.022128,6.000838,0.022778,21,1618,13,0,0,24829.532896,0.066844,3.247727
142,21:08:10.337842,3677.054895,6.033605,0.032767,21,1626,13,0,0,24829.607809,0.074914,3.322640
143,21:08:10.383091,3677.100144,6.078854,0.045249,21,1635,13,41.999846447,-93.633055502,24829.692870,0.085061,3.407701
144,21:08:10.421192,3677.138245,6.116955,0.038101,21,1658,15,41.9998465,-93.6330555,24829.799367,0.106497,3.514197
145,21:08:10.468684,3677.185737,6.164447,0.047492,22,1676,15,0,0,24829.918682,0.119315,3.633513
146,21:08:10.518362,3677.235415,6.214125,0.049678,21,1695,15,0,0,24830.071334,0.152652,3.786164
147,21:08:10.558687,3677.275740,6.254450,0.040325,21,1704,15,0,0,24830.158585,0.087251,3.873416
148,21:08:10.587239,3677.304292,6.283002,0.028552,21,1694,15,0,0,24830.259335,0.100750,3.974166
149,21:08:10.618697,3677.335750,6.314460,0.031458,21,1663,15,0,0,24830.322223,0.062888,4.037054
150,21:08:10.648544,3677.365597,6.344307,0.029847,21,1632,15,0,0,24830.409402,0.087179,4.124233
151,21:08:10.675239,3677.392292,6.371002,0.026695,21,1593,15,0,0,24830.485704,0.076302,4.200534
152,21:08:10.715555,3677.432608,6.411318,0.040316,21,1566,15,0,0,24830.564090,0.078387,4.278921
153,21:08:10.754688,3677.471741,6.450451,0.039133,21,1522,15,0,0,24830.671093,0.107003,4.385924
154,21:08:10.802486,3677.519539,6.498249,0.047798,21,1479,15,0,0,24830.803655,0.132562,4.518486
155,21:08:10.827954,3677.545007,6.523717,0.025468,22,1449,15,0,0,24830.900729,0.097074,4.615559
156,21:08:10.867073,3677.584126,6.562836,0.039119,22,1424,15,0,0,24830.976416,0.075687,4.691247
157,21:08:10.903960,3677.621013,6.599723,0.036887,22,1401,15,0,0,24831.085791,0.109375,4.800622
158,21:08:10.939059,3677.656112,6.634822,0.035099,22,1390,15,0,0,24831.173460,0.087669,4.888290
159,21:08:10.987391,3677.704444,6.683154,0.048332,23,1385,15,0,0,24831.314438,0.140979,5.029269
160,21:08:11.032453,3677.749506,6.728216,0.045062,24,1402,15,0,0,24831.423507,0.109069,5.138338
161,21:08:11.069067,3677.786120,6.764830,0.036614,25,1432,15,0,0,24831.510737,0.087230,5.225568
162,21:08:11.107384,3677.824437,6.803147,0.038317,25,1464,15,0,0,24831.630659,0.119922,5.345490
163,21:08:11.145040,3677.862093,6.840803,0.037656,25,1530,15,0,0,24831.739707,0.109048,5.454538
164,21:08:11.181025,3677.898078,6.876788,0.035985,25,1576,15,0,0,24831.826944,0.087237,5.541775
165,21:08:11.225915,3677.942968,6.921678,0.044890,25,1634,15,0,0,24831.914824,0.087880,5.629655
166,21:08:11.283424,3678.000477,6.979187,0.057509,25,1708,15,0,0,24832.099566,0.184742,5.814397
167,21:08:11.323881,3678.040934,7.019644,0.040457,25,1750,15,0,0,24832.208598,0.109032,5.923429
168,21:08:11.390193,3678.107246,7.085956,0.066312,25,1775,17,41.999819595,-93.633018248,24832.317704,0.109105,6.032534
169,21:08:11.421751,3678.138804,7.117514,0.031558,25,1802,17,41.9998195,-93.633018167,24832.502933,0.185230,6.217764
170,21:08:11.467065,3678.184118,7.162828,0.045314,25,1811,17,0,0,24832.639397,0.136464,6.354228
171,21:08:11.501281,3678.218334,7.197044,0.034216,25,1817,17,0,0,24832.725300,0.085903,6.440131
172,21:08:11.531803,3678.248856,7.227566,0.030522,25,1822,17,0,0,24832.836023,0.110722,6.550853
173,21:08:11.570101,3678.287154,7.265864,0.038298,25,1828,17,0,0,24832.947258,0.111236,6.662089
174,21:08:11.613705,3678.330758,7.309468,0.043604,26,1830,17,0,0,24833.070801,0.123542,6.785632
175,21:08:11.646271,3678.363324,7.342034,0.032566,26,1833,17,0,0,24833.170394,0.099593,6.885225
176,21:08:11.684104,3678.401157,7.379867,0.037833,26,1843,17,0,0,24833.268564,0.098170,6.983395
177,21:08:11.719192,3678.436245,7.414955,0.035088,27,1848,17,0,0,24833.393267,0.124703,7.108098
178,21:08:11.768308,3678.485361,7.464071,0.049116,27,1857,17,0,0,24833.552793,0.159526,7.267624
179,21:08:11.800924,3678.517977,7.496687,0.032616,28,1875,17,0,0,24833.639290,0.086497,7.354120
180,21:08:11.854787,3678.571840,7.550550,0.053863,28,1890,19,0,0,24833.802014,0.162724,7.516845
181,21:08:11.884248,3678.601301,7.580011,0.029461,29,1907,19,0,0,24833.925585,0.123571,7.640415
182,21:08:11.910270,3678.627323,7.606033,0.026022,29,1920,19,0,0,24834.022217,0.096632,7.737047
183,21:08:11.947184,3678.664237,7.642947,0.036914,29,1945,19,0,0,24834.133497,0.111280,7.848328
184,21:08:11.988949,3678.706002,7.684712,0.041765,29,1963,19,0,0,24834.257013,0.123516,7.971844
185,21:08:12.036824,3678.753877,7.732587,0.047875,29,1985,19,0,0,24834.408955,0.151942,8.123786
186,21:08:12.077452,3678.794505,7.773215,0.040628,29,2004,19,0,0,24834.588540,0.179584,8.303371
187,21:08:12.114672,3678.831725,7.810435,0.037220,29,2027,19,0,0,24834.703266,0.114726,8.418096
188,21:08:12.151278,3678.868331,7.847041,0.036606,29,2034,19,0,0,24834.795774,0.092509,8.510605
189,21:08:12.196313,3678.913366,7.892076,0.045035,29,2048,19,0,0,24834.947662,0.151888,8.662493
190,21:08:12.231009,3678.948062,7.926772,0.034696,29,2054,19,0,0,24835.088116,0.140454,8.802947
191,21:08:12.258293,3678.975346,7.954056,0.027284,29,2058,19,0,0,24835.182446,0.094330,8.897276
192,21:08:12.293561,3679.010614,7.989324,0.035268,29,2068,21,0,0,24835.302071,0.119625,9.016902
193,21:08:12.343317,3679.060370,8.039080,0.049756,29,2070,21,0,0,24835.469985,0.167914,9.184815
194,21:08:12.376497,3679.093550,8.072260,0.033180,29,2077,21,41.99977604,-93.63299097,24835.561564,0.091579,9.276395
195,21:08:12.412186,3679.129239,8.107949,0.035689,29,2086,21,0,0,24835.747619,0.186055,9.462450
196,21:08:12.441803,3679.158856,8.137566,0.029617,28,2086,21,0,0,24835.866879,0.119260,9.581710
197,21:08:12.481252,3679.198305,8.177015,0.039449,28,2092,21,0,0,24836.020425,0.153546,9.735256
198,21:08:12.530030,3679.247083,8.225793,0.048778,28,2089,21,0,0,24836.156925,0.136500,9.871756
199,21:08:12.576385,3679.293438,8.272148,0.046355,28,2099,21,0,0,24836.370678,0.213753,10.085509
200,21:08:12.609836,3679.326889,8.305599,0.033451,28,2101,21,0,0,24836.493676,0.122998,10.208507
201,21:08:12.640113,3679.357166,8.335876,0.030277,28,2104,21,0,0,24836.600741,0.107065,10.315572
202,21:08:12.676773,3679.393826,8.372536,0.036660,28,2102,21,0,0,24836.737118,0.136377,10.451948
203,21:08:12.704691,3679.421744,8.400454,0.027918,28,2101,21,0,0,24836.844529,0.107412,10.559360
204,21:08:12.754682,3679.471735,8.450445,0.049991,28,2106,23,0,0,24837.025150,0.180621,10.739981
205,21:08:12.799293,3679.516346,8.495056,0.044611,28,2104,23,0,0,24837.208272,0.183121,10.923102
206,21:08:12.845198,3679.562251,8.540961,0.045905,28,2105,23,0,0,24837.410034,0.201762,11.124865
207,21:08:12.872664,3679.589717,8.568427,0.027466,28,2105,23,0,0,24837.525904,0.115870,11.240735
208,21:08:12.896210,3679.613263,8.591973,0.023546,28,2106,23,0,0,24837.626896,0.100992,11.341727
209,21:08:12.925805,3679.642858,8.621568,0.029595,28,2111,23,0,0,24837.743276,0.116380,11.458107
210,21:08:12.960668,3679.677721,8.656431,0.034863,28,2108,23,0,0,24837.894751,0.151475,11.609582
211,21:08:13.004692,3679.721745,8.700455,0.044024,28,2115,23,0,0,24838.044630,0.149880,11.759461
212,21:08:13.043026,3679.760079,8.738789,0.038334,28,2124,23,0,0,24838.229139,0.184509,11.943970
213,21:08:13.079554,3679.796607,8.775317,0.036528,28,2129,23,0,0,24838.361912,0.132772,12.076742
214,21:08:13.116263,3679.833316,8.812026,0.036709,28,2131,23,0,0,24838.512416,0.150504,12.227247
215,21:08:13.148928,3679.865981,8.844691,0.032665,28,2144,23,0,0,24838.646143,0.133727,12.360974
216,21:08:13.183326,3679.900379,8.879089,0.034398,28,2144,23,0,0,24838.779887,0.133744,12.494718
217,21:08:13.212027,3679.929080,8.907790,0.028701,28,2151,23,0,0,24838.913656,0.133769,12.628487
218,21:08:13.238709,3679.955762,8.934472,0.026682,28,2148,23,0,0,24839.032415,0.118759,12.747246
219,21:08:13.268322,3679.985375,8.964085,0.029613,28,2154,23,0,0,24839.147754,0.115339,12.862585
220,21:08:13.301408,3680.018461,8.997171,0.033086,27,2154,23,0,0,24839.248077,0.100323,12.962907
221,21:08:13.335793,3680.052846,9.031556,0.034385,27,2151,23,0,0,24839.432969,0.184892,13.147800
222,21:08:13.375069,3680.092122,9.070832,0.039276,27,2154,23,0,0,24839.566721,0.133752,13.281552
223,21:08:13.408136,3680.125189,9.103899,0.033067,27,2161,23,41.999715645,-93.632967985,24839.699482,0.132760,13.414312
224,21:08:13.452435,3680.169488,9.148198,0.044299,27,2159,23,0,0,24839.870015,0.170533,13.584846
225,21:08:13.472320,3680.189373,9.168083,0.019885,27,2163,23,0,0,24839.967051,0.097036,13.681882
226,21:08:13.502998,3680.220051,9.198761,0.030678,27,2166,23,0,0,24840.085998,0.118947,13.800829
227,21:08:13.545460,3680.262513,9.241223,0.042462,27,2175,23,0,0,24840.251785,0.165786,13.966615
228,21:08:13.581312,3680.298365,9.277075,0.035852,27,2173,23,0,0,24840.386361,0.134576,14.101192
229,21:08:13.626098,3680.343151,9.321861,0.044786,27,2172,23,0,0,24840.603378,0.217017,14.318209
230,21:08:13.660302,3680.377355,9.356065,0.034204,27,2173,23,0,0,24840.736135,0.132757,14.450965
231,21:08:13.692259,3680.409312,9.388022,0.031957,27,2172,26,0,0,24840.902145,0.166010,14.616976
232,21:08:13.749537,3680.466590,9.445300,0.057278,27,2175,26,0,0,24841.147685,0.245540,14.862516
233,21:08:13.804559,3680.521612,9.500322,0.055022,27,2173,26,0,0,24841.393428,0.245743,15.108259
234,21:08:13.837277,3680.554330,9.533040,0.032718,27,2176,26,0,0,24841.544598,0.151171,15.259429
235,21:08:13.877859,3680.594912,9.573622,0.040582,27,2180,26,0,0,24841.733624,0.189025,15.448455
236,21:08:13.916211,3680.633264,9.611974,0.038352,27,2175,26,0,0,24841.867020,0.133396,15.581851
237,21:08:13.970233,3680.687286,9.665996,0.054022,26,2173,26,0,0,24842.093891,0.226871,15.808722
238,21:08:14.014803,3680.731856,9.710566,0.044570,25,2173,26,0,0,24842.395188,0.301297,16.110019
239,21:08:14.139436,3680.856489,9.835199,0.124633,25,2170,26,0,0,24842.868795,0.473606,16.583626
240,21:08:14.195093,3680.912146,9.890856,0.055657,25,2131,29,0,0,24843.238478,0.369683,16.953308
241,21:08:14.224568,3680.941621,9.920331,0.029475,25,2120,29,0,0,24843.407162,0.168685,17.121993
242,21:08:14.257384,3680.974437,9.953147,0.032816,25,2118,29,0,0,24843.554762,0.147600,17.269593
243,21:08:14.286924,3681.003977,9.982687,0.029540,25,2110,29,0,0,24843.723452,0.168689,17.438283
244,21:08:14.317442,3681.034495,10.013205,0.030518,25,2110,29,0,0,24843.870933,0.147481,17.585764
245,21:08:14.372786,3681.089839,10.068549,0.055344,25,2105,29,41.999641599,-93.63294483,24844.081816,0.210883,17.796646
246,21:08:14.403408,3681.120461,10.099171,0.030622,25,2099,29,0,0,24844.313695,0.231880,18.028526
247,21:08:14.441278,3681.158331,10.137041,0.037870,25,2102,29,0,0,24844.483214,0.169519,18.198045
248,21:08:14.490709,3681.207762,10.186472,0.049431,25,2101,29,0,0,24844.756376,0.273161,18.471206
249,21:08:14.531637,3681.248690,10.227400,0.040928,25,2099,29,0,0,24844.946090,0.189715,18.660921
250,21:08:14.558317,3681.275370,10.254080,0.026680,25,2101,29,0,0,24845.116618,0.170528,18.831449
251,21:08:14.596104,3681.313157,10.291867,0.037787,25,2101,29,0,0,24845.263630,0.147012,18.978461
252,21:08:14.629437,3681.346490,10.325200,0.033333,25,2104,29,0,0,24845.452079,0.188449,19.166910
253,21:08:14.660175,3681.377228,10.355938,0.030738,25,2108,31,0,0,24845.631159,0.179080,19.345989
254,21:08:14.695785,3681.412838,10.391548,0.035610,25,2104,31,0,0,24845.832648,0.201490,19.547479
255,21:08:14.744518,3681.461571,10.440281,0.048733,25,2105,31,0,0,24846.058057,0.225409,19.772888
256,21:08:14.795108,3681.512161,10.490871,0.050590,25,2105,31,0,0,24846.373538,0.315480,20.088368
257,21:08:14.830732,3681.547785,10.526495,0.035624,25,2086,31,0,0,24846.576324,0.202787,20.291155
258,21:08:14.867161,3681.584214,10.562924,0.036429,25,2068,31,0,0,24846.782280,0.205956,20.497111
259,21:08:14.915558,3681.632611,10.611321,0.048397,25,2048,31,0,0,24847.072112,0.289832,20.786943
260,21:08:14.947076,3681.664129,10.642839,0.031518,25,2029,31,0,0,24847.207340,0.135228,20.922171
261,21:08:14.976302,3681.693355,10.672065,0.029226,25,2010,31,0,0,24847.349671,0.142331,21.064501
262,21:08:15.020416,3681.737469,10.716179,0.044114,25,1984,31,0,0,24847.613558,0.263887,21.328388
263,21:08:15.048375,3681.765428,10.744138,0.027959,25,1965,31,0,0,24847.793249,0.179691,21.508079
264,21:08:15.075171,3681.792224,10.770934,0.026796,25,1950,31,0,0,24847.928461,0.135212,21.643292
265,21:08:15.107152,3681.824205,10.802915,0.031981,25,1936,34,0,0,24848.098183,0.169722,21.813014
266,21:08:15.156669,3681.873722,10.852432,0.049517,25,1908,34,0,0,24848.321421,0.223239,22.036252
267,21:08:15.209278,3681.926331,10.905041,0.052609,25,1881,34,0,0,24848.717097,0.395676,22.431928
268,21:08:15.241302,3681.958355,10.937065,0.032024,25,1868,34,0,0,24848.889910,0.172813,22.604740
269,21:08:15.276604,3681.993657,10.972367,0.035302,25,1861,34,0,0,24849.142038,0.252129,22.856869
270,21:08:15.296951,3682.014004,10.992714,0.020347,25,1862,34,0,0,24849.284597,0.142559,22.999428
271,21:08:15.327512,3682.044565,11.023275,0.030561,25,1859,34,0,0,24849.432923,0.148326,23.147754
272,21:08:15.362687,3682.079740,11.058450,0.035175,25,1857,34,0,0,24849.605868,0.172945,23.320699
273,21:08:15.398672,3682.115725,11.094435,0.035985,25,1859,34,41.999558803,-93.6329226,24849.831876,0.226008,23.546706
274,21:08:15.424343,3682.141396,11.120106,0.025671,25,1858,34,0,0,24850.026874,0.194999,23.741705
275,21:08:15.456719,3682.173772,11.152482,0.032376,25,1866,34,0,0,24850.223769,0.196895,23.938600
276,21:08:15.514538,3682.231591,11.210301,0.057819,25,1866,34,0,0,24850.522087,0.298318,24.236918
277,21:08:15.556387,3682.273440,11.252150,0.041849,24,1868,34,0,0,24850.817027,0.294940,24.531858
278,21:08:15.592557,3682.309610,11.288320,0.036170,24,1867,34,0,0,24851.040428,0.223401,24.755259
279,21:08:15.626258,3682.343311,11.322021,0.033701,24,1869,34,0,0,24851.237152,0.196724,24.951983
280,21:08:15.663296,3682.380349,11.359059,0.037038,24,1870,34,0,0,24851.484316,0.247164,25.199147
281,21:08:15.701910,3682.418963,11.397673,0.038614,24,1871,34,0,0,24851.706775,0.222459,25.421606
282,21:08:15.735092,3682.452145,11.430855,0.033182,24,1870,34,0,0,24851.881307,0.174532,25.596137
283,21:08:15.780167,3682.497220,11.475930,0.045075,24,1872,34,0,0,24852.102227,0.220921,25.817058
284,21:08:15.819753,3682.536806,11.515516,0.039586,24,1872,34,0,0,24852.398821,0.296593,26.113651
285,21:08:15.843914,3682.560967,11.539677,0.024161,24,1877,34,0,0,24852.547154,0.148333,26.261985
286,21:08:15.873518,3682.590571,11.569281,0.029604,24,1872,34,0,0,24852.744922,0.197768,26.459753
287,21:08:15.909430,3682.626483,11.605193,0.035912,24,1876,34,0,0,24852.942606,0.197685,26.657437
288,21:08:15.937998,3682.655051,11.633761,0.028568,24,1876,34,0,0,24853.140399,0.197792,26.855230
289,21:08:15.972288,3682.689341,11.668051,0.034290,24,1872,34,0,0,24853.315161,0.174762,27.029992
290,21:08:16.011601,3682.728654,11.707364,0.039313,24,1871,34,0,0,24853.560478,0.245317,27.275308
291,21:08:16.069551,3682.786604,11.765314,0.057950,24,1868,34,0,0,24853.881797,0.321320,27.596628
292,21:08:16.105061,3682.822114,11.800824,0.035510,24,1862,34,0,0,24854.104263,0.222466,27.819094
293,21:08:16.142073,3682.859126,11.837836,0.037012,24,1859,34,0,0,24854.351462,0.247199,28.066293
294,21:08:16.184302,3682.901355,11.880065,0.042229,24,1861,34,0,0,24854.598702,0.247240,28.313533
295,21:08:16.260936,3682.977989,11.956699,0.076634,24,1856,34,0,0,24855.069695,0.470992,28.784525
296,21:08:16.280391,3682.997444,11.976154,0.019455,24,1854,34,0,0,24855.193294,0.123599,28.908125
297,21:08:16.309547,3683.026600,12.005310,0.029156,24,1848,34,0,0,24855.340101,0.146807,29.054932
298,21:08:16.356275,3683.073328,12.052038,0.046728,24,1850,34,0,0,24855.638166,0.298065,29.352996
299,21:08:16.412787,3683.129840,12.108550,0.056512,24,1850,34,41.99946953,-93.632901215,24855.982727,0.344562,29.697558
300,21:08:16.450579,3683.167632,12.146342,0.037792,24,1844,34,0,0,24856.180461,0.197734,29.895292
301,21:08:16.498580,3683.215633,12.194343,0.048001,23,1846,34,41.9994695,-93.632901333,24856.484004,0.303543,30.198835
302,21:08:16.540125,3683.257178,12.235888,0.041545,23,1845,37,0,0,24856.716594,0.232590,30.431425
303,21:08:16.565141,3683.282194,12.260904,0.025016,23,1839,37,0,0,24856.956504,0.239910,30.671334
304,21:08:16.627272,3683.344325,12.323035,0.062131,23,1835,37,0,0,24857.171695,0.215192,30.886526
305,21:08:16.689212,3683.406265,12.384975,0.061940,23,1823,37,0,0,24857.736468,0.564772,31.451298
306,21:08:16.727246,3683.444299,12.423009,0.038034,23,1816,37,0,0,24858.005439,0.268971,31.720269
307,21:08:16.754239,3683.471292,12.450002,0.026993,23,1814,37,0,0,24858.166644,0.161205,31.881475
308,21:08:16.791263,3683.508316,12.487026,0.037024,23,1814,37,0,0,24858.410335,0.243691,32.125165
309,21:08:16.809070,3683.526123,12.504833,0.017807,23,1810,37,0,0,24858.570093,0.159759,32.284924
310,21:08:16.834884,3683.551937,12.530647,0.025814,23,1807,37,0,0,24858.734792,0.164698,32.449622
311,21:08:16.875030,3683.592083,12.570793,0.040146,23,1802,37,0,0,24858.946811,0.212020,32.661642
312,21:08:16.912343,3683.629396,12.608106,0.037313,23,1798,37,0,0,24859.215881,0.269070,32.930712
313,21:08:16.989371,3683.706424,12.685134,0.077028,23,1796,37,0,0,24859.457865,0.241984,33.172696
314,21:08:17.031727,3683.748780,12.727490,0.042356,23,1790,37,0,0,24859.969904,0.512039,33.684735
315,21:08:17.060394,3683.777447,12.756157,0.028667,23,1790,37,0,0,24860.211007,0.241103,33.925837
316,21:08:17.096242,3683.813295,12.792005,0.035848,23,1785,37,0,0,24860.399376,0.188369,34.114207
317,21:08:17.129709,3683.846762,12.825472,0.033467,22,1785,37,0,0,24860.644596,0.245220,34.359427
318,21:08:17.162041,3683.879094,12.857804,0.032332,22,1782,37,0,0,24860.883429,0.238833,34.598260
319,21:08:17.203257,3683.920310,12.899020,0.041216,22,1780,37,0,0,24861.098692,0.215264,34.813523
320,21:08:17.236920,3683.953973,12.932683,0.033663,22,1777,37,0,0,24861.340695,0.242003,35.055526
321,21:08:17.275243,3683.992296,12.971006,0.038323,22,1775,37,0,0,24861.585274,0.244578,35.300104
322,21:08:17.309610,3684.026663,13.005373,0.034367,23,1772,37,0,0,24861.827355,0.242081,35.542186
323,21:08:17.353373,3684.070426,13.049136,0.043763,23,1776,37,0,0,24862.096149,0.268794,35.810980
324,21:08:17.414014,3684.131067,13.109777,0.060641,23,1774,37,41.999374243,-93.632882542,24862.497399,0.401250,36.212230
325,21:08:17.436256,3684.153309,13.132019,0.022242,23,1772,37,0,0,24862.660233,0.162834,36.375063
326,21:08:17.460947,3684.178000,13.156710,0.024691,22,1772,37,0,0,24862.850689,0.190456,36.565519
327,21:08:17.487398,3684.204451,13.183161,0.026451,22,1773,37,0,0,24863.008794,0.158106,36.723625
328,21:08:17.532539,3684.249592,13.228302,0.045141,23,1772,37,0,0,24863.304207,0.295413,37.019038
329,21:08:17.583294,3684.300347,13.279057,0.050755,23,1770,37,0,0,24863.626991,0.322783,37.341821
330,21:08:17.619854,3684.336907,13.315617,0.036560,23,1776,37,0,0,24863.869059,0.242069,37.583890
331,21:08:17.670655,3684.387708,13.366418,0.050801,23,1772,37,0,0,24864.115258,0.246199,37.830089
332,21:08:17.711024,3684.428077,13.406787,0.040369,23,1774,37,0,0,24864.461903,0.346645,38.176734
333,21:08:17.744093,3684.461146,13.439856,0.033069,23,1773,37,0,0,24864.676059,0.214155,38.390889
334,21:08:17.786170,3684.503223,13.481933,0.042077,23,1770,37,0,0,24864.919007,0.242949,38.633838
335,21:08:17.817665,3684.534718,13.513428,0.031495,23,1779,37,0,0,24865.161746,0.242739,38.876577
336,21:08:17.846834,3684.563887,13.542597,0.029169,23,1772,37,0,0,24865.348473,0.186727,39.063304
337,21:08:17.875565,3684.592618,13.571328,0.028731,23,1775,37,0,0,24865.541576,0.193103,39.256407
338,21:08:18.071171,3684.788224,13.766934,0.195606,23,1776,40,0,0,24865.938506,0.396930,39.653337
339,21:08:18.193433,3684.910486,13.889196,0.122262,22,1784,40,0,0,24867.716015,1.777509,41.430846
340,21:08:18.222861,3684.939914,13.918624,0.029428,23,1784,40,0,0,24868.030434,0.314418,41.745264
341,21:08:18.260768,3684.977821,13.956531,0.037907,23,1782,40,0,0,24868.234054,0.203620,41.948885
342,21:08:18.294758,3685.011811,13.990521,0.033990,23,1784,40,0,0,24868.527282,0.293229,42.242113
343,21:08:18.315627,3685.032680,14.011390,0.020869,23,1784,40,0,0,24868.699747,0.172465,42.414578
344,21:08:18.352546,3685.069599,14.048309,0.036919,22,1781,40,0,0,24868.931891,0.232144,42.646722
345,21:08:18.402790,3685.119843,14.098553,0.050244,23,1784,40,41.99927513,-93.632869149,24869.258832,0.326941,42.973663
346,21:08:18.431495,3685.148548,14.127258,0.028705,23,1784,40,41.999275167,-93.632869167,24869.513514,0.254682,43.228345
347,21:08:18.480108,3685.197161,14.175871,0.048613,23,1783,40,0,0,24869.775330,0.261816,43.490161
348,21:08:18.524707,3685.241760,14.220470,0.044599,23,1780,40,0,0,24870.182282,0.406951,43.897112
349,21:08:18.552635,3685.269688,14.248398,0.027928,23,1785,40,0,0,24870.356727,0.174445,44.071558
350,21:08:18.587926,3685.304979,14.283689,0.035291,23,1783,40,0,0,24870.589311,0.232584,44.304141
351,21:08:18.626843,3685.343896,14.322606,0.038917,23,1784,40,0,0,24870.851093,0.261782,44.565924
352,21:08:18.679125,3685.396178,14.374888,0.052282,23,1789,40,0,0,24871.141908,0.290815,44.856739
353,21:08:18.744899,3685.461952,14.440662,0.065774,22,1788,40,0,0,24871.607757,0.465849,45.322588
354,21:08:18.776659,3685.493712,14.472422,0.031760,22,1788,40,0,0,24871.897834,0.290077,45.612665
355,21:08:18.804739,3685.521792,14.500502,0.028080,22,1789,40,0,0,24872.132192,0.234357,45.847023
356,21:08:18.853896,3685.570949,14.549659,0.049157,22,1785,40,0,0,24872.479456,0.347264,46.194287
357,21:08:18.908936,3685.625989,14.604699,0.055040,22,1786,40,0,0,24872.859234,0.379778,46.574065
358,21:08:18.950581,3685.667634,14.646344,0.041645,22,1785,40,0,0,24873.119133,0.259899,46.833964
359,21:08:19.015561,3685.732614,14.711324,0.064980,22,1783,40,0,0,24873.584365,0.465232,47.299195
360,21:08:19.057559,3685.774612,14.753322,0.041998,22,1781,40,0,0,24873.846096,0.261732,47.560927
361,21:08:19.117150,3685.834203,14.812913,0.059591,22,1775,40,0,0,24874.282273,0.436177,47.997104
362,21:08:19.159254,3685.876307,14.855017,0.042104,21,1767,40,0,0,24874.631199,0.348926,48.346030
363,21:08:19.191340,3685.908393,14.887103,0.032086,21,1757,40,0,0,24874.898475,0.267276,48.613306
364,21:08:19.240146,3685.957199,14.935909,0.048806,21,1747,40,0,0,24875.125643,0.227168,48.840474
365,21:08:19.273766,3685.990819,14.969529,0.033620,21,1736,40,0,0,24875.476257,0.350614,49.191087
366,21:08:19.305714,3686.022767,15.001477,0.031948,21,1732,40,0,0,24875.710453,0.234197,49.425284
367,21:08:19.366485,3686.083538,15.062248,0.060771,21,1724,40,41.999172062,-93.632861415,24875.882952,0.172499,49.597783
368,21:08:19.429758,3686.146811,15.125521,0.063273,22,1708,40,0,0,24876.579469,0.696517,50.294300
369,21:08:19.466912,3686.183965,15.162675,0.037154,22,1700,40,0,0,24876.755668,0.176199,50.470499
370,21:08:19.492781,3686.209834,15.188544,0.025869,22,1698,40,0,0,24877.015753,0.260085,50.730584
371,21:08:19.523756,3686.240809,15.219519,0.030975,22,1696,40,0,0,24877.251581,0.235828,50.966412
372,21:08:19.558547,3686.275600,15.254310,0.034791,21,1694,40,0,0,24877.482645,0.231064,51.197476
373,21:08:19.594109,3686.311162,15.289872,0.035562,21,1694,40,0,0,24877.773006,0.290361,51.487837
374,21:08:19.629271,3686.346324,15.325034,0.035162,21,1689,40,0,0,24877.977613,0.204607,51.692444
375,21:08:19.661199,3686.378252,15.356962,0.031928,21,1688,40,0,0,24878.207819,0.230206,51.922650
376,21:08:19.704383,3686.421436,15.400146,0.043184,21,1684,40,0,0,24878.469530,0.261711,52.184361
377,21:08:19.752878,3686.469931,15.448641,0.048495,21,1681,40,0,0,24878.848369,0.378839,52.563200
378,21:08:19.785713,3686.502766,15.481476,0.032835,21,1679,40,0,0,24879.109243,0.260873,52.824074
379,21:08:19.838172,3686.555225,15.533935,0.052459,21,1676,40,0,0,24879.344262,0.235019,53.059093
380,21:08:19.873421,3686.590474,15.569184,0.035249,21,1674,40,0,0,24879.719921,0.375659,53.434752
381,21:08:19.935301,3686.652354,15.631064,0.061880,21,1671,40,0,0,24880.161272,0.441351,53.876102
382,21:08:19.976336,3686.693389,15.672099,0.041035,21,1670,40,0,0,24880.419092,0.257820,54.133923
383,21:08:20.026076,3686.743129,15.721839,0.049740,21,1670,40,0,0,24880.737628,0.318536,54.452459
384,21:08:20.054366,3686.771419,15.750129,0.028290,21,1667,40,0,0,24880.999339,0.261711,54.714170
385,21:08:20.095331,3686.812384,15.791094,0.040965,21,1670,40,0,0,24881.262773,0.263434,54.977604
386,21:08:20.122042,3686.839095,15.817805,0.026711,21,1665,40,0,0,24881.464598,0.201825,55.179429
387,21:08:20.175543,3686.892596,15.871306,0.053501,21,1667,40,0,0,24881.813566,0.348969,55.528397
388,21:08:20.208692,3686.925745,15.904455,0.033149,21,1666,40,0,0,24882.075355,0.261789,55.790186
389,21:08:20.238059,3686.955112,15.933822,0.029367,21,1665,40,0,0,24882.339465,0.264109,56.054296
390,21:08:20.265303,3686.982356,15.961066,0.027244,21,1662,40,0,0,24882.540551,0.201087,56.255382
391,21:08:20.293298,3687.010351,15.989061,0.027995,21,1662,42,0,0,24882.721962,0.181410,56.436793
392,21:08:20.330515,3687.047568,16.026278,0.037217,21,1662,42,0,0,24883.002051,0.280089,56.716882
393,21:08:20.354460,3687.071513,16.050223,0.023945,21,1661,42,0,0,24883.189153,0.187102,56.903984
394,21:08:20.395202,3687.112255,16.090965,0.040742,21,1660,42,41.999066416,-93.632860417,24883.456138,0.266985,57.170968
395,21:08:20.442976,3687.160029,16.138739,0.047774,21,1660,42,0,0,24883.790391,0.334253,57.505222
396,21:08:20.490518,3687.207571,16.186281,0.047542,21,1658,42,0,0,24884.156845,0.366454,57.871676
397,21:08:20.527347,3687.244400,16.223110,0.036829,21,1655,42,0,0,24884.462089,0.305244,58.176920
398,21:08:20.591252,3687.308305,16.287015,0.063905,21,1641,42,0,0,24884.859141,0.397052,58.573972
399,21:08:20.632586,3687.349639,16.328349,0.041334,21,1635,42,0,0,24885.164415,0.305274,58.879246
400,21:08:20.675495,3687.392548,16.371258,0.042909,21,1633,42,0,0,24885.500227,0.335812,59.215058
401,21:08:20.793484,3687.510537,16.489247,0.117989,21,1621,42,0,0,24886.447749,0.947522,60.162580
402,21:08:20.860361,3687.577414,16.556124,0.066877,21,1607,42,0,0,24886.752083,0.304334,60.466914
403,21:08:20.903619,3687.620672,16.599382,0.043258,21,1602,42,0,0,24887.240518,0.488435,60.955349
404,21:08:20.936069,3687.653122,16.631832,0.032450,21,1597,42,0,0,24887.484812,0.244295,61.199643
405,21:08:21.100155,3687.817208,16.795918,0.164086,21,1592,42,0,0,24888.554441,1.069628,62.269272
406,21:08:21.175735,3687.892788,16.871498,0.075580,20,1577,42,0,0,24889.165853,0.611412,62.880683
407,21:08:21.307890,3688.024943,17.003653,0.132155,20,1571,44,0,0,24889.992573,0.826720,63.707403
408,21:08:21.362003,3688.079056,17.057766,0.054113,20,1563,44,41.998959234,-93.632866496,24890.755102,0.762529,64.469933
409,21:08:21.438963,3688.156016,17.134726,0.076960,20,1553,44,0,0,24891.330794,0.575692,65.045625
410,21:08:21.537272,3688.254325,17.233035,0.098309,21,1538,44,0,0,24892.130908,0.800114,65.845738
411,21:08:21.700655,3688.417708,17.396418,0.163383,20,1527,44,0,0,24893.345979,1.215072,67.060810
412,21:08:21.842306,3688.559359,17.538069,0.141651,20,1511,43,0,0,24894.383711,1.037732,68.098542
413,21:08:21.877056,3688.594109,17.572819,0.034750,20,1508,43,0,0,24894.671186,0.287475,68.386016
414,21:08:21.945535,3688.662588,17.641298,0.068479,20,1510,43,0,0,24894.945397,0.274211,68.660227
415,21:08:22.002572,3688.719625,17.698335,0.057037,20,1514,43,0,0,24895.695846,0.750450,69.410677
416,21:08:22.064364,3688.781417,17.760127,0.061792,20,1511,43,0,0,24896.137875,0.442028,69.852705
417,21:08:22.143200,3688.860253,17.838963,0.078836,20,1507,43,0,0,24896.508413,0.370538,70.223244
418,21:08:22.213526,3688.930579,17.909289,0.070326,19,1506,42,0,0,24897.306267,0.797854,71.021098
419,21:08:22.284116,3689.001169,17.979879,0.070590,19,1501,42,0,0,24897.768493,0.462226,71.483324
420,21:08:22.355157,3689.072210,18.050920,0.071041,19,1497,42,0,0,24898.374890,0.606397,72.089721
421,21:08:22.411740,3689.128793,18.107503,0.056583,19,1490,42,41.998850735,-93.632880326,24898.771807,0.396917,72.486638
422,21:08:22.509255,3689.226308,18.205018,0.097515,19,1485,42,0,0,24899.445337,0.673530,73.160168
423,21:08:22.581252,3689.298305,18.277015,0.071997,19,1482,42,41.998850667,-93.632880333,24900.024223,0.578885,73.739054
424,21:08:22.719407,3689.436460,18.415170,0.138155,19,1483,44,0,0,24900.756061,0.731838,74.470892
425,21:08:22.814156,3689.531209,18.509919,0.094749,20,1497,44,0,0,24901.711612,0.955551,75.426443
426,21:08:22.982283,3689.699336,18.678046,0.168127,20,1525,44,0,0,24903.022958,1.311345,76.737788
427,21:08:23.060243,3689.777296,18.756006,0.077960,20,1554,44,0,0,24903.758663,0.735705,77.473494
428,21:08:23.161595,3689.878648,18.857358,0.101352,20,1558,43,0,0,24904.512753,0.754090,78.227584
429,21:08:23.248122,3689.965175,18.943885,0.086527,20,1570,43,0,0,24904.856553,0.343800,78.571384
430,21:08:23.347061,3690.064114,19.042824,0.098939,20,1570,43,0,0,24905.669220,0.812666,79.384051
431,21:08:23.392740,3690.109793,19.088503,0.045679,20,1570,43,41.998742469,-93.632901657,24906.231897,0.562677,79.946728
432,21:08:23.430246,3690.147299,19.126009,0.037506,20,1565,43,0,0,24906.575773,0.343876,80.290604
433,21:08:23.529028,3690.246081,19.224791,0.098782,20,1560,43,0,0,24907.294691,0.718918,81.009522
434,21:08:23.626943,3690.343996,19.322706,0.097915,19,1552,43,0,0,24907.794860,0.500169,81.509691
435,21:08:23.705691,3690.422744,19.401454,0.078748,19,1544,43,0,0,24908.607611,0.812750,82.322441
436,21:08:23.753567,3690.470620,19.449330,0.047876,19,1540,43,0,0,24908.982850,0.375239,82.697681
437,21:08:23.819388,3690.536441,19.515151,0.065821,19,1538,43,0,0,24909.420368,0.437518,83.135199
438,21:08:23.913381,3690.630434,19.609144,0.093993,19,1536,43,0,0,24909.983038,0.562670,83.697869
439,21:08:23.969000,3690.686053,19.664763,0.055619,19,1536,43,0,0,24910.670813,0.687775,84.385643
440,21:08:24.010684,3690.727737,19.706447,0.041684,19,1531,43,0,0,24911.014536,0.343724,84.729367
441,21:08:24.170899,3690.887952,19.866662,0.160215,19,1530,43,0,0,24911.769625,0.755089,85.484456
442,21:08:24.270607,3690.987660,19.966370,0.099708,19,1528,43,0,0,24912.921574,1.151949,86.636405
443,21:08:24.340146,3691.057199,20.035909,0.069539,19,1525,43,0,0,24913.298409,0.376835,87.013240
444,21:08:24.429315,3691.146368,20.125078,0.089169,19,1531,43,41.998635196,-93.632929923,24914.171713,0.873304,87.886544
445,21:08:24.532043,3691.249096,20.227806,0.102728,19,1527,43,0,0,24914.546831,0.375118,88.261662
446,21:08:24.646389,3691.363442,20.342152,0.114346,19,1525,42,41.998635167,-93.632929833,24915.528919,0.982088,89.243750
447,21:08:24.685738,3691.402791,20.381501,0.039349,19,1530,42,0,0,24916.170154,0.641235,89.884985
448,21:08:24.766578,3691.483631,20.462341,0.080840,19,1525,42,0,0,24916.689490,0.519337,90.404321
449,21:08:24.846294,3691.563347,20.542057,0.079716,19,1522,42,0,0,24917.274471,0.584981,90.989302
450,21:08:24.885789,3691.602842,20.581552,0.039495,19,1526,42,0,0,24917.574416,0.299945,91.289247
451,21:08:24.998896,3691.715949,20.694659,0.113107,19,1522,42,0,0,24918.429550,0.855134,92.144381
452,21:08:25.084957,3691.802010,20.780720,0.086061,18,1524,44,0,0,24918.967979,0.538429,92.682810
453,21:08:25.117940,3691.834993,20.813703,0.032983,17,1518,44,0,0,24919.385577,0.417598,93.100408
454,21:08:25.190846,3691.907899,20.886609,0.072906,17,1509,44,0,0,24919.863482,0.477905,93.578313
455,21:08:25.337420,3692.054473,21.033183,0.146574,17,1471,44,0,0,24921.080927,1.217445,94.795758
456,21:08:25.367410,3692.084463,21.063173,0.029990,17,1458,44,0,0,24921.366855,0.285927,95.081686
457,21:08:25.455388,3692.172441,21.151151,0.087978,17,1457,44,41.998529749,-93.632965704,24921.814635,0.447780,95.529466
458,21:08:25.542913,3692.259966,21.238676,0.087525,17,1452,43,0,0,24922.505801,0.691166,96.220632
459,21:08:25.630846,3692.347899,21.326609,0.087933,17,1444,43,0,0,24923.099705,0.593904,96.814536
460,21:08:25.676373,3692.393426,21.372136,0.045527,17,1434,43,0,0,24923.663634,0.563929,97.378465
461,21:08:25.747340,3692.464393,21.443103,0.070967,17,1423,43,0,0,24924.068803,0.405169,97.783633
462,21:08:25.803249,3692.520302,21.499012,0.055909,17,1443,43,0,0,24924.506375,0.437573,98.221206
463,21:08:25.910826,3692.627879,21.606589,0.107577,17,1442,43,0,0,24925.413309,0.906934,99.128140
464,21:08:25.999950,3692.717003,21.695713,0.089124,17,1438,42,0,0,24926.210885,0.797576,99.925716
465,21:08:26.076326,3692.793379,21.772089,0.076376,18,1440,42,0,0,24926.611447,0.400562,100.326278
466,21:08:26.126925,3692.843978,21.822688,0.050599,17,1440,42,0,0,24927.065758,0.454311,100.780588
467,21:08:26.205516,3692.922569,21.901279,0.078591,17,1422,42,0,0,24927.584789,0.519031,101.299619
468,21:08:26.246832,3692.963885,21.942595,0.041316,18,1427,42,0,0,24928.042828,0.458039,101.757658
469,21:08:26.342560,3693.059613,22.038323,0.095728,18,1420,42,0,0,24928.531365,0.488538,102.246196
470,21:08:26.410151,3693.127204,22.105914,0.067591,18,1417,42,41.998427368,-93.633008262,24929.264132,0.732766,102.978962
471,21:08:26.507347,3693.224400,22.203110,0.097196,18,1417,42,0,0,24929.874715,0.610584,103.589546
472,21:08:26.562032,3693.279085,22.257795,0.054685,18,1401,42,0,0,24930.216431,0.341715,103.931261
473,21:08:26.594705,3693.311758,22.290468,0.032673,18,1400,42,0,0,24930.607505,0.391074,104.322336
474,21:08:26.692970,3693.410023,22.388733,0.098265,18,1404,42,0,0,24931.218165,0.610660,104.932996
475,21:08:26.783284,3693.500337,22.479047,0.090314,18,1382,42,0,0,24932.012021,0.793856,105.726852
476,21:08:26.829991,3693.547044,22.525754,0.046707,18,1355,42,0,0,24932.347854,0.335833,106.062685
477,21:08:26.909815,3693.626868,22.605578,0.079824,18,1345,42,0,0,24932.866990,0.519136,106.581821
478,21:08:26.963263,3693.680316,22.659026,0.053448,18,1343,42,0,0,24933.386335,0.519345,107.101166
479,21:08:27.056594,3693.773647,22.752357,0.093331,18,1353,42,0,0,24934.033808,0.647473,107.748639
480,21:08:27.127592,3693.844645,22.823355,0.070998,18,1360,42,0,0,24934.362964,0.329157,108.077795
481,21:08:27.231092,3693.948145,22.926855,0.103500,18,1354,42,0,0,24935.370519,1.007554,109.085350
482,21:08:27.307841,3694.024894,23.003604,0.076749,18,1338,42,0,0,24935.950618,0.580099,109.665449
483,21:08:27.391899,3694.108952,23.087662,0.084058,18,1330,42,41.998330614,-93.633055637,24936.225406,0.274788,109.940237
484,21:08:27.471456,3694.188509,23.167219,0.079557,18,1316,42,0,0,24937.143158,0.917752,110.857989
485,21:08:27.590736,3694.307789,23.286499,0.119280,18,1310,42,0,0,24937.904740,0.761582,111.619571
486,21:08:27.669488,3694.386541,23.365251,0.078752,17,1304,42,0,0,24938.638475,0.733735,112.353306
487,21:08:27.723807,3694.440860,23.419570,0.054319,17,1304,42,0,0,24938.820658,0.182183,112.535489
488,21:08:27.760117,3694.477170,23.455880,0.036310,17,1298,42,0,0,24939.249910,0.429252,112.964741
489,21:08:27.804722,3694.521775,23.500485,0.044605,17,1293,42,0,0,24939.645112,0.395202,113.359943
490,21:08:27.857127,3694.574180,23.552890,0.052405,17,1290,41,0,0,24939.914789,0.269676,113.629619
491,21:08:27.936251,3694.653304,23.632014,0.079124,17,1283,41,0,0,24940.422655,0.507867,114.137486
492,21:08:27.973091,3694.690144,23.668854,0.036840,17,1276,41,0,0,24940.808849,0.386194,114.523680
493,21:08:28.023746,3694.740799,23.719509,0.050655,17,1271,41,0,0,24941.077108,0.268259,114.791939
494,21:08:28.056266,3694.773319,23.752029,0.032520,17,1268,41,0,0,24941.434815,0.357707,115.149645
495,21:08:28.094028,3694.811081,23.789791,0.037762,17,1264,41,0,0,24941.732827,0.298013,115.447658
496,21:08:28.143501,3694.860554,23.839264,0.049473,17,1265,41,0,0,24941.971248,0.238421,115.686079
497,21:08:28.235687,3694.952740,23.931450,0.092186,17,1259,41,0,0,24942.656787,0.685539,116.371617
498,21:08:28.267094,3694.984147,23.962857,0.031407,17,1252,41,0,0,24943.020648,0.363862,116.735479
499,21:08:28.331170,3695.048223,24.026933,0.064076,17,1246,39,0,0,24943.387410,0.366762,117.102241
500,21:08:28.383082,3695.100135,24.078845,0.051912,17,1238,39,41.998240804,-93.633105722,24943.699207,0.311797,117.414038
501,21:08:28.451883,3695.168936,24.147646,0.068801,17,1233,39,0,0,24944.126237,0.427030,117.841068
502,21:08:28.537401,3695.254454,24.233164,0.085518,17,1220,39,0,0,24944.833316,0.707079,118.548147
503,21:08:28.601523,3695.318576,24.297286,0.064122,17,1217,39,0,0,24945.145128,0.311812,118.859959
504,21:08:28.732034,3695.449087,24.427797,0.130511,17,1197,39,0,0,24946.222588,1.077459,119.937418
505,21:08:28.816288,3695.533341,24.512051,0.084254,17,1189,38,0,0,24946.695708,0.473120,120.410539
506,21:08:28.863954,3695.581007,24.559717,0.047666,17,1168,38,0,0,24947.081589,0.385882,120.796420
507,21:08:28.908851,3695.625904,24.604614,0.044897,17,1157,38,0,0,24947.416420,0.334831,121.131251
508,21:08:28.950570,3695.667623,24.646333,0.041719,17,1145,38,0,0,24947.689276,0.272856,121.404107
509,21:08:29.025069,3695.742122,24.720832,0.074499,17,1112,38,0,0,24948.075994,0.386718,121.790825
510,21:08:29.079412,3695.796465,24.775175,0.054343,17,1020,38,0,0,24948.545654,0.469660,122.260485
511,21:08:29.155672,3695.872725,24.851435,0.076260,19,1036,38,0,0,24949.045588,0.499933,122.760418
512,21:08:29.210433,3695.927486,24.906196,0.054761,18,1079,38,0,0,24949.405674,0.360087,123.120505
513,21:08:29.256274,3695.973327,24.952037,0.045841,18,1109,36,0,0,24949.746462,0.340787,123.461292
514,21:08:29.296897,3696.013950,24.992660,0.040623,18,1138,36,0,0,24949.982006,0.235545,123.696837
515,21:08:29.344657,3696.061710,25.040420,0.047760,18,1148,36,0,0,24950.218383,0.236376,123.933213
516,21:08:29.389679,3696.106732,25.085442,0.045022,18,1158,36,41.998159682,-93.633156543,24950.531515,0.313132,124.246345
517,21:08:29.426469,3696.143522,25.122232,0.036790,18,1162,36,0,0,24950.819443,0.287929,124.534274
518,21:08:29.451455,3696.168508,25.147218,0.024986,18,1163,36,0,0,24951.003749,0.184306,124.718580
519,21:08:29.508572,3696.225625,25.204335,0.057117,18,1173,36,0,0,24951.297620,0.293871,125.012451
520,21:08:29.577744,3696.294797,25.273507,0.069172,18,1169,36,0,0,24951.787794,0.490174,125.502625
521,21:08:29.617418,3696.334471,25.313181,0.039674,17,1171,36,0,0,24952.049521,0.261727,125.764352
522,21:08:29.649483,3696.366536,25.345246,0.032065,17,1166,36,0,0,24952.233739,0.184218,125.948570
523,21:08:29.683374,3696.400427,25.379137,0.033891,18,1160,36,0,0,24952.468192,0.234452,126.183022
524,21:08:29.776302,3696.493355,25.472065,0.092928,17,1148,34,0,0,24952.898029,0.429838,126.612860
525,21:08:29.817181,3696.534234,25.512944,0.040879,17,1130,34,0,0,24953.239894,0.341865,126.954725
526,21:08:29.850915,3696.567968,25.546678,0.033734,17,1120,34,0,0,24953.462312,0.222419,127.177143
527,21:08:29.909312,3696.626365,25.605075,0.058397,17,1115,34,0,0,24953.758892,0.296580,127.473723
528,21:08:29.943513,3696.660566,25.639276,0.034201,18,1107,34,0,0,24954.030752,0.271859,127.745582
529,21:08:29.978388,3696.695441,25.674151,0.034875,17,1105,34,0,0,24954.228533,0.197781,127.943363
530,21:08:30.023547,3696.740600,25.719310,0.045159,17,1102,34,0,0,24954.450932,0.222400,128.165763
531,21:08:30.071183,3696.788236,25.766946,0.047636,17,1093,34,0,0,24954.747573,0.296641,128.462404
532,21:08:30.133193,3696.850246,25.828956,0.062010,17,1088,34,0,0,24955.068863,0.321290,128.783693
533,21:08:30.184934,3696.901987,25.880697,0.051741,17,1073,33,0,0,24955.479331,0.410468,129.194162
534,21:08:30.259675,3696.976728,25.955438,0.074741,17,1067,33,0,0,24955.695276,0.215945,129.410107
535,21:08:30.322190,3697.039243,26.017953,0.062515,17,1056,33,0,0,24956.103122,0.407846,129.817953
536,21:08:30.352363,3697.069416,26.048126,0.030173,17,1052,33,0,0,24956.462915,0.359793,130.177746
537,21:08:30.401549,3697.118602,26.097312,0.049186,17,1044,33,41.998088747,-93.633207523,24956.750879,0.287963,130.465709
538,21:08:30.461883,3697.178936,26.157646,0.060334,17,1038,33,0,0,24956.990735,0.239857,130.705566
539,21:08:30.496175,3697.213228,26.191938,0.034292,17,1030,33,0,0,24957.327355,0.336620,131.042186
540,21:08:30.555807,3697.272860,26.251570,0.059632,17,1026,33,0,0,24957.518447,0.191091,131.233277
541,21:08:30.602488,3697.319541,26.298251,0.046681,17,1026,33,0,0,24957.879076,0.360629,131.593907
542,21:08:30.643190,3697.360243,26.338953,0.040702,17,1018,33,0,0,24958.168984,0.289908,131.883815
543,21:08:30.684184,3697.401237,26.379947,0.040994,17,1018,31,0,0,24958.350488,0.181504,132.065318
544,21:08:30.720806,3697.437859,26.416569,0.036622,17,1016,31,0,0,24958.575918,0.225430,132.290749
545,21:08:30.791360,3697.508413,26.487123,0.070554,17,1012,31,0,0,24958.957610,0.381692,132.672441
546,21:08:30.852029,3697.569082,26.547792,0.060669,17,1005,31,0,0,24959.318237,0.360627,133.033067
547,21:08:30.887072,3697.604125,26.582835,0.035043,17,994,31,0,0,24959.521039,0.202803,133.235870
548,21:08:30.917357,3697.634410,26.613120,0.030285,17,989,31,0,0,24959.678813,0.157774,133.393644
549,21:08:30.950365,3697.667418,26.646128,0.033008,17,984,31,0,0,24959.859038,0.180225,133.573869
550,21:08:30.997530,3697.714583,26.693293,0.047165,17,975,31,0,0,24960.129482,0.270444,133.844313
551,21:08:31.035390,3697.752443,26.731153,0.037860,18,968,31,0,0,24960.287317,0.157835,134.002148
552,21:08:31.124827,3697.841880,26.820590,0.089437,18,959,31,0,0,24960.692879,0.405562,134.407709
553,21:08:31.149272,3697.866325,26.845035,0.024445,18,953,30,0,0,24960.978457,0.285578,134.693288
554,21:08:31.190178,3697.907231,26.885941,0.040906,18,950,30,0,0,24961.131109,0.152652,134.845939
555,21:08:31.275171,3697.992224,26.970934,0.084993,18,942,30,0,0,24961.610903,0.479795,135.325734
556,21:08:31.339700,3698.056753,27.035463,0.064529,18,940,30,0,0,24961.829041,0.218138,135.543872
557,21:08:31.394656,3698.111709,27.090419,0.054956,18,929,30,41.998024758,-93.633248993,24962.199719,0.370678,135.914550
558,21:08:31.420021,3698.137074,27.115784,0.025365,18,925,30,0,0,24962.374248,0.174529,136.089079
559,21:08:31.454901,3698.171954,27.150664,0.034880,18,922,30,0,0,24962.570450,0.196202,136.285281
560,21:08:31.563451,3698.280504,27.259214,0.108550,18,913,30,0,0,24963.072069,0.501619,136.786900
561,21:08:31.598179,3698.315232,27.293942,0.034728,18,903,28,0,0,24963.320099,0.248030,137.034930
562,21:08:31.636922,3698.353975,27.332685,0.038743,18,898,28,0,0,24963.483614,0.163515,137.198445
563,21:08:31.669427,3698.386480,27.365190,0.032505,18,895,28,0,0,24963.686494,0.202880,137.401325
564,21:08:31.708188,3698.425241,27.403951,0.038761,18,892,28,0,0,24963.869686,0.183192,137.584516
565,21:08:31.755799,3698.472852,27.451562,0.047611,18,881,28,0,0,24964.093595,0.223909,137.808425
566,21:08:31.785189,3698.502242,27.480952,0.029390,18,877,28,0,0,24964.236070,0.142475,137.950900
567,21:08:31.864697,3698.581750,27.560460,0.079508,18,870,28,0,0,24964.521030,0.284961,138.235861
568,21:08:31.900713,3698.617766,27.596476,0.036016,18,865,28,0,0,24964.806020,0.284990,138.520851
569,21:08:31.967881,3698.684934,27.663644,0.067168,18,866,28,0,0,24965.177508,0.371488,138.892339
570,21:08:31.995022,3698.712075,27.690785,0.027141,18,867,28,0,0,24965.315003,0.137496,139.029834
571,21:08:32.032901,3698.749954,27.728664,0.037879,18,862,28,0,0,24965.498086,0.183083,139.212917
572,21:08:32.079879,3698.796932,27.775642,0.046978,18,862,26,0,0,24965.632616,0.134530,139.347447
573,21:08:32.115739,3698.832792,27.811502,0.035860,18,860,26,0,0,24965.897273,0.264657,139.612104
574,21:08:32.154403,3698.871456,27.850166,0.038664,18,858,26,0,0,24966.010657,0.113384,139.725488
575,21:08:32.200108,3698.917161,27.895871,0.045705,17,854,26,0,0,24966.204827,0.194171,139.919658
576,21:08:32.239859,3698.956912,27.935622,0.039751,17,852,26,0,0,24966.464127,0.259299,140.178957
577,21:08:32.261240,3698.978293,27.957003,0.021381,17,852,26,0,0,24966.558653,0.094526,140.273483
578,21:08:32.297117,3699.014170,27.992880,0.035877,17,848,26,0,0,24966.710437,0.151784,140.425268
579,21:08:32.319181,3699.036234,28.014944,0.022064,17,848,26,0,0,24966.823444,0.113007,140.538274
580,21:08:32.347277,3699.064330,28.043040,0.028096,17,849,26,0,0,24966.936768,0.113325,140.651599
581,21:08:32.388350,3699.105403,28.084113,0.041073,17,849,26,41.997965939,-93.633263445,24967.125766,0.188998,140.840597
582,21:08:32.443235,3699.160288,28.138998,0.054885,17,851,26,0,0,24967.259669,0.133903,140.974500
583,21:08:32.474170,3699.191223,28.169933,0.030935,17,851,26,0,0,24967.522707,0.263038,141.237538
584,21:08:32.578798,3699.295851,28.274561,0.104628,17,854,24,0,0,24967.825536,0.302830,141.540367
585,21:08:32.635562,3699.352615,28.331325,0.056764,17,863,24,0,0,24968.209487,0.383950,141.924318
586,21:08:32.667948,3699.385001,28.363711,0.032386,17,867,24,0,0,24968.365551,0.156064,142.080382
587,21:08:32.716260,3699.433313,28.412023,0.048312,17,870,24,0,0,24968.541995,0.176444,142.256825
588,21:08:32.755180,3699.472233,28.450943,0.038920,17,874,24,0,0,24968.731898,0.189903,142.446728
589,21:08:32.812486,3699.529539,28.508249,0.057306,17,878,24,0,0,24968.906370,0.174473,142.621201
590,21:08:32.843206,3699.560259,28.538969,0.030720,17,882,24,0,0,24969.099348,0.192978,142.814179
591,21:08:32.870538,3699.587591,28.566301,0.027332,17,882,24,0,0,24969.220422,0.121073,142.935253
592,21:08:32.909062,3699.626115,28.604825,0.038524,17,883,24,0,0,24969.360045,0.139623,143.074876
593,21:08:32.968293,3699.685346,28.664056,0.059231,17,883,24,0,0,24969.604253,0.244208,143.319084
594,21:08:33.010865,3699.727918,28.706628,0.042572,17,881,24,0,0,24969.743826,0.139573,143.458657
595,21:08:33.076931,3699.793984,28.772694,0.066066,18,882,22,0,0,24970.070012,0.326186,143.784843
596,21:08:33.147210,3699.864263,28.842973,0.070279,21,890,22,0,0,24970.343569,0.273556,144.058399
597,21:08:33.207775,3699.924828,28.903538,0.060565,24,920,22,0,0,24970.549803,0.206234,144.264634
598,21:08:33.243856,3699.960909,28.939619,0.036081,25,957,22,0,0,24970.725723,0.175920,144.440554
599,21:08:33.303548,3700.020601,28.999311,0.059692,25,1015,22,0,0,24970.949664,0.223940,144.664494
600,21:08:33.354054,3700.071107,29.049817,0.050506,26,1212,22,0,0,24971.157537,0.207874,144.872368
601,21:08:33.401787,3700.118840,29.097550,0.047733,26,1290,22,41.997912555,-93.63325126,24971.333494,0.175956,145.048324
602,21:08:33.442981,3700.160034,29.138744,0.041194,26,1418,22,0,0,24971.509402,0.175909,145.224233
603,21:08:33.488977,3700.206030,29.184740,0.045996,26,1504,21,0,0,24971.663616,0.154214,145.378447
604,21:08:33.538185,3700.255238,29.233948,0.049208,26,1617,21,0,0,24971.785768,0.122152,145.500598
605,21:08:33.600328,3700.317381,29.296091,0.062143,26,1718,21,0,0,24972.014775,0.229007,145.729606
606,21:08:33.647646,3700.364699,29.343409,0.047318,26,1801,21,0,0,24972.259964,0.245189,145.974795
607,21:08:33.702176,3700.419229,29.397939,0.054530,26,1822,21,0,0,24972.429469,0.169505,146.144300
608,21:08:33.766237,3700.483290,29.462000,0.064061,26,1847,21,0,0,24972.702655,0.273186,146.417486
609,21:08:33.806803,3700.523856,29.502566,0.040566,26,1852,21,0,0,24972.869636,0.166981,146.584467
610,21:08:33.865413,3700.582466,29.561176,0.058610,25,1853,21,0,0,24973.023966,0.154330,146.738797
611,21:08:33.898812,3700.615865,29.594575,0.033399,25,1844,21,0,0,24973.205690,0.181725,146.920521
612,21:08:33.971945,3700.688998,29.667708,0.073133,24,1831,21,0,0,24973.481191,0.275500,147.196022
613,21:08:34.021544,3700.738597,29.717307,0.049599,22,1806,21,0,0,24973.632978,0.151787,147.347808
614,21:08:34.067426,3700.784479,29.763189,0.045882,22,1779,21,0,0,24973.788805,0.155827,147.503635
615,21:08:34.101291,3700.818344,29.797054,0.033865,22,1738,21,0,0,24973.953524,0.164720,147.668355
616,21:08:34.144438,3700.861491,29.840201,0.043147,22,1694,21,0,0,24974.125015,0.171491,147.839846
617,21:08:34.209128,3700.926181,29.904891,0.064690,21,1634,21,0,0,24974.365717,0.240702,148.080548
618,21:08:34.269431,3700.986484,29.965194,0.060303,21,1616,21,0,0,24974.580586,0.214868,148.295417
619,21:08:34.323296,3701.040349,30.019059,0.053865,21,1570,21,0,0,24974.777904,0.197318,148.492734
620,21:08:34.391079,3701.108132,30.086842,0.067783,21,1530,21,41.997863751,-93.633213164,24974.991635,0.213731,148.706465
621,21:08:34.442325,3701.159378,30.138088,0.051246,21,1498,21,0,0,24975.205381,0.213746,148.920212
622,21:08:34.501680,3701.218733,30.197443,0.059355,21,1484,21,0,0,24975.449904,0.244523,149.164735
623,21:08:34.547491,3701.264544,30.243254,0.045811,21,1470,21,0,0,24975.617523,0.167619,149.332354
624,21:08:34.591567,3701.308620,30.287330,0.044076,21,1461,21,0,0,24975.754935,0.137413,149.469766
625,21:08:34.624054,3701.341107,30.319817,0.032487,21,1454,21,0,0,24975.907598,0.152663,149.622429
626,21:08:34.698190,3701.415243,30.393953,0.074136,21,1452,21,0,0,24976.060247,0.152649,149.775077
627,21:08:34.766313,3701.483366,30.462076,0.068123,20,1440,21,0,0,24976.350371,0.290124,150.065202
628,21:08:34.871195,3701.588248,30.566958,0.104882,20,1428,21,0,0,24976.642161,0.291790,150.356992
629,21:08:34.915443,3701.632496,30.611206,0.044248,20,1403,23,0,0,24976.952388,0.310227,150.667219
630,21:08:34.948550,3701.665603,30.644313,0.033107,20,1390,23,0,0,24977.153538,0.201150,150.868369
631,21:08:35.002899,3701.719952,30.698662,0.054349,20,1382,23,0,0,24977.286319,0.132781,151.001150
632,21:08:35.046250,3701.763303,30.742013,0.043351,20,1367,23,0,0,24977.553815,0.267496,151.268645
633,21:08:35.111439,3701.828492,30.807202,0.065189,20,1350,23,0,0,24977.821413,0.267599,151.536244
634,21:08:35.208650,3701.925703,30.904413,0.097211,19,1330,23,0,0,24978.173446,0.352033,151.888277
635,21:08:35.265606,3701.982659,30.961369,0.056956,19,1304,23,0,0,24978.440000,0.266553,152.154831
636,21:08:35.309799,3702.026852,31.005562,0.044193,20,1292,23,0,0,24978.624468,0.184468,152.339299
637,21:08:35.358953,3702.076006,31.054716,0.049154,20,1283,23,0,0,24978.791136,0.166668,152.505967
638,21:08:35.403314,3702.120367,31.099077,0.044361,19,1273,22,41.997823003,-93.633157423,24978.968815,0.177679,152.683646
639,21:08:35.445011,3702.162064,31.140774,0.041697,18,1269,22,0,0,24979.144685,0.175870,152.859515
640,21:08:35.517187,3702.234240,31.212950,0.072176,17,1248,22,0,0,24979.433230,0.288545,153.148061
641,21:08:35.604964,3702.322017,31.300727,0.087777,17,1228,22,0,0,24979.656448,0.223218,153.371279
642,21:08:35.642418,3702.359471,31.338181,0.037454,17,1181,22,0,0,24979.944380,0.287932,153.659210
643,21:08:35.690299,3702.407352,31.386062,0.047881,17,1152,22,0,0,24980.091522,0.147142,153.806353
644,21:08:35.753013,3702.470066,31.448776,0.062714,17,1118,22,0,0,24980.312202,0.220681,154.027033
645,21:08:35.791555,3702.508608,31.487318,0.038542,17,1091,22,0,0,24980.520080,0.207877,154.234911
646,21:08:35.836209,3702.553262,31.531972,0.044654,17,1072,22,0,0,24980.696962,0.176882,154.411792
647,21:08:35.903176,3702.620229,31.598939,0.066967,17,1039,22,0,0,24980.919910,0.222948,154.634740
648,21:08:35.949559,3702.666612,31.645322,0.046383,17,1016,22,0,0,24981.111830,0.191921,154.826661
649,21:08:35.982147,3702.699200,31.677910,0.032588,17,998,22,0,0,24981.255795,0.143964,154.970625
650,21:08:36.017958,3702.735011,31.713721,0.035811,17,977,22,0,0,24981.415802,0.160007,155.130632
651,21:08:36.054179,3702.771232,31.749942,0.036221,17,962,22,0,0,24981.495696,0.079894,155.210526
652,21:08:36.100492,3702.817545,31.796255,0.046313,18,945,22,0,0,24981.655749,0.160053,155.370580
653,21:08:36.154081,3702.871134,31.849844,0.053589,17,930,22,0,0,24981.863491,0.207742,155.578321
654,21:08:36.232829,3702.949882,31.928592,0.078748,17,912,22,0,0,24982.103411,0.239921,155.818242
655,21:08:36.366302,3703.083355,32.062065,0.133473,17,894,24,0,0,24982.737241,0.633830,156.452072
656,21:08:36.400158,3703.117211,32.095921,0.033856,17,879,24,41.997786547,-93.633093856,24982.946660,0.209419,156.661491
657,21:08:36.486226,3703.203279,32.181989,0.086068,17,873,24,0,0,24983.295549,0.348889,157.010380
658,21:08:36.516911,3703.233964,32.212674,0.030685,17,870,24,0,0,24983.470064,0.174515,157.184895
659,21:08:36.581958,3703.299011,32.277721,0.065047,17,864,24,0,0,24983.644476,0.174412,157.359307
660,21:08:36.623557,3703.340610,32.319320,0.041599,17,865,24,0,0,24983.906787,0.262311,157.621618
661,21:08:36.696657,3703.413710,32.392420,0.073100,17,866,24,0,0,24984.202780,0.295993,157.917611
662,21:08:36.743923,3703.460976,32.439686,0.047266,17,869,24,0,0,24984.413204,0.210424,158.128035
663,21:08:36.798846,3703.515899,32.494609,0.054923,17,869,23,0,0,24984.614748,0.201544,158.329579
664,21:08:36.846384,3703.563437,32.542147,0.047538,17,866,23,0,0,24984.848819,0.234071,158.563650
665,21:08:36.899006,3703.616059,32.594769,0.052622,17,866,23,0,0,24985.066166,0.217347,158.780997
666,21:08:36.953877,3703.670930,32.649640,0.054871,17,865,23,0,0,24985.283509,0.217343,158.998340
667,21:08:37.008959,3703.726012,32.704722,0.055082,17,865,23,0,0,24985.484198,0.200689,159.199029
668,21:08:37.070657,3703.787710,32.766420,0.061698,17,866,23,0,0,24985.751706,0.267508,159.466537
669,21:08:37.106331,3703.823384,32.802094,0.035674,17,863,23,0,0,24985.903153,0.151447,159.617984
670,21:08:37.140367,3703.857420,32.836130,0.034036,17,862,23,0,0,24986.037522,0.134368,159.752352
671,21:08:37.189192,3703.906245,32.884955,0.048825,17,862,23,0,0,24986.219957,0.182435,159.934788
672,21:08:37.257032,3703.974085,32.952795,0.067840,17,861,22,0,0,24986.526734,0.306778,160.241565
673,21:08:37.319148,3704.036201,33.014911,0.062116,17,862,22,0,0,24986.638695,0.111960,160.353526
674,21:08:37.368791,3704.085844,33.064554,0.049643,17,864,22,0,0,24986.927509,0.288814,160.642340
675,21:08:37.397767,3704.114820,33.093530,0.028976,17,859,22,41.997754876,-93.633030701,24987.054544,0.127035,160.769374
676,21:08:37.454587,3704.171640,33.150350,0.056820,17,860,22,0,0,24987.295312,0.240769,161.010143
677,21:08:37.493165,3704.210218,33.188928,0.038578,17,860,22,0,0,24987.422339,0.127026,161.137170
678,21:08:37.573000,3704.290053,33.268763,0.079835,17,856,22,0,0,24987.678205,0.255866,161.393036
679,21:08:37.638013,3704.355066,33.333776,0.065013,17,858,22,0,0,24987.998504,0.320299,161.713334
680,21:08:37.684067,3704.401120,33.379830,0.046054,17,856,22,0,0,24988.110027,0.111523,161.824857
681,21:08:37.733339,3704.450392,33.429102,0.049272,17,854,21,0,0,24988.346142,0.236115,162.060972
682,21:08:37.805299,3704.522352,33.501062,0.071960,17,854,21,0,0,24988.600976,0.254835,162.315807
683,21:08:37.852033,3704.569086,33.547796,0.046734,17,854,21,0,0,24988.799435,0.198459,162.514266
684,21:08:37.895188,3704.612241,33.590951,0.043155,17,857,21,0,0,24988.952109,0.152674,162.666940
685,21:08:37.936170,3704.653223,33.631933,0.040982,17,857,21,0,0,24989.107049,0.154940,162.821880
686,21:08:37.978858,3704.695911,33.674621,0.042688,17,854,21,0,0,24989.272663,0.165613,162.987494
687,21:08:38.018295,3704.735348,33.714058,0.039437,17,854,21,0,0,24989.425400,0.152737,163.140231
688,21:08:38.079876,3704.796929,33.775639,0.061581,17,857,21,0,0,24989.639076,0.213676,163.353907
689,21:08:38.114497,3704.831550,33.810260,0.034621,17,857,21,0,0,24989.761212,0.122136,163.476043
690,21:08:38.152541,3704.869594,33.848304,0.038044,17,856,21,0,0,24989.916373,0.155161,163.631203
691,21:08:38.216213,3704.933266,33.911976,0.063672,17,858,21,0,0,24990.158104,0.241731,163.872934
692,21:08:38.267175,3704.984228,33.962938,0.050962,17,857,21,0,0,24990.297074,0.138970,164.011905
693,21:08:38.332500,3705.049553,34.028263,0.065325,17,856,21,0,0,24990.585537,0.288463,164.300367
694,21:08:38.432662,3705.149715,34.128425,0.100162,17,852,21,41.997726625,-93.632970162,24990.967211,0.381674,164.682042
695,21:08:38.462774,3705.179827,34.158537,0.030112,17,852,21,0,0,24991.089369,0.122158,164.804200
696,21:08:38.507866,3705.224919,34.203629,0.045092,17,848,21,0,0,24991.197079,0.107710,164.911910
697,21:08:38.553805,3705.270858,34.249568,0.045939,17,845,21,0,0,24991.397438,0.200359,165.112269
698,21:08:38.588641,3705.305694,34.284404,0.034836,17,844,21,0,0,24991.549125,0.151686,165.263955
699,21:08:38.628542,3705.345595,34.324305,0.039901,17,844,21,0,0,24991.684738,0.135613,165.399569
700,21:08:38.678205,3705.395258,34.373968,0.049663,17,839,21,0,0,24991.883166,0.198428,165.597997
701,21:08:38.701443,3705.418496,34.397206,0.023238,17,840,21,0,0,24991.974795,0.091628,165.689625
702,21:08:38.732606,3705.449659,34.428369,0.031163,17,840,21,0,0,24992.066360,0.091565,165.781190
703,21:08:38.793831,3705.510884,34.489594,0.061225,17,839,21,0,0,24992.206832,0.140473,165.921663
704,21:08:38.821435,3705.538488,34.517198,0.027604,17,834,21,0,0,24992.432765,0.225933,166.147596
705,21:08:38.864921,3705.581974,34.560684,0.043486,17,834,21,0,0,24992.554872,0.122106,166.269702
706,21:08:38.927578,3705.644631,34.623341,0.062657,17,831,21,0,0,24992.768726,0.213855,166.483557
707,21:08:38.959755,3705.676808,34.655518,0.032177,17,827,21,0,0,24992.921258,0.152532,166.636089
708,21:08:38.994039,3705.711092,34.689802,0.034284,17,826,21,0,0,24993.058962,0.137704,166.773793
709,21:08:39.017303,3705.734356,34.713066,0.023264,17,826,21,0,0,24993.150266,0.091304,166.865097
710,21:08:39.080805,3705.797858,34.776568,0.063502,17,825,21,0,0,24993.318232,0.167965,167.033062
711,21:08:39.122328,3705.839381,34.818091,0.041523,17,822,21,0,0,24993.531929,0.213697,167.246760
712,21:08:39.171042,3705.888095,34.866805,0.048714,17,821,20,0,0,24993.708282,0.176353,167.423112
713,21:08:39.212294,3705.929347,34.908057,0.041252,17,821,20,0,0,24993.853667,0.145386,167.568498
714,21:08:39.256257,3705.973310,34.952020,0.043963,17,816,20,0,0,24994.013603,0.159936,167.728434
715,21:08:39.296970,3706.014023,34.992733,0.040713,17,817,20,0,0,24994.144475,0.130873,167.859306
716,21:08:39.329163,3706.046216,35.024926,0.032193,17,816,20,0,0,24994.260807,0.116332,167.975638
717,21:08:39.381134,3706.098187,35.076897,0.051971,17,810,20,41.997702489,-93.632917546,24994.409646,0.148839,168.124477
718,21:08:39.429865,3706.146918,35.125628,0.048731,17,805,20,0,0,24994.624242,0.214596,168.339073
719,21:08:39.460451,3706.177504,35.156214,0.030586,17,808,20,0,0,24994.740555,0.116313,168.455386
720,21:08:39.516055,3706.233108,35.211818,0.055604,17,811,20,0,0,24994.929584,0.189029,168.644415
721,21:08:39.568308,3706.285361,35.264071,0.052253,17,820,20,0,0,24995.060411,0.130827,168.775242
722,21:08:39.608287,3706.325340,35.304050,0.039979,17,842,20,0,0,24995.222214,0.161803,168.937045
723,21:08:39.631981,3706.349034,35.327744,0.023694,17,856,18,0,0,24995.341120,0.118906,169.055951
724,21:08:39.683314,3706.400367,35.379077,0.051333,17,870,18,0,0,24995.471955,0.130835,169.186786
725,21:08:39.715939,3706.432992,35.411702,0.032625,17,902,18,0,0,24995.602812,0.130857,169.317643
726,21:08:39.798556,3706.515609,35.494319,0.082617,17,932,18,0,0,24995.851436,0.248624,169.566267
727,21:08:39.863913,3706.580966,35.559676,0.065357,17,959,18,0,0,24996.073894,0.222458,169.788724
728,21:08:39.906191,3706.623244,35.601954,0.042278,17,986,18,0,0,24996.218618,0.144724,169.933449
729,21:08:39.949177,3706.666230,35.644940,0.042986,17,1004,18,0,0,24996.348652,0.130034,170.063482
730,21:08:39.995179,3706.712232,35.690942,0.046002,17,1022,18,0,0,24996.495190,0.146539,170.210021
731,21:08:40.029650,3706.746703,35.725413,0.034471,17,1036,18,0,0,24996.610353,0.115163,170.325184
732,21:08:40.074576,3706.791629,35.770339,0.044926,17,1048,16,0,0,24996.729889,0.119536,170.444720
733,21:08:40.109953,3706.827006,35.805716,0.035377,17,1062,16,0,0,24996.822963,0.093073,170.537794
734,21:08:40.150338,3706.867391,35.846101,0.040385,17,1074,16,0,0,24996.963226,0.140263,170.678057
735,21:08:40.186266,3706.903319,35.882029,0.035928,17,1083,16,0,0,24997.043896,0.080670,170.758727
736,21:08:40.252121,3706.969174,35.947884,0.065855,17,1103,16,0,0,24997.195577,0.151681,170.910407
737,21:08:40.324920,3707.041973,36.020683,0.072799,17,1110,16,0,0,24997.358621,0.163044,171.073452
738,21:08:40.406478,3707.123531,36.102241,0.081558,17,1138,16,41.997684945,-93.632877177,24997.625450,0.266829,171.340281
739,21:08:40.435731,3707.152784,36.131494,0.029253,17,1128,16,0,0,24997.764961,0.139511,171.479791
740,21:08:40.459487,3707.176540,36.155250,0.023756,17,1118,16,0,0,24997.834750,0.069789,171.549580
741,21:08:40.485354,3707.202407,36.181117,0.025867,17,1104,16,0,0,24997.904911,0.070161,171.619742
742,21:08:40.511283,3707.228336,36.207046,0.025929,17,1093,16,0,0,24997.974377,0.069466,171.689208
743,21:08:40.544821,3707.261874,36.240584,0.033538,17,1075,14,0,0,24998.058386,0.084009,171.773217
744,21:08:40.619858,3707.336911,36.315621,0.075037,17,1048,14,0,0,24998.222822,0.164436,171.937653
745,21:08:40.653627,3707.370680,36.349390,0.033769,17,1008,14,0,0,24998.322953,0.100131,172.037784
746,21:08:40.696910,3707.413963,36.392673,0.043283,17,988,14,0,0,24998.434915,0.111962,172.149746
747,21:08:40.732510,3707.449563,36.428273,0.035600,17,962,14,0,0,24998.526519,0.091604,172.241349
748,21:08:40.790589,3707.507642,36.486352,0.058079,17,936,14,0,0,24998.669593,0.143074,172.384423
749,21:08:40.839165,3707.556218,36.534928,0.048576,17,907,14,0,0,24998.791726,0.122134,172.506557
750,21:08:40.914676,3707.631729,36.610439,0.075511,17,874,14,0,0,24998.964123,0.172397,172.678954
751,21:08:40.961950,3707.679003,36.657713,0.047274,18,858,14,0,0,24999.086565,0.122442,172.801396
752,21:08:41.016216,3707.733269,36.711979,0.054266,18,841,14,0,0,24999.210811,0.124245,172.925641
753,21:08:41.045935,3707.762988,36.741698,0.029719,18,823,12,0,0,24999.299047,0.088236,173.013878
754,21:08:41.104546,3707.821599,36.800309,0.058611,17,806,12,0,0,24999.412692,0.113646,173.127523
755,21:08:41.150804,3707.867857,36.846567,0.046258,17,785,12,0,0,24999.490969,0.078277,173.205800
756,21:08:41.203506,3707.920559,36.899269,0.052702,18,769,12,0,0,24999.604372,0.113403,173.319203
757,21:08:41.239181,3707.956234,36.934944,0.035675,18,758,12,0,0,24999.717807,0.113434,173.432637
758,21:08:41.275928,3707.992981,36.971691,0.036747,18,747,12,0,0,24999.787567,0.069760,173.502398
759,21:08:41.316221,3708.033274,37.011984,0.040293,17,744,12,0,0,24999.866095,0.078528,173.580926
760,21:08:41.354191,3708.071244,37.049954,0.037970,17,740,12,0,0,24999.953333,0.087238,173.668164
761,21:08:41.425673,3708.142726,37.121436,0.071482,17,736,12,41.997675165,-93.632853498,25000.049318,0.095985,173.764149
762,21:08:41.456319,3708.173372,37.152082,0.030646,17,726,12,41.997675167,-93.6328535,25000.180141,0.130823,173.894972
763,21:08:41.521481,3708.238534,37.217244,0.065162,17,729,9,0,0,25000.278446,0.098305,173.993277
764,21:08:41.567310,3708.284363,37.263073,0.045829,17,730,9,0,0,25000.337384,0.058938,174.052214
765,21:08:41.634178,3708.351231,37.329941,0.066868,17,725,9,0,0,25000.435592,0.098208,174.150423
766,21:08:41.702311,3708.419364,37.398074,0.068133,17,723,9,0,0,25000.546620,0.111028,174.261451
767,21:08:41.750177,3708.467230,37.445940,0.047866,17,722,9,0,0,25000.638241,0.091621,174.353072
768,21:08:41.789686,3708.506739,37.485449,0.039509,17,718,9,0,0,25000.703649,0.065408,174.418480
769,21:08:41.828185,3708.545238,37.523948,0.038499,17,716,9,0,0,25000.769059,0.065410,174.483889
770,21:08:41.874556,3708.591609,37.570319,0.046371,17,717,9,0,0,25000.841029,0.071971,174.555860
771,21:08:41.914259,3708.631312,37.610022,0.039703,17,718,9,0,0,25000.893375,0.052346,174.608206
772,21:08:41.986108,3708.703161,37.681871,0.071849,17,716,6,0,0,25000.994938,0.101563,174.709769
773,21:08:42.107355,3708.824408,37.803118,0.121247,17,726,6,0,0,25001.121418,0.126480,174.836249
774,21:08:42.146997,3708.864050,37.842760,0.039642,17,727,6,0,0,25001.165036,0.043618,174.879867
775,21:08:42.189708,3708.906761,37.885471,0.042711,17,733,6,0,0,25001.204553,0.039516,174.919383
776,21:08:42.249562,3708.966615,37.945325,0.059854,17,740,6,0,0,25001.269722,0.065170,174.984553
777,21:08:42.289185,3709.006238,37.984948,0.039623,17,744,6,0,0,25001.313570,0.043848,175.028401
778,21:08:42.332686,3709.049739,38.028449,0.043501,17,748,6,0,0,25001.361336,0.047765,175.076167
779,21:08:42.383939,3709.100992,38.079702,0.051253,17,755,6,41.99767125,-93.632844031,25001.413694,0.052358,175.128525
780,21:08:42.407563,3709.124616,38.103326,0.023624,17,760,6,0,0,25001.439834,0.026140,175.154665
781,21:08:42.439606,3709.156659,38.135369,0.032043,17,762,4,0,0,25001.462397,0.022563,175.177228
782,21:08:42.480815,3709.197868,38.176578,0.041209,17,766,4,0,0,25001.488564,0.026167,175.203395
783,21:08:42.536656,3709.253709,38.232419,0.055841,17,778,4,0,0,25001.529276,0.040712,175.244107
784,21:08:42.606952,3709.324005,38.302715,0.070296,17,777,4,0,0,25001.561259,0.031983,175.276090
785,21:08:42.661931,3709.378984,38.357694,0.054979,17,782,4,0,0,25001.622330,0.061071,175.337161
786,21:08:42.702460,3709.419513,38.398223,0.040529,17,789,4,0,0,25001.651406,0.029077,175.366237
787,21:08:42.740193,3709.457246,38.435956,0.037733,17,790,4,0,0,25001.674842,0.023435,175.389672
788,21:08:42.786224,3709.503277,38.481987,0.046031,17,784,4,0,0,25001.706830,0.031988,175.421661
789,21:08:42.865192,3709.582245,38.560955,0.078968,17,786,4,0,0,25001.738640,0.031810,175.453471
790,21:08:42.906706,3709.623759,38.602469,0.041514,17,786,3,0,0,25001.783197,0.044557,175.498028
791,21:08:42.941519,3709.658572,38.637282,0.034813,17,785,3,0,0,25001.800603,0.017406,175.515434
792,21:08:42.981305,3709.698358,38.677068,0.039786,17,786,3,0,0,25001.824524,0.023921,175.539355
793,21:08:43.040338,3709.757391,38.736101,0.059033,17,783,3,0,0,25001.853010,0.028486,175.567841
794,21:08:43.089195,3709.806248,38.784958,0.048857,17,777,3,0,0,25001.881357,0.028346,175.596187
795,21:08:43.126421,3709.843474,38.822184,0.037226,17,776,3,0,0,25001.903038,0.021682,175.617869
796,21:08:43.170941,3709.887994,38.866704,0.044520,17,777,3,0,0,25001.927025,0.023987,175.641856
797,21:08:43.234642,3709.951695,38.930405,0.063701,17,778,3,0,0,25001.959739,0.032713,175.674569
798,21:08:43.276218,3709.993271,38.971981,0.041576,17,781,3,0,0,25001.981553,0.021814,175.696384
799,21:08:43.324423,3710.041476,39.020186,0.048205,17,782,3,0,0,25002.001262,0.019709,175.716093
800,21:08:43.360021,3710.077074,39.055784,0.035598,17,778,3,0,0,25002.027670,0.026407,175.742500
801,21:08:43.421989,3710.139042,39.117752,0.061968,17,772,3,41.997670624,-93.632841817,25002.044920,0.017250,175.759750
802,21:08:43.462955,3710.180008,39.158718,0.040966,17,771,3,0,0,25002.084182,0.039262,175.799012
803,21:08:43.510063,3710.227116,39.205826,0.047108,17,766,3,0,0,25002.105947,0.021765,175.820778
804,21:08:43.568515,3710.285568,39.264278,0.058452,17,758,3,0,0,25002.136764,0.030817,175.851594
805,21:08:43.606203,3710.323256,39.301966,0.037688,17,757,3,0,0,25002.158198,0.021434,175.873029
806,21:08:43.666307,3710.383360,39.362070,0.060104,17,756,3,0,0,25002.182188,0.023990,175.897018
807,21:08:43.709916,3710.426969,39.405679,0.043609,17,759,3,0,0,25002.214899,0.032712,175.929730
808,21:08:43.781925,3710.498978,39.477688,0.072009,17,762,3,0,0,25002.245671,0.030772,175.960502
809,21:08:43.846797,3710.563850,39.542560,0.064872,17,759,3,0,0,25002.273785,0.028113,175.988615
810,21:08:43.894858,3710.611911,39.590621,0.048061,17,758,3,0,0,25002.310948,0.037163,176.025778
811,21:08:43.978604,3710.695657,39.674367,0.083746,17,757,3,0,0,25002.339219,0.028271,176.054049
812,21:08:44.059185,3710.776238,39.754948,0.080581,17,748,3,0,0,25002.396466,0.057248,176.111297
813,21:08:44.128449,3710.845502,39.824212,0.069264,17,748,3,0,0,25002.432988,0.036522,176.147819
814,21:08:44.163966,3710.881019,39.859729,0.035517,17,744,3,0,0,25002.450726,0.017738,176.165557
815,21:08:44.196800,3710.913853,39.892563,0.032834,17,746,3,0,0,25002.472247,0.021521,176.187078
816,21:08:44.254305,3710.971358,39.950068,0.057505,17,747,3,0,0,25002.502932,0.030685,176.217763
817,21:08:44.300203,3711.017256,39.995966,0.045898,17,740,3,0,0,25002.522401,0.019469,176.237232
818,21:08:44.353077,3711.070130,40.048840,0.052874,17,738,3,0,0,25002.557428,0.035027,176.272259
819,21:08:44.415251,3711.132304,40.111014,0.062174,17,740,3,41.997669727,-93.632840693,25002.576925,0.019497,176.291755
820,21:08:44.467992,3711.185045,40.163755,0.052741,17,734,3,0,0,25002.609638,0.032714,176.324469
821,21:08:44.502776,3711.219829,40.198539,0.034784,17,729,3,41.997669667,-93.632840667,25002.635810,0.026172,176.350641
822,21:08:44.571434,3711.288487,40.267197,0.068658,17,730,3,0,0,25002.668937,0.033126,176.383768
823,21:08:44.628307,3711.345360,40.324070,0.056873,17,730,3,0,0,25002.688185,0.019248,176.403016
824,21:08:44.661501,3711.378554,40.357264,0.033194,17,726,3,0,0,25002.718682,0.030497,176.433513
825,21:08:44.717103,3711.434156,40.412866,0.055602,17,726,3,0,0,25002.742670,0.023988,176.457501
826,21:08:44.762941,3711.479994,40.458704,0.045838,17,726,3,0,0,25002.771022,0.028352,176.485853
827,21:08:44.823059,3711.540112,40.518822,0.060118,17,725,3,0,0,25002.801561,0.030539,176.516392
828,21:08:44.864372,3711.581425,40.560135,0.041313,17,727,3,0,0,25002.827854,0.026293,176.542685
829,21:08:44.918165,3711.635218,40.613928,0.053793,17,728,3,0,0,25002.851731,0.023877,176.566562
830,21:08:44.980899,3711.697952,40.676662,0.062734,17,725,3,0,0,25002.888921,0.037190,176.603752
831,21:08:45.025789,3711.742842,40.721552,0.044890,17,726,3,0,0,25002.910602,0.021681,176.625433
832,21:08:45.068133,3711.785186,40.763896,0.042344,17,725,3,0,0,25002.935278,0.024676,176.650109
833,21:08:45.110303,3711.827356,40.806066,0.042170,17,721,3,0,0,25002.958578,0.023299,176.673408
834,21:08:45.165571,3711.882624,40.861334,0.055268,17,719,3,0,0,25002.978204,0.019626,176.693035
835,21:08:45.202933,3711.919986,40.898696,0.037362,17,720,3,0,0,25003.004444,0.026240,176.719275
836,21:08:45.313213,3712.030266,41.008976,0.110280,17,717,0,0,0,25003.017229,0.012785,176.732060
