1,16:44:58.415072,0.098757,0.098757,0.098757,19,823,0,0.000000,0,0,0.000000,0.000000,0.000000
2,16:44:58.576902,0.143353,0.143353,0.044596,20,811,0,0.000000,0,0,0.000000,0.000000,0.000000
3,16:44:58.707588,0.394134,0.394134,0.250781,19,817,0,0.000000,41.997972,-93.63267016,0.000000,0.000000,0.000000
4,16:44:58.854304,0.471057,0.471057,0.076923,19,826,0,0.000000,0,0,0.000000,0.000000,0.000000
5,16:44:58.927008,0.606239,0.606239,0.135182,19,835,0,0.000000,0,0,0.000000,0.000000,0.000000
6,16:44:58.990850,0.663579,0.663579,0.057340,19,840,0,0.000000,0,0,0.000000,0.000000,0.000000
7,16:44:59.090682,0.725266,0.725266,0.061687,19,846,0,0.000000,0,0,0.000000,0.000000,0.000000
8,16:44:59.244965,0.852178,0.852178,0.126912,19,846,0,0.000000,0,0,0.000000,0.000000,0.000000
9,16:44:59.320406,1.003571,1.003571,0.151393,19,842,0,0.000000,0,0,0.000000,0.000000,0.000000
10,16:44:59.372157,1.052759,1.052759,0.049188,19,831,0,0.000000,41.997972445,-93.63267007,0.000000,0.000000,0.000000
11,16:44:59.430938,1.089593,1.089593,0.036834,19,829,0,0.000000,41.9979725,-93.632670167,0.000000,0.000000,0.000000
12,16:44:59.566549,1.163336,1.163336,0.073743,19,835,0,0.000000,0,0,0.000000,0.000000,0.000000
13,16:44:59.668960,1.351762,1.351762,0.188426,19,841,0,0.000000,0,0,0.000000,0.000000,0.000000
14,16:44:59.790322,1.400918,1.400918,0.049156,19,842,0,0.000000,0,0,0.000000,0.000000,0.000000
15,16:44:59.845277,1.523807,1.523807,0.122889,19,839,0,0.000000,0,0,0.000000,0.000000,0.000000
16,16:44:59.965879,1.642842,1.642842,0.119035,19,839,0,0.000000,0,0,0.000000,0.000000,0.000000
17,16:45:00.016019,1.696084,1.696084,0.053242,19,842,0,0.000000,0,0,0.000000,0.000000,0.000000
18,16:45:00.386727,2.007829,2.007829,0.311745,19,840,0,0.000000,0,0,0.000000,0.000000,0.000000
19,16:45:00.559479,2.200660,2.200660,0.192831,19,838,0,0.000000,41.997972873,-93.632669883,0.000000,0.000000,0.000000
20,16:45:00.618363,2.293900,2.293900,0.093240,19,840,0,0.000000,0,0,0.000000,0.000000,0.000000
21,16:45:00.751102,2.375831,2.375831,0.081931,19,842,0,0.000000,0,0,0.000000,0.000000,0.000000
22,16:45:00.802388,2.465948,2.465948,0.090117,19,841,0,0.000000,0,0,0.000000,0.000000,0.000000
23,16:45:00.866628,2.556074,2.556074,0.090126,19,844,0,0.000000,0,0,0.000000,0.000000,0.000000
24,16:45:00.941974,2.629790,2.629790,0.073716,19,842,0,0.000000,0,0,0.000000,0.000000,0.000000
25,16:45:01.025089,2.683052,2.683052,0.053262,19,841,0,0.000000,0,0,0.000000,0.000000,0.000000
26,16:45:01.077624,2.756780,2.756780,0.073728,19,840,0,0.000000,0,0,0.000000,0.000000,0.000000
27,16:45:01.126811,2.805932,2.805932,0.049152,19,840,0,0.000000,0,0,0.000000,0.000000,0.000000
28,16:45:01.183280,2.871479,2.871479,0.065547,19,838,0,0.000000,0,0,0.000000,0.000000,0.000000
29,16:45:01.261375,2.945213,2.945213,0.073734,19,838,0,0.000000,0,0,0.000000,0.000000,0.000000
30,16:45:01.324264,3.007393,3.007393,0.062180,19,843,0,0.000000,0,0,0.000000,0.000000,0.000000
31,16:45:01.360080,3.043707,3.043707,0.036314,19,839,0,0.000000,0,0,0.000000,0.000000,0.000000
32,16:45:01.438014,3.113161,3.113161,0.069454,19,840,0,0.000000,41.997973885,-93.632671609,0.000000,0.000000,0.000000
33,16:45:01.523068,3.162480,3.162480,0.049319,19,846,0,0.000000,0,0,0.000000,0.000000,0.000000
34,16:45:01.583548,3.269052,3.269052,0.106572,19,842,0,0.000000,0,0,0.000000,0.000000,0.000000
35,16:45:01.678190,3.342547,3.342547,0.073495,19,836,0,0.000000,0,0,0.000000,0.000000,0.000000
36,16:45:01.724285,3.399891,3.399891,0.057344,19,838,0,0.000000,0,0,0.000000,0.000000,0.000000
37,16:45:01.798211,3.477729,3.477729,0.077838,19,839,0,0.000000,0,0,0.000000,0.000000,0.000000
38,16:45:01.868174,3.531044,3.531044,0.053315,19,838,0,0.000000,0,0,0.000000,0.000000,0.000000
39,16:45:01.921790,3.600854,3.600854,0.069810,19,835,0,0.000000,0,0,0.000000,0.000000,0.000000
40,16:45:02.029265,3.690730,3.690730,0.089876,19,834,0,0.000000,0,0,0.000000,0.000000,0.000000
41,16:45:02.146294,3.789037,3.789037,0.098307,19,840,0,0.000000,0,0,0.000000,0.000000,0.000000
42,16:45:02.277848,3.952911,3.952911,0.163874,19,834,0,0.000000,0,0,0.000000,0.000000,0.000000
43,16:45:02.328027,3.989754,3.989754,0.036843,19,830,0,0.000000,0,0,0.000000,0.000000,0.000000
44,16:45:02.369810,4.047109,4.047109,0.057355,19,827,0,0.000000,41.997976302,-93.632676582,0.000000,0.000000,0.000000
45,16:45:02.490925,4.092168,4.092168,0.045059,19,826,0,0.000000,0,0,0.000000,0.000000,0.000000
46,16:45:02.553066,4.236087,4.236087,0.143919,19,826,0,0.000000,0,0,0.000000,0.000000,0.000000
47,16:45:02.595278,4.280598,4.280598,0.044511,19,826,0,0.000000,0,0,0.000000,0.000000,0.000000
48,16:45:02.773575,4.440635,4.440635,0.160037,19,825,0,0.000000,0,0,0.000000,0.000000,0.000000
49,16:45:02.918108,4.542762,4.542762,0.102127,19,826,0,0.000000,0,0,0.000000,0.000000,0.000000
50,16:45:03.008763,4.677938,4.677938,0.135176,19,825,0,0.000000,0,0,0.000000,0.000000,0.000000
51,16:45:03.050290,4.731428,4.731428,0.053490,19,828,0,0.000000,0,0,0.000000,0.000000,0.000000
52,16:45:03.201684,4.845880,4.845880,0.114452,19,826,0,0.000000,0,0,0.000000,0.000000,0.000000
53,16:45:03.262016,4.944439,4.944439,0.098559,19,825,0,0.000000,0,0,0.000000,0.000000,0.000000
54,16:45:03.380300,5.054785,5.054785,0.110346,19,826,0,0.000000,41.997980046,-93.632683227,0.000000,0.000000,0.000000
55,16:45:03.495050,5.095749,5.095749,0.040964,19,826,0,0.000000,0,0,0.000000,0.000000,0.000000
56,16:45:03.555829,5.222894,5.222894,0.127145,19,819,0,0.000000,0,0,0.000000,0.000000,0.000000
57,16:45:03.671164,5.349727,5.349727,0.126833,19,822,0,0.000000,0,0,0.000000,0.000000,0.000000
58,16:45:03.736012,5.419363,5.419363,0.069636,19,826,0,0.000000,0,0,0.000000,0.000000,0.000000
59,16:45:03.806040,5.494173,5.494173,0.074810,19,830,0,0.000000,0,0,0.000000,0.000000,0.000000
60,16:45:03.896538,5.550436,5.550436,0.056263,19,826,0,0.000000,0,0,0.000000,0.000000,0.000000
61,16:45:03.980431,5.640556,5.640556,0.090120,19,821,0,0.000000,0,0,0.000000,0.000000,0.000000
62,16:45:04.025783,5.706345,5.706345,0.065789,19,816,0,0.000000,0,0,0.000000,0.000000,0.000000
63,16:45:04.102924,5.788028,5.788028,0.081683,19,820,0,0.000000,0,0,0.000000,0.000000,0.000000
64,16:45:04.144534,5.828986,5.828986,0.040958,19,822,0,0.000000,0,0,0.000000,0.000000,0.000000
65,16:45:04.218929,5.878139,5.878139,0.049153,19,821,0,0.000000,0,0,0.000000,0.000000,0.000000
66,16:45:04.305940,5.992834,5.992834,0.114695,19,816,0,0.000000,0,0,0.000000,0.000000,0.000000
67,16:45:04.549556,6.197647,6.197647,0.204813,19,815,0,0.000000,41.997984896,-93.632690913,0.000000,0.000000,0.000000
68,16:45:04.632928,6.316438,6.316438,0.118791,19,822,0,0.000000,0,0,0.000000,0.000000,0.000000
69,16:45:04.737003,6.382238,6.382238,0.065800,19,823,0,0.000000,0,0,0.000000,0.000000,0.000000
70,16:45:04.871552,6.545844,6.545844,0.163606,19,825,0,0.000000,0,0,0.000000,0.000000,0.000000
71,16:45:05.056112,6.709689,6.709689,0.163845,19,829,0,0.000000,0,0,0.000000,0.000000,0.000000
72,16:45:05.111948,6.795701,6.795701,0.086012,19,828,0,0.000000,0,0,0.000000,0.000000,0.000000
73,16:45:05.378855,6.903077,6.903077,0.107376,19,820,0,0.000000,0,0,0.000000,0.000000,0.000000
74,16:45:05.452901,7.107025,7.107025,0.203948,19,816,0,0.000000,41.997989891,-93.632699939,0.000000,0.000000,0.000000
75,16:45:05.643020,7.258665,7.258665,0.151640,19,808,0,0.000000,0,0,0.000000,0.000000,0.000000
76,16:45:05.826111,7.447018,7.447018,0.188353,19,806,0,0.000000,0,0,0.000000,0.000000,0.000000
77,16:45:05.947274,7.557610,7.557610,0.110592,19,815,0,0.000000,0,0,0.000000,0.000000,0.000000
78,16:45:06.033098,7.717428,7.717428,0.159818,19,826,0,0.000000,0,0,0.000000,0.000000,0.000000
79,16:45:06.112287,7.774714,7.774714,0.057286,19,838,0,0.000000,0,0,0.000000,0.000000,0.000000
80,16:45:06.235289,7.922178,7.922178,0.147464,19,845,0,0.000000,0,0,0.000000,0.000000,0.000000
81,16:45:06.304363,7.971334,7.971334,0.049156,19,849,4,22.603797,0,0,0.027309,0.027309,0.027309
82,16:45:06.347266,8.029896,8.029896,0.058562,19,854,4,13.702889,0,0,0.068881,0.041572,0.068881
83,16:45:06.389599,8.069665,8.069665,0.039769,19,853,4,20.178291,41.997994703,-93.632708173,0.097112,0.028231,0.097112
84,16:45:06.439067,8.119698,8.119698,0.050033,19,848,4,16.038767,0,0,0.132629,0.035517,0.132629
85,16:45:06.605686,8.282647,8.282647,0.162949,19,847,4,4.924669,0,0,0.248303,0.115674,0.248303
86,16:45:06.801210,8.405536,8.405536,0.122889,19,834,4,6.530030,0,0,0.335539,0.087236,0.335539
87,16:45:06.918779,8.598067,8.598067,0.192531,19,808,4,4.167997,0,0,0.472212,0.136673,0.472212
88,16:45:06.961316,8.643660,8.643660,0.045593,19,811,4,17.600700,0,0,0.504577,0.032365,0.504577
89,16:45:07.016396,8.675890,8.675890,0.032230,19,809,4,24.898282,0,0,0.527457,0.022879,0.527457
90,16:45:07.055238,8.737342,8.737342,0.061452,19,808,4,13.058489,0,0,0.571080,0.043623,0.571080
91,16:45:07.134388,8.774204,8.774204,0.036862,19,807,4,21.769470,0,0,0.597247,0.026168,0.597247
92,16:45:07.199502,8.885096,8.885096,0.110892,19,808,4,7.236489,0,0,0.675967,0.078720,0.675967
93,16:45:07.302521,8.942154,8.942154,0.057058,19,817,3,9.195777,0,0,0.708546,0.032579,0.708546
94,16:45:07.353112,9.036376,9.036376,0.094222,19,826,3,6.387589,0,0,0.758711,0.050165,0.758711
95,16:45:07.391598,9.065589,9.065589,0.029213,19,828,3,20.602227,41.997998844,-93.632716641,0.774264,0.015553,0.774264
96,16:45:07.470986,9.114210,9.114210,0.048621,19,831,3,12.378450,0,0,0.800150,0.025886,0.800150
97,16:45:07.509888,9.192045,9.192045,0.077835,19,836,3,7.732398,0,0,0.841590,0.041440,0.841590
98,16:45:07.613116,9.237092,9.237092,0.045047,19,839,3,13.360518,0,0,0.865574,0.023983,0.865574
99,16:45:07.702154,9.343586,9.343586,0.106494,19,840,3,5.651512,0,0,0.922272,0.056698,0.922272
100,16:45:07.812020,9.475198,9.475198,0.131612,19,842,3,4.572923,0,0,0.992343,0.070071,0.992343
101,16:45:07.889405,9.569126,9.569126,0.093928,19,831,3,6.407597,0,0,1.042351,0.050008,1.042351
102,16:45:07.934401,9.605751,9.605751,0.036625,19,826,3,16.432749,0,0,1.061850,0.019499,1.061850
103,16:45:07.970468,9.659007,9.659007,0.053256,19,824,3,11.301101,0,0,1.090204,0.028354,1.090204
104,16:45:08.193382,9.712257,9.712257,0.053250,19,816,3,11.302417,0,0,1.118555,0.028351,1.118555
105,16:45:08.290454,9.958271,9.958271,0.246014,19,808,5,4.704638,0,0,1.317872,0.199317,1.317872
106,16:45:08.374682,10.035868,10.035868,0.077597,19,811,5,12.926887,41.99800128,-93.632725227,1.386727,0.068855,1.386727
107,16:45:08.458069,10.130084,10.130084,0.094216,19,811,5,10.646655,0,0,1.470330,0.083602,1.470330
108,16:45:08.492096,10.171033,10.171033,0.040949,19,813,5,24.496072,0,0,1.506665,0.036336,1.506665
109,16:45:08.524828,10.207909,10.207909,0.036876,19,819,5,27.201633,0,0,1.539387,0.032722,1.539387
110,16:45:08.602184,10.285899,10.285899,0.077990,19,828,5,12.861722,0,0,1.608591,0.069204,1.608591
111,16:45:08.706316,10.388133,10.388133,0.102234,19,839,4,7.094585,0,0,1.685109,0.076518,1.685109
112,16:45:08.750599,10.433202,10.433202,0.045069,19,841,4,17.805354,0,0,1.717102,0.031993,1.717102
113,16:45:08.838619,10.487229,10.487229,0.054027,19,835,4,14.853156,0,0,1.755455,0.038352,1.755455
114,16:45:08.873845,10.556089,10.556089,0.068860,19,843,4,11.653623,0,0,1.804337,0.048882,1.804337
115,16:45:08.910404,10.592949,10.592949,0.036860,19,841,4,21.770737,0,0,1.830503,0.026166,1.830503
116,16:45:08.947016,10.625727,10.625727,0.032778,19,843,4,24.481925,0,0,1.853771,0.023268,1.853771
117,16:45:09.020449,10.704405,10.704405,0.078678,19,844,4,10.199392,0,0,1.909623,0.055852,1.909623
118,16:45:09.111413,10.797774,10.797774,0.093369,19,844,3,5.619545,0,0,1.962936,0.053313,1.962936
119,16:45:09.185038,10.863483,10.863483,0.065709,19,849,3,9.159369,0,0,1.997920,0.034984,1.997920
120,16:45:09.310313,10.969830,10.969830,0.106347,19,845,3,5.659317,0,0,2.054540,0.056620,2.054540
121,16:45:09.361003,11.023071,11.023071,0.053241,19,844,3,11.304290,0,0,2.082885,0.028346,2.082885
122,16:45:09.590864,11.236065,11.236065,0.212994,19,842,3,2.825677,41.998002563,-93.632732827,2.196285,0.113400,2.196285
123,16:45:09.656154,11.338480,11.338480,0.102415,19,836,3,5.876594,41.9980025,-93.632732833,2.250811,0.054527,2.250811
124,16:45:09.739312,11.379437,11.379437,0.040957,19,838,3,14.694734,0,0,2.272617,0.021806,2.272617
125,16:45:09.824189,11.506428,11.506428,0.126991,19,835,3,4.739326,0,0,2.340228,0.067611,2.340228
126,16:45:09.955520,11.592441,11.592441,0.086013,19,833,3,6.997213,0,0,2.386022,0.045794,2.386022
127,16:45:10.078169,11.707139,11.707139,0.114698,19,840,3,5.247277,0,0,2.447088,0.061066,2.447088
128,16:45:10.213264,11.854978,11.854978,0.147839,19,847,3,4.070993,0,0,2.525799,0.078711,2.525799
129,16:45:10.362071,12.034850,12.034850,0.179872,19,845,3,3.346005,41.998003195,-93.63273511,2.621564,0.095765,2.621564
130,16:45:10.462843,12.133153,12.133153,0.098303,19,849,3,6.122411,0,0,2.673901,0.052337,2.673901
131,16:45:10.512667,12.186379,12.186379,0.053226,19,846,3,11.307480,0,0,2.702239,0.028338,2.702239
132,16:45:10.548198,12.235778,12.235778,0.049399,19,842,3,12.183449,0,0,2.728540,0.026300,2.728540
133,16:45:10.642228,12.313638,12.313638,0.077860,19,840,3,7.729936,0,0,2.769993,0.041453,2.769993
134,16:45:10.722287,12.399408,12.399408,0.085770,19,842,3,7.017033,0,0,2.815657,0.045665,2.815657
135,16:45:10.763785,12.452671,12.452671,0.053263,19,838,3,11.299634,0,0,2.844015,0.028358,2.844015
136,16:45:10.882909,12.547316,12.547316,0.094645,19,835,3,6.359044,0,0,2.894405,0.050390,2.894405
137,16:45:10.933179,12.608454,12.608454,0.061138,18,844,3,9.844167,0,0,2.926955,0.032550,2.926955
138,16:45:11.030349,12.665679,12.665679,0.057225,18,852,3,10.517291,0,0,2.957422,0.030467,2.957422
139,16:45:11.185632,12.809038,12.809038,0.143359,19,844,3,4.198216,0,0,3.033747,0.076325,3.033747
140,16:45:11.231534,12.915541,12.915541,0.106503,19,881,3,5.651031,0,0,3.090450,0.056703,3.090450
141,16:45:11.275035,12.952418,12.952418,0.036877,19,914,3,16.320452,0,0,3.110084,0.019634,3.110084
142,16:45:11.372842,13.010008,13.010008,0.057590,19,938,3,10.450630,41.998003721,-93.63273566,3.140745,0.030661,3.140745
143,16:45:11.413597,13.091679,13.091679,0.081671,19,983,3,7.369224,0,0,3.184228,0.043482,3.184228
144,16:45:11.512936,13.177703,13.177703,0.086024,19,994,3,6.996341,41.998003667,-93.632735667,3.230027,0.045800,3.230027
145,16:45:11.593046,13.263732,13.263732,0.086029,19,988,3,6.995914,0,0,3.275830,0.045803,3.275830
146,16:45:11.770970,13.439870,13.439870,0.176138,19,964,3,3.416935,0,0,3.369607,0.093777,3.369607
147,16:45:11.838976,13.505646,13.505646,0.065776,19,859,3,9.150007,0,0,3.404627,0.035020,3.404627
148,16:45:11.949903,13.620350,13.620350,0.114704,19,848,0,-2.018079,0,0,3.417903,0.013276,3.417903
149,16:45:12.101243,13.727081,13.727081,0.106731,19,845,0,0.000000,0,0,3.417903,0.000000,3.417903
150,16:45:12.227757,13.898653,13.898653,0.171572,19,858,0,0.000000,0,0,3.417903,0.000000,3.417903
151,16:45:12.308681,13.984676,13.984676,0.086023,19,855,0,0.000000,0,0,3.417903,0.000000,3.417903
152,16:45:12.367821,14.046132,14.046132,0.061456,19,860,0,0.000000,41.998004343,-93.632735714,3.417903,0.000000,3.417903
153,16:45:12.433670,14.082975,14.082975,0.036843,19,858,0,0.000000,0,0,3.417903,0.000000,3.417903
154,16:45:12.522455,14.193575,14.193575,0.110600,19,857,0,0.000000,0,0,3.417903,0.000000,3.417903
155,16:45:12.575529,14.250935,14.250935,0.057360,19,854,0,0.000000,0,0,3.417903,0.000000,3.417903
156,16:45:12.670893,14.349232,14.349232,0.098297,19,853,0,0.000000,0,0,3.417903,0.000000,3.417903
157,16:45:12.787414,14.414775,14.414775,0.065543,19,850,0,0.000000,0,0,3.417903,0.000000,3.417903
158,16:45:12.953393,14.500798,14.500798,0.086023,19,858,0,0.000000,0,0,3.417903,0.000000,3.417903
159,16:45:13.088656,14.763450,14.763450,0.262652,19,847,0,0.000000,0,0,3.417903,0.000000,3.417903
160,16:45:13.174315,14.849236,14.849236,0.085786,20,838,0,0.000000,0,0,3.417903,0.000000,3.417903
161,16:45:13.298575,14.910427,14.910427,0.061191,21,840,0,0.000000,0,0,3.417903,0.000000,3.417903
162,16:45:13.381413,15.041506,15.041506,0.131079,21,907,0,0.000000,41.998007331,-93.632731284,3.417903,0.000000,3.417903
163,16:45:13.491457,15.168505,15.168505,0.126999,22,967,0,0.000000,0,0,3.417903,0.000000,3.417903
164,16:45:13.549917,15.209458,15.209458,0.040953,22,1036,0,0.000000,0,0,3.417903,0.000000,3.417903
165,16:45:13.592849,15.279108,15.279108,0.069650,22,1068,0,0.000000,0,0,3.417903,0.000000,3.417903
166,16:45:13.690412,15.361017,15.361017,0.081909,22,1128,0,0.000000,0,0,3.417903,0.000000,3.417903
167,16:45:13.773301,15.430727,15.430727,0.069710,22,1167,0,0.000000,0,0,3.417903,0.000000,3.417903
168,16:45:13.890691,15.574036,15.574036,0.143309,22,1236,0,0.000000,0,0,3.417903,0.000000,3.417903
169,16:45:13.949909,15.611948,15.611948,0.037912,22,1280,0,0.000000,0,0,3.417903,0.000000,3.417903
170,16:45:14.009894,15.692820,15.692820,0.080872,22,1297,0,0.000000,0,0,3.417903,0.000000,3.417903
171,16:45:14.130856,15.783053,15.783053,0.090233,22,1308,0,0.000000,0,0,3.417903,0.000000,3.417903
172,16:45:14.204475,15.852575,15.852575,0.069522,21,1315,0,0.000000,0,0,3.417903,0.000000,3.417903
173,16:45:14.354333,16.024608,16.024608,0.172033,21,1290,4,6.458715,0,0,3.513476,0.095574,3.513476
174,16:45:14.488456,16.135767,16.135767,0.111159,20,1264,4,7.219105,41.998017362,-93.632720673,3.592386,0.078909,3.592386
175,16:45:14.558559,16.241719,16.241719,0.105952,20,1198,4,7.573891,41.998017333,-93.632720667,3.667599,0.075213,3.667599
176,16:45:14.715904,16.368708,16.368708,0.126989,20,1165,4,6.319208,0,0,3.757745,0.090146,3.757745
177,16:45:14.763885,16.446696,16.446696,0.077988,20,1109,6,17.413219,0,0,3.834770,0.077025,3.834770
178,16:45:14.866938,16.479311,16.479311,0.032615,20,1098,6,36.906506,0,0,3.869499,0.034729,3.869499
179,16:45:15.071309,16.754132,16.754132,0.274821,20,1109,6,4.379955,0,0,4.162133,0.292634,4.162133
180,16:45:15.140909,16.819296,16.819296,0.065164,22,1138,6,18.471955,0,0,4.231520,0.069387,4.231520
181,16:45:15.219584,16.905309,16.905309,0.086013,22,1166,8,20.453393,0,0,4.347001,0.115481,4.347001
182,16:45:15.261000,16.946271,16.946271,0.040962,22,1207,8,39.181168,0,0,4.405157,0.058156,4.405157
183,16:45:15.302393,16.991464,16.991464,0.045193,22,1236,8,35.513018,0,0,4.469319,0.064163,4.469319
184,16:45:15.355885,17.036517,17.036517,0.045053,22,1250,8,35.623334,0,0,4.533284,0.063964,4.533284
185,16:45:15.458931,17.118556,17.118556,0.082039,22,1279,8,19.563085,41.99803561,-93.63270647,4.649759,0.116475,4.649759
186,16:45:15.609482,17.237650,17.237650,0.119094,21,1326,8,13.476243,0,0,4.818843,0.169084,4.818843
187,16:45:15.741933,17.405055,17.405055,0.167405,21,1352,8,9.587151,41.998035667,-93.6327065,5.056517,0.237674,5.056517
188,16:45:15.872727,17.519751,17.519751,0.114696,20,1338,8,13.992972,0,0,5.219357,0.162840,5.219357
189,16:45:16.081432,17.762026,17.762026,0.242275,20,1274,8,6.624449,0,0,5.563327,0.343971,5.563327
190,16:45:16.155201,17.806487,17.806487,0.044461,22,1276,8,36.097655,0,0,5.626451,0.063124,5.626451
191,16:45:16.235177,17.913010,17.913010,0.106523,22,1288,10,20.281985,0,0,5.807277,0.180826,5.807277
192,16:45:16.299268,17.966567,17.966567,0.053557,22,1313,10,37.458538,0,0,5.902324,0.095047,5.902324
193,16:45:16.352477,18.023845,18.023845,0.057278,22,1328,10,35.025240,0,0,6.003975,0.101651,6.003975
194,16:45:16.505422,18.179417,18.179417,0.155572,22,1374,10,12.895467,41.998061619,-93.632692717,6.280067,0.276092,6.280067
195,16:45:16.580294,18.237017,18.237017,0.057600,21,1396,10,34.829377,0,0,6.382289,0.102222,6.382289
196,16:45:16.642830,18.302141,18.302141,0.065124,21,1404,10,30.805414,0,0,6.497864,0.115575,6.497864
197,16:45:16.765670,18.420933,18.420933,0.118792,20,1413,12,21.564812,0,0,6.741681,0.243817,6.741681
198,16:45:16.884011,18.552174,18.552174,0.131241,20,1393,12,18.343398,0,0,7.021176,0.279495,7.021176
199,16:45:16.942294,18.609380,18.609380,0.057206,20,1377,12,42.083190,0,0,7.143004,0.121827,7.143004
200,16:45:17.029902,18.678993,18.678993,0.069613,20,1364,12,34.582737,0,0,7.291254,0.148250,7.291254
201,16:45:17.066847,18.744533,18.744533,0.065540,20,1354,12,36.731838,0,0,7.430830,0.139576,7.430830
202,16:45:17.171434,18.851392,18.851392,0.106859,20,1350,12,22.528829,0,0,7.658400,0.227570,7.658400
203,16:45:17.237727,18.908629,18.908629,0.057237,20,1355,12,42.060401,0,0,7.780293,0.121893,7.780293
204,16:45:17.334025,19.002840,19.002840,0.094211,20,1364,12,25.553330,0,0,7.980928,0.200635,7.980928
205,16:45:17.405047,19.059946,19.059946,0.057106,20,1371,12,42.156807,41.998095216,-93.632686192,8.102542,0.121615,8.102542
206,16:45:17.544613,19.227897,19.227897,0.167951,20,1375,12,14.333998,0,0,8.460216,0.357673,8.460216
207,16:45:17.620056,19.285487,19.285487,0.057590,20,1384,12,41.802519,0,0,8.582861,0.122645,8.582861
208,16:45:17.708008,19.367335,19.367335,0.081848,19,1372,12,29.413097,0,0,8.757167,0.174306,8.757167
209,16:45:17.745518,19.424524,19.424524,0.057189,19,1362,12,42.095646,0,0,8.878959,0.121791,8.878959
210,16:45:17.841145,19.474167,19.474167,0.049643,19,1355,12,48.494592,0,0,8.984679,0.105721,8.984679
211,16:45:17.929265,19.584272,19.584272,0.110105,19,1345,12,21.864644,0,0,9.219162,0.234483,9.219162
212,16:45:17.980953,19.658350,19.658350,0.074078,19,1326,12,32.498241,0,0,9.376921,0.157759,9.376921
213,16:45:18.116672,19.797275,19.797275,0.138925,19,1275,14,21.327777,0,0,9.711370,0.334449,9.711370
214,16:45:18.195951,19.883303,19.883303,0.086028,19,1157,14,32.648051,0,0,9.925113,0.213742,9.925113
215,16:45:18.266898,19.953776,19.953776,0.070473,21,1074,14,39.854182,0,0,10.100207,0.175095,10.100207
216,16:45:18.308445,19.993873,19.993873,0.040097,20,986,14,70.046190,0,0,10.199831,0.099624,10.199831
217,16:45:18.402531,20.075821,20.075821,0.081948,20,950,14,34.273448,41.998130993,-93.63269331,10.403437,0.203605,10.403437
218,16:45:18.485934,20.170553,20.170553,0.094732,20,930,14,29.648277,0,0,10.638805,0.235368,10.638805
219,16:45:18.651183,20.313411,20.313411,0.142858,19,925,14,19.660372,0,0,10.993745,0.354940,10.993745
220,16:45:18.735451,20.411881,20.411881,0.098470,19,944,14,28.522827,0,0,11.238401,0.244655,11.238401
221,16:45:18.937556,20.567824,20.567824,0.155943,19,958,14,18.010706,0,0,11.625851,0.387451,11.625851
222,16:45:19.003291,20.690521,20.690521,0.122697,19,970,13,20.626925,0,0,11.913659,0.287808,11.913659
223,16:45:19.149912,20.731469,20.731469,0.040948,19,969,13,63.691271,0,0,12.008130,0.094471,12.008130
224,16:45:19.198419,20.875794,20.875794,0.144325,19,969,13,18.070496,0,0,12.341102,0.332972,12.341102
225,16:45:19.300779,20.981346,20.981346,0.105552,19,964,13,24.708444,0,0,12.584621,0.243519,12.584621
226,16:45:19.384933,21.030256,21.030256,0.048910,19,966,13,53.322780,41.998164572,-93.632715927,12.697462,0.112841,12.697462
227,16:45:19.492380,21.140865,21.140865,0.110609,19,961,13,23.578763,0,0,12.952648,0.255186,12.952648
228,16:45:19.642047,21.312896,21.312896,0.172031,19,958,13,15.160208,0,0,13.349540,0.396892,13.349540
229,16:45:19.733522,21.411329,21.411329,0.098433,19,958,13,26.495426,0,0,13.576635,0.227095,13.576635
230,16:45:19.762857,21.443978,21.443978,0.032649,19,959,13,79.880593,0,0,13.651959,0.075325,13.651959
231,16:45:19.806721,21.489379,21.489379,0.045401,19,958,13,57.444392,0,0,13.756704,0.104744,13.756704
232,16:45:19.848091,21.530013,21.530013,0.040634,19,958,13,64.183067,0,0,13.850451,0.093747,13.850451
233,16:45:19.877019,21.562770,21.562770,0.032757,19,956,13,79.617797,0,0,13.926024,0.075573,13.926024
234,16:45:19.903683,21.587351,21.587351,0.024581,19,954,13,106.098373,0,0,13.982735,0.056711,13.982735
235,16:45:19.944984,21.628312,21.628312,0.040961,19,954,15,77.234359,0,0,14.088614,0.105879,14.088614
236,16:45:19.979708,21.661098,21.661098,0.032786,19,957,15,91.784519,0,0,14.175891,0.087278,14.175891
237,16:45:20.010831,21.694191,21.694191,0.033093,19,956,15,90.933475,0,0,14.263986,0.088095,14.263986
238,16:45:20.038909,21.726634,21.726634,0.032443,19,953,15,92.755138,0,0,14.350351,0.086365,14.350351
239,16:45:20.072306,21.755306,21.755306,0.028672,19,955,15,104.954707,0,0,14.426677,0.076326,14.426677
240,16:45:20.105855,21.779874,21.779874,0.024568,19,954,15,122.486541,0,0,14.492078,0.065401,14.492078
241,16:45:20.135627,21.824934,21.824934,0.045060,19,954,15,66.783503,0,0,14.612029,0.119951,14.612029
242,16:45:20.168516,21.849516,21.849516,0.024582,19,953,15,122.417638,0,0,14.677467,0.065438,14.677467
243,16:45:20.200155,21.887214,21.887214,0.037698,19,954,15,79.825371,0,0,14.777820,0.100354,14.777820
244,16:45:20.234476,21.915052,21.915052,0.027838,19,955,15,108.099007,0,0,14.851926,0.074106,14.851926
245,16:45:20.267620,21.956017,21.956017,0.040965,19,954,15,73.459133,0,0,14.960977,0.109051,14.960977
246,16:45:20.293202,21.977787,21.977787,0.021770,19,953,15,138.229637,0,0,15.018929,0.057953,15.018929
247,16:45:20.328487,22.013811,22.013811,0.036024,19,954,15,83.535181,0,0,15.114826,0.095897,15.114826
248,16:45:20.361300,22.042043,22.042043,0.028232,19,955,15,106.589999,0,0,15.189981,0.075155,15.189981
249,16:45:20.387670,22.070710,22.070710,0.028667,19,952,15,104.973038,41.998192592,-93.63275117,15.266294,0.076313,15.266294
250,16:45:20.423957,22.103642,22.103642,0.032932,19,948,15,91.377849,0,0,15.353960,0.087666,15.353960
251,16:45:20.457472,22.144454,22.144454,0.040812,19,948,15,73.734640,0,0,15.462603,0.108643,15.462603
252,16:45:20.493371,22.177217,22.177217,0.032763,19,949,15,91.849308,0,0,15.549819,0.087216,15.549819
253,16:45:20.519244,22.201797,22.201797,0.024580,19,948,15,122.427137,0,0,15.615252,0.065433,15.615252
254,16:45:20.556652,22.234566,22.234566,0.032769,19,949,15,91.832601,0,0,15.702484,0.087232,15.702484
255,16:45:20.587258,22.271427,22.271427,0.036861,19,958,15,81.638152,0,0,15.800610,0.098125,15.800610
256,16:45:20.631558,22.312517,22.312517,0.041090,19,972,15,73.235785,0,0,15.909993,0.109383,15.909993
257,16:45:20.658600,22.341316,22.341316,0.028799,19,979,15,104.491590,0,0,15.986657,0.076664,15.986657
258,16:45:20.683615,22.369736,22.369736,0.028420,19,984,15,105.885372,0,0,16.062312,0.075655,16.062312
259,16:45:20.728999,22.411064,22.411064,0.041328,19,1004,15,72.814137,0,0,16.172328,0.110017,16.172328
260,16:45:20.758131,22.447566,22.447566,0.036502,19,1016,15,82.440664,0,0,16.269498,0.097170,16.269498
261,16:45:20.791991,22.480341,22.480341,0.032775,19,1025,15,91.815900,0,0,16.356747,0.087248,16.356747
262,16:45:20.842419,22.521549,22.521549,0.041208,19,1036,15,73.026042,0,0,16.466444,0.109697,16.466444
263,16:45:20.871645,22.554069,22.554069,0.032520,19,1040,15,92.535489,0,0,16.553013,0.086570,16.553013
264,16:45:20.895374,22.578653,22.578653,0.024584,19,1039,15,122.406953,0,0,16.618457,0.065444,16.618457
265,16:45:20.922886,22.607490,22.607490,0.028837,19,1048,15,104.354227,0,0,16.695222,0.076765,16.695222
266,16:45:20.957911,22.640091,22.640091,0.032601,19,1054,15,92.306075,0,0,16.782007,0.086785,16.782007
267,16:45:20.995613,22.672861,22.672861,0.032770,19,1062,15,91.829260,0,0,16.869242,0.087235,16.869242
268,16:45:21.038895,22.718318,22.718318,0.045457,19,1072,15,66.200294,0,0,16.990250,0.121008,16.990250
269,16:45:21.071171,22.754805,22.754805,0.036487,19,1081,15,82.474602,0,0,17.087380,0.097130,17.087380
270,16:45:21.107485,22.791661,22.791661,0.036856,19,1084,15,81.649242,0,0,17.185492,0.098112,17.185492
271,16:45:21.149319,22.816237,22.816237,0.024576,19,1089,15,122.447328,0,0,17.250914,0.065422,17.250914
272,16:45:21.172457,22.857192,22.857192,0.040955,19,1098,15,73.477093,0,0,17.359938,0.109024,17.359938
273,16:45:21.210314,22.890248,22.890248,0.033056,19,1106,15,91.035133,0,0,17.447934,0.087996,17.447934
274,16:45:21.248107,22.930928,22.930928,0.040680,19,1119,15,73.974049,0,0,17.556226,0.108291,17.556226
275,16:45:21.283479,22.972020,22.972020,0.041092,19,1134,15,73.232386,0,0,17.665614,0.109388,17.665614
276,16:45:21.316600,22.996470,22.996470,0.024450,19,1146,15,123.077768,0,0,17.730701,0.065087,17.730701
277,16:45:21.352374,23.041537,23.041537,0.045067,19,1162,17,79.100209,0,0,17.863190,0.132489,17.863190
278,16:45:21.399934,23.078398,23.078398,0.036861,19,1179,17,92.523239,41.998217851,-93.632794402,17.974399,0.111209,17.974399
279,16:45:21.429855,23.116018,23.116018,0.037620,19,1191,17,90.656239,0,0,18.087897,0.113499,18.087897
280,16:45:21.463759,23.148276,23.148276,0.032258,19,1201,17,105.725409,41.998217833,-93.632794333,18.185219,0.097322,18.185219
281,16:45:21.495576,23.180808,23.180808,0.032532,19,1214,17,104.835124,0,0,18.283367,0.098148,18.283367
282,16:45:21.538469,23.221769,23.221769,0.040961,19,1226,17,83.261922,0,0,18.406946,0.123578,18.406946
283,16:45:21.564600,23.250438,23.250438,0.028669,19,1242,17,118.961528,0,0,18.493439,0.086493,18.493439
284,16:45:21.586567,23.275018,23.275018,0.024580,19,1248,17,138.750756,0,0,18.567596,0.074157,18.567596
285,16:45:21.624226,23.303696,23.303696,0.028678,19,1260,17,118.923946,0,0,18.654117,0.086521,18.654117
286,16:45:21.659644,23.336705,23.336705,0.033009,19,1271,17,103.319956,0,0,18.753704,0.099587,18.753704
287,16:45:21.691886,23.373331,23.373331,0.036626,19,1284,17,93.116487,0,0,18.864204,0.110500,18.864204
288,16:45:21.718989,23.406102,23.406102,0.032771,19,1292,17,104.070890,0,0,18.963073,0.098869,18.963073
289,16:45:21.746364,23.430914,23.430914,0.024812,19,1300,17,137.453496,0,0,19.037930,0.074857,19.037930
290,16:45:21.774376,23.463443,23.463443,0.032529,19,1312,17,104.844345,0,0,19.136070,0.098140,19.136070
291,16:45:21.816193,23.500323,23.500323,0.036880,19,1319,16,84.943456,0,0,19.242214,0.106144,19.242214
292,16:45:21.858040,23.541298,23.541298,0.040975,19,1330,16,78.337715,0,0,19.358562,0.116348,19.358562
293,16:45:21.890280,23.570124,23.570124,0.028826,19,1341,16,111.353526,0,0,19.440414,0.081852,19.440414
294,16:45:21.928659,23.606815,23.606815,0.036691,19,1351,16,87.483580,0,0,19.544599,0.104185,19.544599
295,16:45:21.956866,23.635494,23.635494,0.028679,19,1359,16,111.924698,0,0,19.626032,0.081434,19.626032
296,16:45:21.987143,23.676457,23.676457,0.040963,19,1364,16,78.360513,0,0,19.742347,0.116315,19.742347
297,16:45:22.023796,23.701042,23.701042,0.024585,19,1371,16,130.562352,0,0,19.812156,0.069809,19.812156
298,16:45:22.057931,23.742003,23.742003,0.040961,19,1381,16,78.364161,0,0,19.928465,0.116309,19.928465
299,16:45:22.086850,23.770672,23.770672,0.028669,19,1386,16,111.962860,0,0,20.009872,0.081406,20.009872
300,16:45:22.137873,23.815725,23.815725,0.045053,19,1388,16,71.246669,0,0,20.137800,0.127928,20.137800
301,16:45:22.177890,23.856696,23.856696,0.040971,19,1380,16,78.345465,0,0,20.254137,0.116337,20.254137
302,16:45:22.225508,23.906093,23.906093,0.049397,19,1363,16,64.981215,0,0,20.394400,0.140263,20.394400
303,16:45:22.264599,23.946978,23.946978,0.040885,19,1343,16,78.509479,0,0,20.510494,0.116094,20.510494
304,16:45:22.300584,23.987767,23.987767,0.040789,19,1319,15,71.884742,0,0,20.620649,0.110155,20.620649
305,16:45:22.327024,24.016441,24.016441,0.028674,19,1298,15,104.947726,0,0,20.696980,0.076331,20.696980
306,16:45:22.370707,24.053304,24.053304,0.036863,19,1282,15,81.633400,41.99823801,-93.632836228,20.795111,0.098131,20.795111
307,16:45:22.405090,24.090529,24.090529,0.037225,19,1263,15,80.839721,0,0,20.894205,0.099094,20.894205
308,16:45:22.438366,24.122941,24.122941,0.032412,19,1244,15,92.843836,0,0,20.980487,0.086282,20.980487
309,16:45:22.459600,24.147690,24.147690,0.024749,19,1236,15,121.590946,0,0,21.046370,0.065883,21.046370
310,16:45:22.496382,24.180302,24.180302,0.032612,19,1224,15,92.275033,0,0,21.133184,0.086814,21.133184
311,16:45:22.531618,24.208962,24.208962,0.028660,19,1213,15,104.998362,0,0,21.209478,0.076294,21.209478
312,16:45:22.560872,24.242175,24.242175,0.033213,19,1204,15,90.604483,0,0,21.297893,0.088415,21.297893
313,16:45:22.595884,24.278858,24.278858,0.036683,19,1194,15,82.034513,0,0,21.395544,0.097651,21.395544
314,16:45:22.639667,24.315465,24.315465,0.036607,19,1180,15,82.204415,0,0,21.492993,0.097449,21.492993
315,16:45:22.697225,24.381016,24.381016,0.065551,19,1166,15,45.907115,0,0,21.667492,0.174499,21.667492
316,16:45:22.741074,24.426313,24.426313,0.045297,19,1145,15,66.434100,0,0,21.788074,0.120582,21.788074
317,16:45:22.782498,24.462937,24.462937,0.036624,19,1132,14,74.581828,0,0,21.880482,0.092408,21.880482
318,16:45:22.816332,24.500059,24.500059,0.037122,19,1118,14,75.659747,0,0,21.972714,0.092232,21.972714
319,16:45:22.862501,24.541017,24.541017,0.040958,19,1100,14,68.573431,0,0,22.074477,0.101763,22.074477
320,16:45:22.993677,24.585830,24.585830,0.044813,19,1085,14,62.674829,0,0,22.185818,0.111341,22.185818
321,16:45:23.041378,24.704622,24.704622,0.118792,19,1034,14,23.643348,0,0,22.480965,0.295147,22.480965
322,16:45:23.122265,24.757870,24.757870,0.053248,19,1015,14,52.746502,0,0,22.613263,0.132298,22.613263
323,16:45:23.320712,24.917789,24.917789,0.159919,19,985,12,14.088921,0,0,22.966171,0.352908,22.966171
324,16:45:23.386592,25.069182,25.069182,0.151393,19,926,12,15.901715,41.998250299,-93.632868718,23.288582,0.322411,23.288582
325,16:45:23.482665,25.167510,25.167510,0.098328,19,906,12,24.483409,0,0,23.497984,0.209402,23.497984
326,16:45:23.604650,25.278168,25.278168,0.110658,19,891,12,21.755399,0,0,23.733645,0.235660,23.733645
327,16:45:23.699176,25.339546,25.339546,0.061378,19,874,12,39.222642,0,0,23.864357,0.130712,23.864357
328,16:45:23.766352,25.450141,25.450141,0.110595,19,858,9,14.232779,0,0,24.053802,0.189445,24.053802
329,16:45:23.860494,25.532058,25.532058,0.081917,19,853,9,22.041267,0,0,24.184642,0.130840,24.184642
330,16:45:23.942563,25.610020,25.610020,0.077962,19,844,9,23.159454,0,0,24.309164,0.124523,24.309164
331,16:45:24.090917,25.773740,25.773740,0.163720,19,844,9,11.028305,0,0,24.570662,0.261497,24.570662
332,16:45:24.189074,25.831093,25.831093,0.057353,19,841,9,31.481438,0,0,24.662267,0.091606,24.662267
333,16:45:24.369232,26.052303,26.052303,0.221210,19,836,7,5.650739,0,0,24.954142,0.291874,24.954142
334,16:45:24.437611,26.101445,26.101445,0.049142,19,838,7,28.576865,41.998256478,-93.632889602,25.015190,0.061048,25.015190
335,16:45:24.527517,26.191810,26.191810,0.090365,19,834,7,15.540553,0,0,25.127449,0.112259,25.127449
336,16:45:24.701573,26.384095,26.384095,0.192285,19,829,6,5.858714,0,0,25.339615,0.212166,25.339615
337,16:45:24.834019,26.502888,26.502888,0.118793,19,830,6,10.132782,0,0,25.466108,0.126493,25.466108
338,16:45:24.930322,26.597103,26.597103,0.094215,19,834,6,12.776148,0,0,25.566429,0.100321,25.566429
339,16:45:24.966592,26.654460,26.654460,0.057357,19,842,6,20.986142,0,0,25.627504,0.061075,25.627504
340,16:45:25.115704,26.760954,26.760954,0.106494,19,843,6,11.303024,0,0,25.740900,0.113396,25.740900
341,16:45:25.249268,26.826736,26.826736,0.065782,19,854,5,14.075658,0,0,25.801809,0.060909,25.801809
342,16:45:25.356031,27.035571,27.035571,0.208835,19,862,5,4.803246,0,0,25.987118,0.185309,25.987118
343,16:45:25.460543,27.145995,27.145995,0.110424,19,866,5,9.083969,41.998258598,-93.632898631,26.085102,0.097984,26.085102
344,16:45:25.499308,27.182861,27.182861,0.036866,19,869,5,27.208846,0,0,26.117816,0.032713,26.117816
345,16:45:25.580017,27.248403,27.248403,0.065542,19,874,5,15.304487,0,0,26.175974,0.058158,26.175974
346,16:45:25.616775,27.297567,27.297567,0.049164,19,864,3,9.102850,0,0,26.205943,0.029969,26.205943
347,16:45:25.669561,27.355549,27.355549,0.057982,19,866,3,10.379940,0,0,26.236813,0.030870,26.236813
348,16:45:25.886383,27.465505,27.465505,0.109956,19,860,3,5.473580,0,0,26.295354,0.058541,26.295354
349,16:45:26.020438,27.690804,27.690804,0.225299,19,867,3,2.671346,0,0,26.415305,0.119951,26.415305
350,16:45:26.175707,27.772728,27.772728,0.081924,19,866,3,7.346469,0,0,26.458922,0.043617,26.458922
351,16:45:26.265433,27.932458,27.932458,0.159730,19,855,3,3.767933,0,0,26.543963,0.085041,26.543963
352,16:45:26.366961,28.043092,28.043092,0.110634,19,855,3,5.440022,0,0,26.602866,0.058902,26.602866
353,16:45:26.489455,28.157778,28.157778,0.114686,19,844,3,5.247823,41.998259953,-93.632904333,26.663925,0.061060,26.663925
354,16:45:26.590683,28.264284,28.264284,0.106506,19,844,3,5.650880,0,0,26.720630,0.056705,26.720630
355,16:45:26.725096,28.395364,28.395364,0.131080,19,840,3,4.591480,0,0,26.790418,0.069788,26.790418
356,16:45:26.771965,28.456812,28.456812,0.061448,19,838,3,9.794513,0,0,26.823133,0.032715,26.823133
357,16:45:26.831626,28.514157,28.514157,0.057345,20,848,3,10.495253,0,0,26.853664,0.030531,26.853664
358,16:45:26.975092,28.653425,28.653425,0.139268,22,888,3,4.321540,0,0,26.927812,0.074147,26.927812
359,16:45:27.046406,28.731506,28.731506,0.078081,23,954,3,7.708055,0,0,26.969382,0.041571,26.969382
360,16:45:27.125161,28.792702,28.792702,0.061196,24,1058,3,9.834809,0,0,27.001964,0.032581,27.001964
361,16:45:27.229029,28.907526,28.907526,0.114824,24,1219,3,5.241514,0,0,27.063097,0.061133,27.063097
362,16:45:27.270738,28.956558,28.956558,0.049032,24,1318,3,12.274682,0,0,27.089202,0.026105,27.089202
363,16:45:27.341403,29.005716,29.005716,0.049158,24,1344,3,12.243189,0,0,27.115374,0.026172,27.115374
364,16:45:27.491141,29.075345,29.075345,0.069629,24,1400,3,8.643701,41.99826358,-93.632917806,27.152445,0.037071,27.152445
365,16:45:27.560860,29.239439,29.239439,0.164094,22,1505,3,3.667727,0,0,27.239810,0.087365,27.239810
366,16:45:27.597763,29.280159,29.280159,0.040720,22,1525,3,14.780257,0,0,27.261489,0.021680,27.261489
367,16:45:27.663280,29.345867,29.345867,0.065708,22,1528,3,9.159502,0,0,27.296473,0.034983,27.296473
368,16:45:27.748210,29.411241,29.411241,0.065374,23,1530,3,9.206269,0,0,27.331278,0.034806,27.331278
369,16:45:27.795534,29.476783,29.476783,0.065542,22,1525,3,9.182692,0,0,27.366173,0.034895,27.366173
370,16:45:27.872557,29.546429,29.546429,0.069646,22,1516,3,8.641600,0,0,27.403253,0.037080,27.403253
371,16:45:27.950498,29.624243,29.624243,0.077814,22,1508,6,18.443767,0,0,27.477105,0.073851,27.477105
372,16:45:28.050524,29.711239,29.711239,0.086996,22,1492,6,13.836298,0,0,27.569739,0.092635,27.569739
373,16:45:28.131385,29.812753,29.812753,0.101514,22,1482,6,11.857530,0,0,27.677833,0.108093,27.677833
374,16:45:28.226660,29.865946,29.865946,0.053193,22,1483,6,22.628948,0,0,27.734474,0.056641,27.734474
375,16:45:28.311387,29.972425,29.972425,0.106479,22,1492,6,11.304619,0,0,27.847854,0.113380,27.847854
376,16:45:28.397799,30.083036,30.083036,0.110611,22,1513,6,10.882318,41.998272284,-93.632948877,27.965634,0.117780,27.965634
377,16:45:28.476774,30.156752,30.156752,0.073716,22,1534,9,27.633609,0,0,28.074843,0.109209,28.074843
378,16:45:28.525676,30.201824,30.201824,0.045072,22,1544,9,40.059292,0,0,28.146833,0.071990,28.146833
379,16:45:28.653906,30.316520,30.316520,0.114696,22,1555,9,15.742093,0,0,28.330028,0.183195,28.330028
380,16:45:28.709651,30.390267,30.390267,0.073747,21,1561,9,24.483132,0,0,28.447818,0.117790,28.447818
381,16:45:28.738778,30.423010,30.423010,0.032743,21,1556,9,55.143292,0,0,28.500116,0.052298,28.500116
382,16:45:28.786857,30.455785,30.455785,0.032775,21,1555,9,55.089139,0,0,28.552465,0.052349,28.552465
383,16:45:28.841267,30.501011,30.501011,0.045226,20,1555,9,39.923080,0,0,28.624701,0.072236,28.624701
384,16:45:28.917656,30.586863,30.586863,0.085852,20,1552,12,30.737600,0,0,28.797598,0.172897,28.797598
385,16:45:28.995421,30.656524,30.656524,0.069661,20,1527,12,34.558947,0,0,28.945950,0.148352,28.945950
386,16:45:29.044029,30.717945,30.717945,0.061421,19,1525,12,39.195085,0,0,29.076754,0.130804,29.076754
387,16:45:29.075542,30.754810,30.754810,0.036865,19,1524,12,65.303341,0,0,29.155263,0.078509,29.155263
388,16:45:29.124707,30.800348,30.800348,0.045538,19,1526,12,52.865961,0,0,29.252242,0.096979,29.252242
389,16:45:29.170168,30.853128,30.853128,0.052780,19,1534,12,45.612190,0,0,29.364644,0.112402,29.364644
390,16:45:29.255382,30.903456,30.903456,0.050328,19,1538,12,47.834339,0,0,29.471824,0.107180,29.471824
391,16:45:29.326810,30.984203,30.984203,0.080747,19,1544,12,29.814155,0,0,29.643785,0.171961,29.643785
392,16:45:29.363069,31.045654,31.045654,0.061451,19,1540,14,48.216709,41.998284607,-93.63299382,29.791723,0.147937,29.791723
393,16:45:29.422298,31.098899,31.098899,0.053245,19,1539,14,52.749572,0,0,29.924013,0.132290,29.924013
394,16:45:29.476294,31.152151,31.152151,0.053252,19,1530,14,52.742487,0,0,30.056321,0.132308,30.056321
395,16:45:29.622642,31.242279,31.242279,0.090128,19,1526,14,31.162749,0,0,30.280251,0.223930,30.280251
396,16:45:29.771545,31.385636,31.385636,0.143357,19,1498,14,19.591936,0,0,30.636431,0.356180,30.636431
397,16:45:29.837294,31.520820,31.520820,0.135184,19,1480,14,20.776467,0,0,30.972304,0.335873,30.972304
398,16:45:29.884901,31.566076,31.566076,0.045256,19,1465,14,62.061018,0,0,31.084746,0.112442,31.084746
399,16:45:29.958776,31.623222,31.623222,0.057146,19,1454,14,49.148674,0,0,31.226729,0.141983,31.226729
400,16:45:30.032204,31.688762,31.688762,0.065540,20,1447,14,42.853811,0,0,31.389568,0.162839,31.389568
401,16:45:30.168868,31.807559,31.807559,0.118797,20,1433,14,23.642352,0,0,31.684727,0.295159,31.684727
402,16:45:30.224507,31.906107,31.906107,0.098548,20,1413,14,28.500262,0,0,31.929576,0.244849,31.929576
403,16:45:30.313535,31.983691,31.983691,0.077584,20,1399,14,36.201291,0,0,32.122339,0.192763,32.122339
404,16:45:30.362806,32.036943,32.036943,0.053252,21,1385,14,52.742487,0,0,32.254647,0.132308,32.254647
405,16:45:30.401509,32.073809,32.073809,0.036866,21,1378,14,76.185260,41.998297828,-93.633042557,32.346243,0.091596,32.346243
406,16:45:30.532233,32.172366,32.172366,0.098557,21,1360,14,28.497642,0,0,32.591115,0.244872,32.591115
407,16:45:30.674281,32.336168,32.336168,0.163802,21,1235,14,17.146552,0,0,32.998092,0.406978,32.998092
408,16:45:30.719394,32.401518,32.401518,0.065350,21,1188,14,42.978574,0,0,33.160458,0.162366,33.160458
409,16:45:30.804615,32.483445,32.483445,0.081927,21,1161,14,34.282225,0,0,33.364012,0.203553,33.364012
410,16:45:30.910346,32.532592,32.532592,0.049147,20,1152,14,57.147631,0,0,33.486121,0.122109,33.486121
411,16:45:31.036222,32.722311,32.722311,0.189719,20,1158,14,14.804224,0,0,33.957491,0.471370,33.957491
412,16:45:31.089522,32.766091,32.766091,0.043780,27,1185,14,64.153760,0,0,34.066265,0.108774,34.066265
413,16:45:31.142615,32.819342,32.819342,0.053251,23,1206,14,52.743432,0,0,34.198570,0.132306,34.198570
414,16:45:31.245067,32.893068,32.893068,0.073726,22,1248,14,38.095587,0,0,34.381748,0.183178,34.381748
415,16:45:31.365840,33.028635,33.028635,0.135567,22,1310,16,24.815765,41.998311363,-93.633092131,34.756231,0.374483,34.756231
416,16:45:31.423145,33.093785,33.093785,0.065150,22,1374,16,49.269001,0,0,34.941225,0.184994,34.941225
417,16:45:31.515287,33.183905,33.183905,0.090120,22,1412,16,35.617868,0,0,35.197121,0.255896,35.197121
418,16:45:31.563292,33.245454,33.245454,0.061549,22,1424,16,52.151405,0,0,35.371890,0.174769,35.371890
419,16:45:31.620777,33.286315,33.286315,0.040861,24,1431,16,78.556205,0,0,35.487915,0.116025,35.487915
420,16:45:31.686632,33.360049,33.360049,0.073734,23,1451,16,43.533168,0,0,35.697283,0.209368,35.697283
421,16:45:31.736074,33.413313,33.413313,0.053264,22,1472,16,60.263638,0,0,35.848526,0.151243,35.848526
422,16:45:31.770399,33.454259,33.454259,0.040946,23,1484,16,78.392908,0,0,35.964793,0.116266,35.964793
423,16:45:31.868326,33.528770,33.528770,0.074511,23,1501,16,43.079201,0,0,36.176367,0.211575,36.176367
424,16:45:31.912601,33.597630,33.597630,0.068860,22,1502,16,46.614494,0,0,36.371896,0.195529,36.371896
425,16:45:31.952774,33.630884,33.630884,0.033254,22,1502,16,96.526295,0,0,36.466320,0.094425,36.466320
426,16:45:32.031891,33.704149,33.704149,0.073265,22,1489,16,43.811823,0,0,36.674357,0.208037,36.674357
427,16:45:32.071898,33.749200,33.749200,0.045051,22,1480,16,71.250062,0,0,36.802279,0.127922,36.802279
428,16:45:32.269874,33.908964,33.908964,0.159764,22,1470,16,20.091357,0,0,37.255930,0.453651,37.255930
429,16:45:32.319735,34.003174,34.003174,0.094210,23,1458,16,34.071452,0,0,37.523441,0.267510,37.523441
430,16:45:32.353742,34.040503,34.040503,0.037329,24,1469,16,85.988912,0,0,37.629436,0.105996,37.629436
431,16:45:32.452865,34.131025,34.131025,0.090522,24,1476,16,35.459609,41.998326138,-93.633146304,37.886474,0.257038,37.886474
432,16:45:32.501912,34.179361,34.179361,0.048336,24,1498,16,66.407863,0,0,38.023724,0.137250,38.023724
433,16:45:32.557446,34.216174,34.216174,0.036813,24,1519,16,87.194055,0,0,38.128255,0.104531,38.128255
434,16:45:32.613188,34.298096,34.298096,0.081922,24,1549,16,39.182081,0,0,38.360873,0.232618,38.360873
435,16:45:32.658312,34.343146,34.343146,0.045050,24,1558,18,83.583131,0,0,38.501307,0.140434,38.501307
436,16:45:32.716901,34.392305,34.392305,0.049159,24,1568,18,73.458064,0,0,38.658342,0.157035,38.658342
437,16:45:32.784161,34.453995,34.453995,0.061690,23,1576,18,58.536322,0,0,38.855408,0.197066,38.855408
438,16:45:32.952086,34.564459,34.564459,0.110464,23,1571,18,32.690360,0,0,39.208279,0.352871,39.208279
439,16:45:33.067655,34.691344,34.691344,0.126885,22,1534,18,28.459730,0,0,39.613606,0.405327,39.613606
440,16:45:33.212323,34.871748,34.871748,0.180404,22,1494,18,20.016808,0,0,40.189896,0.576290,40.189896
441,16:45:33.292376,34.945309,34.945309,0.073561,21,1476,18,49.090053,0,0,40.424883,0.234986,40.424883
442,16:45:33.343348,35.023140,35.023140,0.077831,19,1450,18,46.396805,0,0,40.673510,0.248627,40.673510
443,16:45:33.435057,35.084574,35.084574,0.061434,19,1423,18,58.780306,41.998342737,-93.633206102,40.869757,0.196248,40.869757
444,16:45:33.519156,35.191202,35.191202,0.106628,19,1332,18,33.866462,0,0,41.210374,0.340617,41.210374
445,16:45:33.590675,35.273001,35.273001,0.081799,19,1273,18,44.146136,41.998342667,-93.633206167,41.471677,0.261302,41.471677
446,16:45:33.627384,35.309876,35.309876,0.036875,19,1245,20,112.994321,0,0,41.599715,0.128038,41.599715
447,16:45:33.736227,35.391801,35.391801,0.081925,19,1212,20,48.975890,0,0,41.890498,0.290783,41.890498
448,16:45:33.824359,35.494209,35.494209,0.102408,19,1170,20,39.179937,0,0,42.253984,0.363486,42.253984
449,16:45:33.871723,35.555649,35.555649,0.061440,19,1147,20,65.305115,0,0,42.472058,0.218074,42.472058
450,16:45:33.977323,35.633477,35.633477,0.077828,19,1138,20,51.554058,0,0,42.748299,0.276241,42.748299
451,16:45:34.034185,35.719503,35.719503,0.086026,19,1122,20,46.641107,0,0,43.053638,0.305339,43.053638
452,16:45:34.091231,35.760459,35.760459,0.040956,19,1115,19,91.184834,0,0,43.193318,0.139680,43.193318
453,16:45:34.182402,35.850579,35.850579,0.090120,19,1099,19,42.296107,0,0,43.497195,0.303877,43.497195
454,16:45:34.240341,35.899735,35.899735,0.049156,19,1092,19,77.543580,0,0,43.662945,0.165750,43.662945
455,16:45:34.288030,35.965300,35.965300,0.065565,19,1090,19,58.136537,0,0,43.884025,0.221080,43.884025
456,16:45:34.343659,36.022640,36.022640,0.057340,19,1084,19,66.476013,0,0,44.077370,0.193345,44.077370
457,16:45:34.419456,36.096602,36.096602,0.073962,19,1081,19,51.536326,41.998360472,-93.633265553,44.326763,0.249393,44.326763
458,16:45:34.476192,36.141424,36.141424,0.044822,19,1073,19,85.041504,0,0,44.477899,0.151136,44.477899
459,16:45:34.517904,36.194666,36.194666,0.053242,19,1070,19,71.592552,0,0,44.657427,0.179527,44.657427
460,16:45:34.574874,36.256242,36.256242,0.061576,19,1064,18,57.391569,0,0,44.856504,0.199077,44.856504
461,16:45:34.617399,36.305312,36.305312,0.049070,19,1060,18,73.591193,0,0,45.013255,0.156751,45.013255
462,16:45:34.715280,36.374903,36.374903,0.069591,19,1055,18,51.890456,0,0,45.235559,0.222305,45.235559
463,16:45:34.773402,36.448634,36.448634,0.073731,19,1052,18,48.976872,0,0,45.471089,0.235529,45.471089
464,16:45:34.848893,36.530558,36.530558,0.081924,19,1047,18,44.078815,0,0,45.732790,0.261702,45.732790
465,16:45:34.888549,36.564639,36.564639,0.034081,19,1039,18,105.956038,0,0,45.841661,0.108871,45.841661
466,16:45:34.931717,36.620939,36.620939,0.056300,19,1036,18,64.140603,0,0,46.021508,0.179847,46.021508
467,16:45:35.037385,36.686227,36.686227,0.065288,19,1038,18,55.310431,0,0,46.230067,0.208559,46.230067
468,16:45:35.187018,36.833682,36.833682,0.147455,19,1023,18,24.489584,0,0,46.701104,0.471037,46.701104
469,16:45:35.241284,36.923799,36.923799,0.090117,19,1044,18,40.071374,0,0,46.988977,0.287874,46.988977
470,16:45:35.327720,36.993435,36.993435,0.069636,19,1070,18,51.857056,0,0,47.211425,0.222448,47.211425
471,16:45:35.455267,37.050787,37.050787,0.057352,19,1101,18,62.963924,41.998378702,-93.63331948,47.394633,0.183208,47.394633
472,16:45:35.602863,37.255602,37.255602,0.204815,19,1180,18,17.631095,41.998378667,-93.6333195,48.048903,0.654270,48.048903
473,16:45:35.713397,37.390782,37.390782,0.135180,19,1218,18,26.713354,0,0,48.480728,0.431825,48.480728
474,16:45:35.762671,37.448314,37.448314,0.057532,19,1244,18,62.766923,0,0,48.664511,0.183783,48.664511
475,16:45:35.824897,37.489097,37.489097,0.040783,19,1252,18,88.544674,0,0,48.794790,0.130279,48.794790
476,16:45:35.870338,37.550533,37.550533,0.061436,19,1270,18,58.778253,0,0,48.991044,0.196254,48.991044
477,16:45:35.970678,37.640655,37.640655,0.090122,19,1283,17,36.986906,0,0,49.266417,0.275373,49.266417
478,16:45:36.036294,37.710284,37.710284,0.069629,19,1310,17,48.980972,0,0,49.476486,0.210069,49.476486
479,16:45:36.149287,37.800404,37.800404,0.090120,19,1321,17,37.843885,0,0,49.748376,0.271890,49.748376
480,16:45:36.247283,37.895278,37.895278,0.094874,19,1348,17,35.947649,0,0,50.034608,0.286232,50.034608
481,16:45:36.301455,37.976542,37.976542,0.081264,19,1368,17,41.968067,0,0,50.279780,0.245172,50.279780
482,16:45:36.356027,38.017509,38.017509,0.040967,19,1376,17,83.249807,0,0,50.403376,0.123596,50.403376
483,16:45:36.407008,38.083050,38.083050,0.065541,19,1385,17,52.036013,41.998400658,-93.633360312,50.601112,0.197736,50.601112
484,16:45:36.443281,38.119916,38.119916,0.036866,19,1394,16,84.975867,0,0,50.707215,0.106103,50.707215
485,16:45:36.487515,38.160889,38.160889,0.040973,19,1399,16,78.341362,0,0,50.823558,0.116343,50.823558
486,16:45:36.552180,38.226588,38.226588,0.065699,19,1412,16,48.857237,0,0,51.010111,0.186553,51.010111
487,16:45:36.602046,38.283770,38.283770,0.057182,19,1422,16,56.134315,0,0,51.172480,0.162369,51.172480
488,16:45:36.697287,38.345214,38.345214,0.061444,19,1430,16,52.240848,0,0,51.346950,0.174470,51.346950
489,16:45:36.739968,38.423355,38.423355,0.078141,19,1438,16,41.077895,0,0,51.568833,0.221882,51.568833
490,16:45:36.798411,38.480420,38.480420,0.057065,20,1443,16,56.249705,0,0,51.730868,0.162036,51.730868
491,16:45:36.842293,38.513174,38.513174,0.032754,20,1442,16,97.998981,0,0,51.823874,0.093006,51.823874
492,16:45:36.947294,38.615566,38.615566,0.102392,20,1446,15,28.636026,0,0,52.100396,0.276521,52.100396
493,16:45:37.050892,38.709776,38.709776,0.094210,19,1450,15,31.942067,0,0,52.351186,0.250790,52.351186
494,16:45:37.126692,38.795802,38.795802,0.086026,19,1459,15,34.980830,0,0,52.580190,0.229004,52.580190
495,16:45:37.187798,38.869534,38.869534,0.073732,19,1469,15,40.813400,0,0,52.776468,0.196278,52.776468
496,16:45:37.281383,38.939169,38.939169,0.069635,19,1471,15,43.214805,0,0,52.961838,0.185371,52.961838
497,16:45:37.367710,39.029715,39.029715,0.090546,19,1488,15,33.234543,41.998429681,-93.633383565,53.202876,0.241037,53.202876
498,16:45:37.434949,39.098924,39.098924,0.069209,19,1497,15,43.480838,0,0,53.387112,0.184237,53.387112
499,16:45:37.500330,39.168560,39.168560,0.069636,19,1498,15,43.214065,0,0,53.572486,0.185374,53.572486
500,16:45:37.555177,39.242298,39.242298,0.073738,19,1502,15,40.810233,0,0,53.768779,0.196293,53.768779
501,16:45:37.651647,39.324217,39.324217,0.081919,19,1507,15,36.734484,0,0,53.986851,0.218072,53.986851
502,16:45:37.754278,39.419135,39.419135,0.094918,19,1513,15,31.703774,0,0,54.239526,0.252675,54.239526
503,16:45:37.806312,39.492171,39.492171,0.073036,19,1522,15,41.202436,0,0,54.433951,0.194424,54.433951
504,16:45:37.942174,39.598669,39.598669,0.106498,19,1527,15,28.256485,0,0,54.717452,0.283502,54.717452
505,16:45:38.030320,39.701087,39.701087,0.102418,19,1532,15,29.382148,0,0,54.990093,0.272640,54.990093
506,16:45:38.108176,39.787111,39.787111,0.086024,19,1534,15,34.981606,0,0,55.219092,0.228999,55.219092
507,16:45:38.164272,39.840388,39.840388,0.053277,19,1535,15,56.483255,0,0,55.360917,0.141825,55.360917
508,16:45:38.223316,39.893606,39.893606,0.053218,19,1533,15,56.546011,0,0,55.502585,0.141668,55.502585
509,16:45:38.259726,39.942790,39.942790,0.049184,19,1534,15,61.183599,0,0,55.633515,0.130930,55.633515
510,16:45:38.285014,39.967341,39.967341,0.024551,19,1535,15,122.572185,0,0,55.698870,0.065355,55.698870
511,16:45:38.369718,40.057451,40.057451,0.090110,19,1534,15,33.395374,41.998465741,-93.633386874,55.938747,0.239876,55.938747
512,16:45:38.436645,40.123578,40.123578,0.066127,19,1538,15,45.507228,0,0,56.114779,0.176033,56.114779
513,16:45:38.499687,40.172386,40.172386,0.048808,19,1534,15,61.655219,0,0,56.244708,0.129928,56.244708
514,16:45:38.540583,40.225404,40.225404,0.053018,19,1538,15,56.759100,0,0,56.385844,0.141136,56.385844
515,16:45:38.578272,40.254074,40.254074,0.028670,19,1535,15,104.961690,0,0,56.462165,0.076321,56.462165
516,16:45:38.647272,40.315520,40.315520,0.061446,20,1536,15,48.974085,0,0,56.625736,0.163571,56.625736
517,16:45:38.681589,40.364872,40.364872,0.049352,20,1536,15,60.975512,0,0,56.757113,0.131377,56.757113
518,16:45:38.770427,40.431098,40.431098,0.066226,20,1539,15,45.439238,0,0,56.933409,0.176296,56.933409
519,16:45:38.848279,40.516233,40.516233,0.085135,20,1549,17,41.872503,0,0,57.183690,0.250281,57.183690
520,16:45:38.882393,40.565403,40.565403,0.049170,20,1560,17,69.361249,0,0,57.332035,0.148345,57.332035
521,16:45:38.930308,40.606364,40.606364,0.040961,20,1566,17,83.261922,0,0,57.455613,0.123578,57.455613
522,16:45:38.968039,40.651413,40.651413,0.045049,20,1575,17,75.706396,0,0,57.591525,0.135912,57.591525
523,16:45:39.016716,40.696477,40.696477,0.045064,20,1583,17,75.681163,0,0,57.727482,0.135957,57.727482
524,16:45:39.055391,40.733335,40.733335,0.036858,20,1588,17,92.530421,0,0,57.838681,0.111200,57.838681
525,16:45:39.126065,40.786600,40.786600,0.053265,20,1597,17,64.028969,0,0,57.999380,0.160699,57.999380
526,16:45:39.234068,40.905394,40.905394,0.118794,21,1611,17,28.709261,0,0,58.357779,0.358399,58.357779
527,16:45:39.299051,40.979109,40.979109,0.073715,21,1642,16,42.497691,0,0,58.569937,0.212158,58.569937
528,16:45:39.360633,41.015972,41.015972,0.036863,21,1654,16,87.076190,0,0,58.674610,0.104672,58.674610
529,16:45:39.416766,41.082028,41.082028,0.066056,22,1666,16,48.593253,41.998504968,-93.633375378,58.862176,0.187566,58.862176
530,16:45:39.480921,41.143231,41.143231,0.061203,22,1680,16,52.446390,0,0,59.035963,0.173786,59.035963
531,16:45:39.560337,41.238062,41.238062,0.094831,22,1704,16,33.848392,0,0,59.305236,0.269273,59.305236
532,16:45:39.649863,41.294528,41.294528,0.056466,22,1732,16,56.846079,0,0,59.465572,0.160336,59.465572
533,16:45:39.698216,41.376464,41.376464,0.081936,23,1762,16,39.175468,0,0,59.698229,0.232657,59.698229
534,16:45:39.762482,41.430822,41.430822,0.054358,23,1780,16,59.050668,0,0,59.852579,0.154350,59.852579
535,16:45:39.842193,41.516150,41.516150,0.085328,23,1815,16,37.618047,0,0,60.094869,0.242290,60.094869
536,16:45:39.932292,41.597654,41.597654,0.081504,23,1845,16,39.383119,0,0,60.326299,0.231431,60.326299
537,16:45:39.999420,41.671386,41.671386,0.073732,23,1866,16,43.534294,0,0,60.535662,0.209363,60.535662
538,16:45:40.045885,41.724647,41.724647,0.053261,23,1873,16,60.266875,0,0,60.686897,0.151235,60.686897
539,16:45:40.100563,41.777896,41.777896,0.053249,22,1873,16,60.280637,0,0,60.838098,0.151201,60.838098
540,16:45:40.136538,41.814894,41.814894,0.036998,22,1852,16,86.758031,0,0,60.943154,0.105056,60.943154
541,16:45:40.185308,41.872105,41.872105,0.057211,22,1807,18,65.816665,0,0,61.121497,0.178343,61.121497
542,16:45:40.220316,41.897168,41.897168,0.025063,22,1767,18,144.081142,0,0,61.201559,0.080062,61.201559
543,16:45:40.277400,41.966445,41.966445,0.069277,21,1716,18,52.125649,0,0,61.422861,0.221302,61.422861
544,16:45:40.319945,42.003330,42.003330,0.036885,21,1670,18,97.901826,0,0,61.540688,0.117827,61.540688
545,16:45:40.373043,42.048256,42.048256,0.044926,21,1626,18,80.379221,41.998548252,-93.633357562,61.684201,0.143513,61.684201
546,16:45:40.414888,42.101490,42.101490,0.053234,21,1567,18,67.834548,0,0,61.854255,0.170053,61.854255
547,16:45:40.436307,42.121972,42.121972,0.020482,21,1531,18,176.306022,0,0,61.919683,0.065429,61.919683
548,16:45:40.505664,42.179562,42.179562,0.057590,21,1497,18,62.703779,0,0,62.103652,0.183968,62.103652
549,16:45:40.553800,42.224380,42.224380,0.044818,21,1412,18,80.572921,0,0,62.246820,0.143168,62.246820
550,16:45:40.609290,42.294016,42.294016,0.069636,21,1358,18,51.857056,0,0,62.469268,0.222448,62.469268
551,16:45:40.748552,42.363972,42.363972,0.069956,22,1322,18,51.619701,0,0,62.692739,0.223471,62.692739
552,16:45:40.841310,42.527516,42.527516,0.163544,21,1315,18,22.080373,0,0,63.215171,0.522432,63.215171
553,16:45:40.940389,42.588949,42.588949,0.061433,22,1322,18,58.781218,0,0,63.411415,0.196245,63.411415
554,16:45:41.017112,42.695550,42.695550,0.106601,22,1343,18,33.875021,0,0,63.751946,0.340531,63.751946
555,16:45:41.064837,42.740523,42.740523,0.044973,21,1359,18,80.294850,0,0,63.895610,0.143664,63.895610
556,16:45:41.128294,42.789667,42.789667,0.049144,21,1375,18,73.480516,0,0,64.052597,0.156987,64.052597
557,16:45:41.176890,42.842917,42.842917,0.053250,21,1386,20,78.247152,0,0,64.237494,0.184896,64.237494
558,16:45:41.258280,42.937143,42.937143,0.094226,21,1398,20,42.582095,0,0,64.571938,0.334445,64.571938
559,16:45:41.300814,42.982196,42.982196,0.045053,22,1397,20,89.058336,0,0,64.731848,0.159910,64.731848
560,16:45:41.356892,43.031351,43.031351,0.049155,22,1398,20,81.626405,0,0,64.906318,0.174470,64.906318
561,16:45:41.455959,43.084603,43.084603,0.053252,21,1402,20,75.346411,41.998597609,-93.633337243,65.095330,0.189012,65.095330
562,16:45:41.504060,43.183149,43.183149,0.098546,22,1419,20,40.715448,0,0,65.445108,0.349778,65.445108
563,16:45:41.581124,43.260745,43.260745,0.077596,21,1434,20,51.708185,0,0,65.720525,0.275418,65.720525
564,16:45:41.684147,43.367254,43.367254,0.106509,21,1439,20,37.671434,0,0,66.098566,0.378041,66.098566
565,16:45:41.780589,43.445075,43.445075,0.077821,21,1442,20,51.558639,0,0,66.374783,0.276217,66.374783
566,16:45:41.882826,43.510752,43.510752,0.065677,21,1432,20,61.092165,0,0,66.607896,0.233113,66.607896
567,16:45:41.928326,43.600977,43.600977,0.090225,22,1416,20,44.470452,0,0,66.928139,0.320243,66.928139
568,16:45:42.032649,43.683565,43.683565,0.082588,22,1412,20,48.582697,0,0,67.221275,0.293136,67.221275
569,16:45:42.063055,43.748197,43.748197,0.064632,22,1422,20,62.079692,0,0,67.450679,0.229404,67.450679
570,16:45:42.189383,43.826031,43.826031,0.077834,22,1434,20,51.550111,0,0,67.726941,0.276262,67.726941
571,16:45:42.345405,44.010366,44.010366,0.184335,21,1447,20,21.766598,0,0,68.381217,0.654275,68.381217
572,16:45:42.417713,44.096628,44.096628,0.086262,21,1430,20,46.513485,41.998652663,-93.633317057,68.687394,0.306177,68.687394
573,16:45:42.493199,44.171066,44.171066,0.074438,21,1422,20,53.901778,0,0,68.951603,0.264209,68.951603
574,16:45:42.545812,44.227458,44.227458,0.056392,21,1421,22,81.002712,0,0,69.167424,0.215821,69.167424
575,16:45:42.623474,44.305299,44.305299,0.077841,22,1427,22,56.699911,0,0,69.471340,0.303916,69.471340
576,16:45:42.672753,44.350594,44.350594,0.045295,22,1436,22,97.440782,0,0,69.648187,0.176846,69.648187
577,16:45:42.745912,44.395405,44.395405,0.044811,22,1448,22,98.493210,0,0,69.823143,0.174957,69.823143
578,16:45:42.815050,44.493720,44.493720,0.098315,22,1469,22,44.892236,0,0,70.206996,0.383853,70.206996
579,16:45:42.925727,44.579741,44.579741,0.086021,22,1491,22,51.308204,0,0,70.542850,0.335853,70.542850
580,16:45:43.035111,44.698534,44.698534,0.118793,22,1519,24,41.830203,0,0,71.039654,0.496804,71.039654
581,16:45:43.099384,44.785188,44.785188,0.086654,22,1534,24,55.563710,0,0,71.408736,0.369082,71.408736
582,16:45:43.203496,44.874673,44.874673,0.089485,21,1538,24,53.805873,0,0,71.789875,0.381140,71.789875
583,16:45:43.268373,44.944563,44.944563,0.069890,20,1525,24,68.891305,0,0,72.087555,0.297680,72.087555
584,16:45:43.468993,45.128983,45.128983,0.184420,20,1488,24,26.107862,41.998712474,-93.633298019,72.873048,0.785493,72.873048
585,16:45:43.513447,45.195109,45.195109,0.066126,20,1456,24,72.812877,0,0,73.154695,0.281647,73.154695
586,16:45:43.781879,45.362134,45.362134,0.167025,19,1442,24,28.826896,41.9987125,-93.633298,73.866098,0.711403,73.866098
587,16:45:43.919937,45.591527,45.591527,0.229393,19,1421,24,20.989371,0,0,74.843143,0.977044,74.843143
588,16:45:43.960981,45.640706,45.640706,0.049179,19,1417,26,109.200308,0,0,75.066270,0.223127,75.066270
589,16:45:44.057275,45.707566,45.707566,0.066860,19,1419,26,78.014545,0,0,75.374775,0.308505,75.374775
590,16:45:44.197419,45.771894,45.771894,0.064328,19,1422,26,81.085266,0,0,75.671597,0.296822,75.671597
591,16:45:44.303637,45.951993,45.951993,0.180099,19,1418,26,28.962121,0,0,76.502609,0.831012,76.502609
592,16:45:44.402411,46.070790,46.070790,0.118797,19,1408,26,43.907225,41.998775932,-93.633280596,77.050762,0.548153,77.050762
593,16:45:44.512043,46.177295,46.177295,0.106505,19,1405,25,46.366607,0,0,77.527405,0.476642,77.527405
594,16:45:44.587380,46.255371,46.255371,0.078076,19,1406,25,64.237719,0,0,77.873807,0.346403,77.873807
595,16:45:44.800092,46.443562,46.443562,0.188191,19,1404,25,26.650763,0,0,78.708759,0.834952,78.708759
596,16:45:44.904156,46.578724,46.578724,0.135162,19,1409,25,37.106855,0,0,79.308436,0.599677,79.308436
597,16:45:44.992296,46.640209,46.640209,0.061485,19,1411,25,81.571568,0,0,79.581228,0.272792,79.581228
598,16:45:45.043422,46.722346,46.722346,0.082137,19,1412,25,61.061708,0,0,79.945648,0.364420,79.945648
599,16:45:45.253420,46.885949,46.885949,0.163603,19,1416,25,30.656145,0,0,80.671510,0.725861,80.671510
600,16:45:45.316912,47.000646,47.000646,0.114697,19,1412,25,43.727674,0,0,81.180389,0.508879,81.180389
601,16:45:45.378052,47.045707,47.045707,0.045061,19,1413,25,111.302894,41.998840794,-93.633265185,81.380313,0.199924,81.380313
602,16:45:45.460841,47.139942,47.139942,0.094235,19,1410,27,59.118067,0,0,81.824584,0.444271,81.824584
603,16:45:45.551632,47.213642,47.213642,0.073700,19,1412,27,73.496204,0,0,82.177730,0.353146,82.177730
604,16:45:45.627632,47.291479,47.291479,0.077837,19,1410,27,69.589878,0,0,82.550699,0.372969,82.550699
605,16:45:45.716526,47.389792,47.389792,0.098313,19,1412,27,55.096086,0,0,83.021782,0.471084,83.021782
606,16:45:45.810776,47.479903,47.479903,0.090111,19,1410,27,60.111037,0,0,83.453564,0.431782,83.453564
607,16:45:45.910696,47.574119,47.574119,0.094216,19,1405,26,54.543634,0,0,83.891931,0.438367,83.891931
608,16:45:45.968023,47.644007,47.644007,0.069888,19,1403,26,74.634538,0,0,84.214407,0.322476,84.214407
609,16:45:46.032151,47.713393,47.713393,0.069386,19,1402,26,75.174372,0,0,84.534568,0.320161,84.534568
610,16:45:46.084287,47.758453,47.758453,0.045060,19,1404,26,115.758072,0,0,84.742483,0.207915,84.742483
611,16:45:46.127461,47.811704,47.811704,0.053251,19,1412,26,97.952088,0,0,84.988194,0.245711,84.988194
612,16:45:46.207707,47.889548,47.889548,0.077844,19,1414,26,67.006318,0,0,85.347382,0.359188,85.347382
613,16:45:46.280288,47.955077,47.955077,0.065529,19,1418,26,79.599258,0,0,85.649746,0.302363,85.649746
614,16:45:46.347303,48.028808,48.028808,0.073731,19,1417,26,70.744371,0,0,85.989955,0.340209,85.989955
615,16:45:46.401497,48.069967,48.069967,0.041159,19,1419,26,126.728783,41.998906059,-93.633253523,86.179871,0.189916,86.179871
616,16:45:46.498147,48.119179,48.119179,0.049212,19,1416,26,105.991458,0,0,86.406945,0.227074,86.406945
617,16:45:46.579746,48.262300,48.262300,0.143121,19,1405,26,36.445031,0,0,87.067334,0.660389,87.067334
618,16:45:46.673299,48.344401,48.344401,0.082101,19,1401,26,63.532207,0,0,87.446163,0.378830,87.446163
619,16:45:46.867397,48.438434,48.438434,0.094033,19,1398,26,55.470412,0,0,87.880050,0.433887,87.880050
620,16:45:46.960776,48.630963,48.630963,0.192529,19,1393,25,25.649468,0,0,88.741678,0.861628,88.741678
621,16:45:47.064952,48.708790,48.708790,0.077827,19,1391,25,64.443363,0,0,89.086975,0.345297,89.086975
622,16:45:47.122980,48.807959,48.807959,0.099169,19,1384,25,50.574588,0,0,89.526961,0.439986,89.526961
623,16:45:47.180335,48.848065,48.848065,0.040106,19,1382,25,125.054970,0,0,89.704899,0.177939,89.704899
624,16:45:47.222645,48.905415,48.905415,0.057350,19,1376,25,87.452802,0,0,89.959347,0.254447,89.959347
625,16:45:47.286091,48.966854,48.966854,0.061439,19,1375,25,81.632661,0,0,90.231935,0.272588,90.231935
626,16:45:47.333339,49.011913,49.011913,0.045059,19,1375,25,111.308194,0,0,90.431849,0.199914,90.431849
627,16:45:47.431207,49.093837,49.093837,0.081924,19,1374,25,61.220576,41.998970777,-93.633246594,90.795324,0.363474,90.795324
628,16:45:47.557329,49.233131,49.233131,0.139294,19,1370,25,36.006112,0,0,91.413333,0.618009,91.413333
629,16:45:47.607269,49.294570,49.294570,0.061439,19,1368,25,81.632661,0,0,91.685921,0.272588,91.685921
630,16:45:47.689679,49.356222,49.356222,0.061652,19,1362,25,81.350752,0,0,91.959454,0.273533,91.959454
631,16:45:47.798437,49.478895,49.478895,0.122673,19,1353,25,40.884552,0,0,92.503721,0.544267,92.503721
632,16:45:47.907314,49.516253,49.516253,0.037358,19,1348,25,134.253064,0,0,92.669469,0.165748,92.669469
633,16:45:47.972695,49.630451,49.630451,0.114198,19,1348,25,43.918750,0,0,93.176134,0.506665,93.176134
634,16:45:48.015649,49.687808,49.687808,0.057357,19,1353,25,87.442260,0,0,93.430612,0.254478,93.430612
635,16:45:48.081289,49.749241,49.749241,0.061433,19,1356,25,81.640898,0,0,93.703172,0.272561,93.703172
636,16:45:48.141217,49.818882,49.818882,0.069641,19,1362,25,72.018264,0,0,94.012151,0.308979,94.012151
637,16:45:48.193025,49.876228,49.876228,0.057346,19,1368,25,87.458983,0,0,94.266580,0.254429,94.266580
638,16:45:48.309949,49.946670,49.946670,0.070442,19,1369,24,67.256139,0,0,94.569329,0.302748,94.569329
639,16:45:48.378481,50.048666,50.048666,0.101996,19,1372,24,47.205943,41.999034605,-93.633242436,95.003756,0.434427,95.003756
640,16:45:48.427828,50.105758,50.105758,0.057092,19,1370,24,84.334389,0,0,95.246925,0.243169,95.246925
641,16:45:48.483866,50.167063,50.167063,0.061305,19,1373,24,78.538638,0,0,95.508039,0.261114,95.508039
642,16:45:48.562881,50.240797,50.240797,0.073734,19,1372,24,65.299751,0,0,95.822092,0.314052,95.822092
643,16:45:48.615756,50.294181,50.294181,0.053384,19,1372,24,90.192387,0,0,96.049467,0.227376,96.049467
644,16:45:48.762308,50.421036,50.421036,0.126855,19,1372,26,42.334671,0,0,96.625014,0.575546,96.625014
645,16:45:48.844752,50.515247,50.515247,0.094211,19,1382,26,55.365689,0,0,97.059721,0.434708,97.059721
646,16:45:48.959608,50.605372,50.605372,0.090125,19,1384,26,57.875667,0,0,97.475576,0.415855,97.475576
647,16:45:49.028093,50.703676,50.703676,0.098304,19,1385,26,53.060380,0,0,97.929170,0.453594,97.929170
648,16:45:49.107038,50.785851,50.785851,0.082175,19,1388,26,63.474881,0,0,98.308342,0.379172,98.308342
649,16:45:49.165558,50.839104,50.839104,0.053253,19,1390,25,92.732383,0,0,98.546665,0.238323,98.546665
650,16:45:49.224146,50.900303,50.900303,0.061199,19,1391,25,81.952911,0,0,98.818189,0.271523,98.818189
651,16:45:49.260493,50.949454,50.949454,0.049151,19,1396,25,102.040925,0,0,99.036259,0.218070,99.036259
652,16:45:49.327623,51.006806,51.006806,0.057352,19,1399,25,87.450258,0,0,99.290713,0.254454,99.290713
653,16:45:49.408361,51.068246,51.068246,0.061440,19,1404,25,81.631394,41.999099218,-93.633240848,99.563306,0.272593,99.563306
654,16:45:49.481807,51.138022,51.138022,0.069776,20,1408,25,71.878983,0,0,99.872883,0.309577,99.872883
655,16:45:49.549737,51.203421,51.203421,0.065399,19,1412,25,76.689817,41.999099167,-93.633240833,100.163041,0.290157,100.163041
656,16:45:49.599284,51.277397,51.277397,0.073976,19,1412,25,67.798061,0,0,100.491252,0.328212,100.491252
657,16:45:49.654276,51.318358,51.318358,0.040961,19,1406,25,122.444002,0,0,100.672985,0.181733,100.672985
658,16:45:49.700626,51.368168,51.368168,0.049810,19,1404,25,100.691405,0,0,100.893978,0.220993,100.893978
659,16:45:49.770427,51.441013,51.441013,0.072845,19,1393,25,68.850531,0,0,101.217173,0.323194,101.217173
660,16:45:49.834417,51.514739,51.514739,0.073726,19,1390,25,68.028053,0,0,101.544275,0.327102,101.544275
661,16:45:49.930806,51.572748,51.572748,0.058009,19,1385,25,86.459686,0,0,101.801645,0.257370,101.801645
662,16:45:50.003316,51.666303,51.666303,0.093555,19,1386,25,53.609465,0,0,102.216723,0.415078,102.216723
663,16:45:50.029430,51.715697,51.715697,0.049394,20,1392,25,101.539030,0,0,102.435871,0.219148,102.435871
664,16:45:50.135050,51.777663,51.777663,0.061966,20,1392,25,80.938527,0,0,102.710797,0.274926,102.710797
665,16:45:50.200629,51.879622,51.879622,0.101959,19,1399,25,49.190680,0,0,103.163161,0.452364,103.163161
666,16:45:50.270402,51.948948,51.948948,0.069326,20,1398,25,72.345694,0,0,103.470742,0.307580,103.470742
667,16:45:50.381167,52.059547,52.059547,0.110599,20,1396,25,45.347881,41.999163523,-93.6332419,103.961440,0.490698,103.961440
668,16:45:50.461334,52.137376,52.137376,0.077829,20,1399,25,64.441586,0,0,104.306746,0.345307,104.306746
669,16:45:50.513749,52.190622,52.190622,0.053246,20,1405,25,94.193556,0,0,104.542984,0.236238,104.542984
670,16:45:50.603791,52.272679,52.272679,0.082057,20,1411,24,57.736139,0,0,104.895652,0.352668,104.895652
671,16:45:50.652824,52.329900,52.329900,0.057221,20,1417,24,84.144286,0,0,105.139371,0.243719,105.139371
672,16:45:50.700334,52.383144,52.383144,0.053244,20,1416,24,90.429458,0,0,105.366150,0.226779,105.366150
673,16:45:50.733889,52.415917,52.415917,0.032773,20,1416,24,146.913990,0,0,105.505739,0.139589,105.505739
674,16:45:50.777386,52.452790,52.452790,0.036873,20,1416,24,130.577970,0,0,105.662791,0.157052,105.662791
675,16:45:50.819169,52.501936,52.501936,0.049146,20,1419,24,97.969743,0,0,105.872117,0.209325,105.872117
676,16:45:50.886716,52.563632,52.563632,0.061696,20,1418,24,78.040889,0,0,106.134896,0.262779,106.134896
677,16:45:50.940265,52.624832,52.624832,0.061200,20,1420,24,78.673569,0,0,106.395562,0.260666,106.395562
678,16:45:50.983381,52.661689,52.661689,0.036857,20,1426,24,130.634563,0,0,106.552546,0.156984,106.552546
679,16:45:51.088941,52.772297,52.772297,0.110608,20,1430,26,48.553243,0,0,107.054378,0.501832,107.054378
680,16:45:51.131860,52.805070,52.805070,0.032773,20,1434,26,159.156822,0,0,107.205600,0.151221,107.205600
681,16:45:51.195213,52.862418,52.862418,0.057348,20,1427,26,90.954318,0,0,107.470215,0.264615,107.470215
682,16:45:51.373469,53.038551,53.038551,0.176133,20,1412,26,29.614239,41.999227804,-93.633245842,108.282928,0.812713,108.282928
683,16:45:51.429386,53.099993,53.099993,0.061442,20,1402,26,84.894014,0,0,108.566433,0.283505,108.566433
684,16:45:51.467267,53.149155,53.149155,0.049162,20,1405,26,106.099402,0,0,108.793276,0.226843,108.793276
685,16:45:51.504872,53.190114,53.190114,0.040959,20,1404,25,120.565862,0,0,108.976580,0.183305,108.976580
686,16:45:51.637169,53.267939,53.267939,0.077825,20,1413,25,64.444942,0,0,109.321869,0.345289,109.321869
687,16:45:51.674228,53.358061,53.358061,0.090122,20,1422,25,55.651594,0,0,109.721716,0.399847,109.721716
688,16:45:51.728364,53.403768,53.403768,0.045707,20,1430,25,109.730096,0,0,109.924505,0.202789,109.924505
689,16:45:51.800730,53.468669,53.468669,0.064901,19,1435,25,77.278343,0,0,110.212453,0.287948,110.212453
690,16:45:51.860947,53.542408,53.542408,0.073739,20,1427,25,68.015956,0,0,110.539613,0.327160,110.539613
691,16:45:51.906536,53.591682,53.591682,0.049274,20,1416,25,101.786650,0,0,110.758228,0.218615,110.758228
692,16:45:51.952185,53.624317,53.624317,0.032635,20,1414,25,153.682738,0,0,110.903021,0.144793,110.903021
693,16:45:52.017273,53.689861,53.689861,0.065544,20,1408,25,76.519930,0,0,111.193822,0.290801,111.193822
694,16:45:52.092574,53.759743,53.759743,0.069882,20,1410,25,71.770100,0,0,111.503869,0.310047,111.503869
695,16:45:52.130334,53.813000,53.813000,0.053257,20,1410,25,94.174159,0,0,111.740156,0.236287,111.740156
696,16:45:52.185292,53.862221,53.862221,0.049221,20,1410,25,101.896104,0,0,111.958536,0.218380,111.958536
697,16:45:52.247219,53.919251,53.919251,0.057030,20,1412,25,87.943808,0,0,112.211563,0.253026,112.211563
698,16:45:52.324164,53.984791,53.984791,0.065540,20,1411,25,76.524662,0,0,112.502346,0.290784,112.502346
699,16:45:52.433831,54.083115,54.083115,0.098324,20,1416,25,51.009204,41.999291711,-93.633252268,112.938584,0.436237,112.938584
700,16:45:52.500145,54.185546,54.185546,0.102431,20,1417,25,48.964092,41.999291667,-93.633252333,113.393041,0.454458,113.393041
701,16:45:52.565384,54.222525,54.222525,0.036979,20,1413,25,135.629344,0,0,113.557107,0.164066,113.557107
702,16:45:52.625827,54.304313,54.304313,0.081788,19,1405,25,61.322300,0,0,113.919978,0.362871,113.919978
703,16:45:52.732389,54.402626,54.402626,0.098313,19,1394,25,51.014895,0,0,114.356167,0.436188,114.356167
704,16:45:52.869669,54.541942,54.541942,0.139316,20,1382,25,36.000443,0,0,114.974273,0.618107,114.974273
705,16:45:53.104630,54.726217,54.726217,0.184275,19,1385,24,25.709676,0,0,115.766258,0.791985,115.766258
706,16:45:53.181948,54.861593,54.861593,0.135376,20,1393,24,35.566243,0,0,116.342860,0.576601,116.342860
707,16:45:53.250139,54.914640,54.914640,0.053047,19,1399,24,90.765172,0,0,116.568800,0.225941,116.568800
708,16:45:53.287542,54.963812,54.963812,0.049172,19,1401,24,97.917965,0,0,116.778236,0.209436,116.778236
709,16:45:53.413291,55.074401,55.074401,0.110589,19,1393,24,43.537907,41.999354814,-93.633261675,117.249264,0.471027,117.249264
710,16:45:53.444355,55.132173,55.132173,0.057772,19,1383,24,83.341437,0,0,117.495330,0.246067,117.495330
711,16:45:53.485404,55.164516,55.164516,0.032343,19,1379,24,148.867702,0,0,117.633087,0.137757,117.633087
712,16:45:53.527704,55.213669,55.213669,0.049153,19,1374,24,97.955487,0,0,117.842443,0.209356,117.842443
713,16:45:53.571070,55.250543,55.250543,0.036874,19,1371,24,130.575437,0,0,117.999498,0.157055,117.999498
714,16:45:53.654677,55.328379,55.328379,0.077836,19,1371,24,61.858427,0,0,118.331022,0.331524,118.331022
715,16:45:53.759795,55.385724,55.385724,0.057345,19,1368,24,83.962020,0,0,118.575270,0.244248,118.575270
716,16:45:53.803300,55.484493,55.484493,0.098769,19,1370,24,48.748264,0,0,118.995952,0.420683,118.995952
717,16:45:53.926277,55.615111,55.615111,0.130618,19,1368,26,41.115132,0,0,119.588570,0.592618,119.588570
718,16:45:54.001939,55.676556,55.676556,0.061445,20,1368,26,84.889732,0,0,119.872090,0.283519,119.872090
719,16:45:54.089072,55.771046,55.771046,0.094490,19,1370,26,55.202101,0,0,120.308086,0.435996,120.308086
720,16:45:54.194485,55.873479,55.873479,0.102433,19,1364,26,50.921589,0,0,120.780732,0.472646,120.780732
721,16:45:54.227377,55.910050,55.910050,0.036571,19,1358,26,142.627921,0,0,120.949477,0.168746,120.949477
722,16:45:54.337384,55.979684,55.979684,0.069634,19,1352,26,74.906688,0,0,121.270782,0.321305,121.270782
723,16:45:54.418160,56.086190,56.086190,0.106506,19,1346,25,46.366088,41.999417061,-93.633274394,121.747430,0.476648,121.747430
724,16:45:54.562849,56.241837,56.241837,0.155647,19,1348,25,32.223113,0,0,122.437994,0.690564,122.437994
725,16:45:54.616226,56.295090,56.295090,0.053253,19,1346,25,94.181327,0,0,122.674262,0.236269,122.674262
726,16:45:54.684441,56.364702,56.364702,0.069612,19,1347,25,72.048357,0,0,122.983112,0.308850,122.983112
727,16:45:54.742806,56.422084,56.422084,0.057382,19,1345,25,87.404112,0,0,123.237701,0.254589,123.237701
728,16:45:54.815635,56.479423,56.479423,0.057339,19,1340,24,82.625407,0,0,123.484135,0.246434,123.484135
729,16:45:54.894533,56.573637,56.573637,0.094214,19,1341,24,51.105109,0,0,123.885416,0.401282,123.885416
730,16:45:54.955599,56.635083,56.635083,0.061446,19,1343,24,78.358536,0,0,124.147131,0.261714,124.147131
731,16:45:55.008305,56.680482,56.680482,0.045399,19,1344,24,106.055641,0,0,124.340496,0.193366,124.340496
732,16:45:55.152189,56.798930,56.798930,0.118448,19,1348,24,40.649180,0,0,124.844997,0.504501,124.844997
733,16:45:55.254472,56.917727,56.917727,0.118797,19,1354,24,40.529746,0,0,125.350985,0.505987,125.350985
734,16:45:55.351357,56.999655,56.999655,0.081928,19,1357,24,58.768845,0,0,125.699937,0.348953,125.699937
735,16:45:55.445944,57.118438,57.118438,0.118783,19,1356,24,40.534546,41.999478713,-93.633289462,126.205865,0.505928,126.205865
736,16:45:55.534769,57.220854,57.220854,0.102416,19,1353,24,47.012313,0,0,126.642081,0.436216,126.642081
737,16:45:55.603590,57.253860,57.253860,0.033006,19,1354,24,145.877165,0,0,126.782662,0.140581,126.782662
738,16:45:55.670342,57.339647,57.339647,0.085787,19,1354,24,56.125189,0,0,127.148052,0.365389,127.148052
739,16:45:55.711927,57.392891,57.392891,0.053244,19,1354,24,90.429458,0,0,127.374831,0.226779,127.374831
740,16:45:55.811842,57.458430,57.458430,0.065539,19,1354,24,73.464744,0,0,127.653979,0.279148,127.653979
741,16:45:55.891532,57.540359,57.540359,0.081929,19,1352,24,58.768161,0,0,128.002936,0.348957,128.002936
742,16:45:56.005019,57.626387,57.626387,0.086028,19,1353,24,55.968087,0,0,128.369351,0.366415,128.369351
743,16:45:56.073859,57.749265,57.749265,0.122878,19,1356,24,39.183677,0,0,128.892720,0.523370,128.892720
744,16:45:56.138208,57.823246,57.823246,0.073981,19,1358,24,65.081734,0,0,129.207825,0.315104,129.207825
745,16:45:56.387979,58.052430,58.052430,0.229184,19,1361,26,23.432580,41.999540104,-93.633307036,130.247641,1.039816,130.247641
746,16:45:56.455702,58.126232,58.126232,0.073802,19,1361,26,70.676266,0,0,130.588178,0.340537,130.588178
747,16:45:56.512294,58.183481,58.183481,0.057249,19,1361,26,91.111514,0,0,130.852336,0.264159,130.852336
748,16:45:56.743314,58.417130,58.417130,0.233649,19,1354,25,21.135427,0,0,131.897988,1.045651,131.897988
749,16:45:56.783913,58.470244,58.470244,0.053114,19,1358,25,94.427797,0,0,132.133640,0.235652,132.133640
750,16:45:56.891553,58.535917,58.535917,0.065673,19,1362,25,76.369642,0,0,132.425014,0.291374,132.425014
751,16:45:57.050688,58.679900,58.679900,0.143983,19,1362,25,34.833529,0,0,133.063827,0.638813,133.063827
752,16:45:57.143204,58.814297,58.814297,0.134397,19,1357,25,37.318028,0,0,133.660110,0.596283,133.660110
753,16:45:57.227911,58.883935,58.883935,0.069638,19,1358,24,68.032588,0,0,133.959403,0.299293,133.959403
754,16:45:57.377938,59.039845,59.039845,0.155910,19,1357,24,30.882011,0,0,134.623464,0.664061,134.623464
755,16:45:57.429472,59.101836,59.101836,0.061991,19,1355,24,77.669608,41.999601181,-93.633326523,134.887500,0.264036,134.887500
756,16:45:57.577825,59.240331,59.240331,0.138495,19,1347,24,34.765269,0,0,135.477386,0.589886,135.477386
757,16:45:57.627266,59.294877,59.294877,0.054546,19,1348,24,88.270532,0,0,135.709712,0.232326,135.709712
758,16:45:57.663897,59.347057,59.347057,0.052180,19,1344,24,92.273515,0,0,135.931959,0.222247,135.931959
759,16:45:57.853931,59.502486,59.502486,0.155429,19,1344,24,30.977559,0,0,136.593972,0.662013,136.593972
760,16:45:57.910567,59.584410,59.584410,0.081924,19,1320,24,58.771753,0,0,136.942907,0.348935,136.942907
761,16:45:58.088667,59.748247,59.748247,0.163837,19,1296,24,29.387843,0,0,137.640731,0.697824,137.640731
762,16:45:58.148897,59.830690,59.830690,0.082443,19,1282,24,58.401743,0,0,137.991877,0.351146,137.991877
763,16:45:58.322924,59.961257,59.961257,0.130567,19,1272,24,36.876179,0,0,138.547996,0.556119,138.547996
764,16:45:58.395770,60.075964,60.075964,0.114707,19,1248,24,41.974902,41.999659165,-93.633345759,139.036563,0.488567,139.036563
765,16:45:58.435355,60.116912,60.116912,0.040948,19,1240,24,117.583885,0,0,139.210971,0.174408,139.210971
766,16:45:58.535824,60.190647,60.190647,0.073735,19,1234,24,65.298907,0,0,139.525028,0.314056,139.525028
767,16:45:58.623818,60.297148,60.297148,0.106501,19,1203,24,45.209061,0,0,139.978643,0.453616,139.978643
768,16:45:58.712419,60.338111,60.338111,0.040963,19,1186,24,117.540769,0,0,140.153115,0.174472,140.153115
769,16:45:58.813938,60.445002,60.445002,0.106891,19,1165,24,45.044090,0,0,140.608392,0.455277,140.608392
770,16:45:58.878529,60.538833,60.538833,0.093831,19,1150,24,51.313786,0,0,141.008042,0.399650,141.008042
771,16:45:58.950094,60.633042,60.633042,0.094209,19,1139,24,51.107696,0,0,141.409303,0.401261,141.409303
772,16:45:59.095400,60.752387,60.752387,0.119345,19,1127,22,35.688643,0,0,141.884473,0.475170,141.884473
773,16:45:59.178659,60.829672,60.829672,0.077285,19,1108,22,57.107813,0,0,142.186219,0.301746,142.186219
774,16:45:59.253410,60.915683,60.915683,0.086011,19,1093,22,51.314177,0,0,142.522033,0.335814,142.522033
775,16:45:59.285208,60.968936,60.968936,0.053253,19,1080,22,82.879567,0,0,142.729950,0.207917,142.729950
776,16:45:59.351167,61.013992,61.013992,0.045056,19,1075,22,97.957431,0,0,142.905863,0.175913,142.905863
777,16:45:59.401806,61.075449,61.075449,0.061457,19,1066,22,71.815840,41.999708772,-93.633359611,143.145811,0.239948,143.145811
778,16:45:59.464422,61.149798,61.149798,0.074349,19,1058,22,59.363066,0,0,143.436093,0.290282,143.436093
779,16:45:59.535384,61.198578,61.198578,0.048780,19,1057,21,84.784860,0,0,143.619770,0.183678,143.619770
780,16:45:59.606802,61.252082,61.252082,0.053504,19,1052,21,78.741099,0,0,143.819172,0.199401,143.819172
781,16:45:59.638094,61.321280,61.321280,0.069198,19,1045,21,60.882612,0,0,144.077063,0.257891,144.077063
782,16:45:59.674659,61.362202,61.362202,0.040922,19,1046,21,102.951237,0,0,144.229573,0.152510,144.229573
783,16:45:59.734843,61.415439,61.415439,0.053237,19,1042,21,79.136052,0,0,144.427979,0.198406,144.427979
784,16:45:59.788540,61.476874,61.476874,0.061435,19,1033,21,68.575959,0,0,144.656938,0.228959,144.656938
785,16:45:59.872036,61.547234,61.547234,0.070360,19,1032,21,59.877089,0,0,144.919160,0.262222,144.919160
786,16:45:59.919115,61.599892,61.599892,0.052658,19,1019,21,80.006372,0,0,145.115408,0.196248,145.115408
787,16:46:00.023545,61.710482,61.710482,0.110590,19,1007,19,33.071779,0,0,145.496841,0.381433,145.496841
788,16:46:00.093949,61.771805,61.771805,0.061323,19,998,19,62.158050,0,0,145.703618,0.206776,145.703618
789,16:46:00.128920,61.808671,61.808671,0.036866,19,1002,19,103.394282,0,0,145.827927,0.124309,145.827927
790,16:46:00.208673,61.894696,61.894696,0.086025,19,1020,19,44.309543,0,0,146.117995,0.290069,146.117995
791,16:46:00.280296,61.943852,61.943852,0.049156,19,1054,19,77.543580,0,0,146.283745,0.165750,146.283745
792,16:46:00.365049,62.050384,62.050384,0.106532,19,1081,19,35.780094,0,0,146.642962,0.359217,146.642962
793,16:46:00.402147,62.079026,62.079026,0.028642,19,1122,19,133.082064,41.999750897,-93.633360583,146.739540,0.096578,146.739540
794,16:46:00.438691,62.120000,62.120000,0.040974,19,1135,19,93.028202,41.999750833,-93.6333605,146.877701,0.138160,146.877701
795,16:46:00.498307,62.186225,62.186225,0.066225,19,1162,18,53.362746,0,0,147.091808,0.214107,147.091808
796,16:46:00.573398,62.218307,62.218307,0.032082,19,1176,18,112.558507,0,0,147.194292,0.102484,147.194292
797,16:46:00.734509,62.390345,62.390345,0.172038,19,1212,18,20.990185,0,0,147.743858,0.549566,147.743858
798,16:46:00.802059,62.472269,62.472269,0.081924,19,1267,18,44.078815,0,0,148.005560,0.261702,148.005560
799,16:46:00.842385,62.529861,62.529861,0.057592,19,1289,18,62.701702,0,0,148.189534,0.183974,148.189534
800,16:46:00.964479,62.649298,62.649298,0.119437,19,1303,17,27.908721,0,0,148.554480,0.364946,148.554480
801,16:46:01.008204,62.689373,62.689373,0.040075,19,1343,17,85.102643,0,0,148.675386,0.120905,148.675386
802,16:46:01.072271,62.730465,62.730465,0.041092,19,1357,17,82.996704,0,0,148.799359,0.123973,148.799359
803,16:46:01.128899,62.808170,62.808170,0.077705,19,1382,17,43.890193,0,0,149.033794,0.234435,149.033794
804,16:46:01.189544,62.861443,62.861443,0.053273,19,1394,17,64.019226,0,0,149.194517,0.160723,149.194517
805,16:46:01.264553,62.935154,62.935154,0.073711,19,1413,17,46.268503,0,0,149.416901,0.222384,149.416901
806,16:46:01.316910,62.992511,62.992511,0.057357,19,1426,17,59.460737,0,0,149.589946,0.173045,149.589946
807,16:46:01.463080,63.095153,63.095153,0.102642,19,1433,16,30.520783,41.999786866,-93.633344663,149.885359,0.295413,149.885359
808,16:46:01.529781,63.209605,63.209605,0.114452,19,1456,16,28.045642,0,0,150.210345,0.324987,150.210345
809,16:46:01.598596,63.262868,63.262868,0.053263,19,1462,16,60.264717,0,0,150.361586,0.151240,150.361586
810,16:46:01.654182,63.312020,63.312020,0.049152,19,1471,16,65.304925,0,0,150.501154,0.139568,150.501154
811,16:46:01.754042,63.430804,63.430804,0.118784,19,1483,16,27.022813,0,0,150.838441,0.337288,150.838441
812,16:46:01.810212,63.480222,63.480222,0.049418,19,1484,16,64.953627,0,0,150.978764,0.140323,150.978764
813,16:46:01.848682,63.537552,63.537552,0.057330,19,1488,16,55.989578,0,0,151.141553,0.162789,151.141553
814,16:46:01.912762,63.590554,63.590554,0.053002,19,1493,16,60.561287,0,0,151.292052,0.150500,151.292052
815,16:46:01.972690,63.656103,63.656103,0.065549,19,1490,16,48.969192,0,0,151.478179,0.186126,151.478179
816,16:46:02.018490,63.705252,63.705252,0.049149,19,1493,16,65.309043,0,0,151.617738,0.139559,151.617738
817,16:46:02.102916,63.758505,63.758505,0.053253,19,1496,16,60.276049,0,0,151.768950,0.151212,151.768950
818,16:46:02.233422,63.906216,63.906216,0.147711,19,1496,16,21.730783,0,0,152.188376,0.419426,152.188376
819,16:46:02.269770,63.951036,63.951036,0.044820,19,1497,16,71.616946,0,0,152.315643,0.127267,152.315643
820,16:46:02.319157,63.987897,63.987897,0.036861,19,1500,16,87.080696,0,0,152.420310,0.104667,152.420310
821,16:46:02.389502,64.069830,64.069830,0.081933,19,1502,16,39.176836,41.999815384,-93.633311338,152.652959,0.232649,152.652959
822,16:46:02.430855,64.102592,64.102592,0.032762,19,1502,16,97.975447,0,0,152.745988,0.093028,152.745988
823,16:46:02.569895,64.184996,64.184996,0.082404,19,1502,16,38.952970,0,0,152.979974,0.233986,152.979974
824,16:46:02.619158,64.307381,64.307381,0.122385,19,1502,16,26.227690,0,0,153.327487,0.347513,153.327487
825,16:46:02.646422,64.327865,64.327865,0.020484,19,1501,16,156.701872,0,0,153.385651,0.058164,153.385651
826,16:46:02.688897,64.368832,64.368832,0.040967,19,1500,16,78.352760,0,0,153.501977,0.116326,153.501977
827,16:46:02.737668,64.409813,64.409813,0.040981,19,1500,16,78.325865,0,0,153.618343,0.116366,153.618343
828,16:46:02.819648,64.487642,64.487642,0.077829,19,1502,16,41.242615,0,0,153.839340,0.220996,153.839340
829,16:46:02.882426,64.553427,64.553427,0.065785,19,1501,16,48.793492,0,0,154.026136,0.186797,154.026136
830,16:46:02.949271,64.627178,64.627178,0.073751,19,1500,16,43.523176,0,0,154.235553,0.209416,154.235553
831,16:46:03.017638,64.676080,64.676080,0.048902,19,1501,16,65.638916,0,0,154.374410,0.138858,154.374410
832,16:46:03.056782,64.741613,64.741613,0.065533,19,1501,16,48.981129,0,0,154.560491,0.186081,154.560491
833,16:46:03.095510,64.774870,64.774870,0.033257,19,1502,16,96.517299,0,0,154.654925,0.094433,154.654925
834,16:46:03.183338,64.827634,64.827634,0.052764,19,1503,16,60.834390,0,0,154.804749,0.149824,154.804749
835,16:46:03.234902,64.922096,64.922096,0.094462,19,1501,16,33.980641,0,0,155.072974,0.268225,155.072974
836,16:46:03.301282,64.980622,64.980622,0.058526,19,1501,16,54.845272,0,0,155.239159,0.166185,155.239159
837,16:46:03.326273,65.011981,65.011981,0.031359,19,1500,16,102.359161,0,0,155.328203,0.089044,155.328203
838,16:46:03.359917,65.044739,65.044739,0.032758,19,1498,16,97.987569,0,0,155.421220,0.093017,155.421220
839,16:46:03.425583,65.094293,65.094293,0.049554,19,1497,16,64.775495,41.999834765,-93.633264031,155.561928,0.140709,155.561928
840,16:46:03.474238,65.159433,65.159433,0.065140,19,1494,16,49.276575,0,0,155.746894,0.184965,155.746894
841,16:46:03.527388,65.204490,65.204490,0.045057,19,1498,16,71.240260,0,0,155.874834,0.127940,155.874834
842,16:46:03.594836,65.263225,65.263225,0.058735,19,1495,16,54.650027,0,0,156.041612,0.166779,156.041612
843,16:46:03.711020,65.384734,65.384734,0.121509,19,1500,16,26.416816,0,0,156.386637,0.345025,156.386637
844,16:46:03.770504,65.450507,65.450507,0.065773,19,1505,16,48.802336,0,0,156.573400,0.186763,156.573400
845,16:46:03.827157,65.503601,65.503601,0.053094,19,1508,16,60.456314,0,0,156.724161,0.150761,156.724161
846,16:46:03.876178,65.544724,65.544724,0.041123,19,1513,16,78.055670,0,0,156.840930,0.116769,156.840930
847,16:46:03.962154,65.606706,65.606706,0.061982,19,1513,16,51.787307,0,0,157.016928,0.175998,157.016928
848,16:46:04.004667,65.691946,65.691946,0.085240,19,1519,16,37.656872,0,0,157.258968,0.242040,157.258968
849,16:46:04.096529,65.733318,65.733318,0.041372,19,1519,16,77.585609,0,0,157.376444,0.117476,157.376444
850,16:46:04.162339,65.839543,65.839543,0.106225,19,1525,16,30.217777,0,0,157.678070,0.301626,157.678070
851,16:46:04.204038,65.876288,65.876288,0.036745,19,1525,16,87.355295,0,0,157.782408,0.104338,157.782408
852,16:46:04.234530,65.917247,65.917247,0.040959,19,1525,18,91.931470,0,0,157.910089,0.127681,157.910089
853,16:46:04.296765,65.978693,65.978693,0.061446,19,1520,18,58.768902,0,0,158.106375,0.196286,158.106375
854,16:46:04.359510,66.028029,66.028029,0.049336,19,1492,18,73.194306,0,0,158.263976,0.157601,158.263976
855,16:46:04.391497,66.072894,66.072894,0.044865,19,1458,18,80.488143,41.999848889,-93.633212293,158.407295,0.143319,158.407295
856,16:46:04.527670,66.204458,66.204458,0.131564,19,1400,18,27.447583,0,0,158.827569,0.420274,158.827569
857,16:46:04.596173,66.261338,66.261338,0.056880,19,1355,18,63.486485,0,0,159.009269,0.181700,159.009269
858,16:46:04.750402,66.380120,66.380120,0.118782,19,1304,16,25.724053,0,0,159.355716,0.346448,159.355716
859,16:46:04.821329,66.490724,66.490724,0.110604,19,1238,16,29.021330,0,0,159.669777,0.314061,159.669777
860,16:46:04.889513,66.568568,66.568568,0.077844,19,1208,16,41.234783,0,0,159.890815,0.221038,159.890815
861,16:46:04.943668,66.621807,66.621807,0.053239,19,1170,16,60.291705,0,0,160.041988,0.151173,160.041988
862,16:46:05.060334,66.699880,66.699880,0.078073,19,1134,16,41.113898,0,0,160.263676,0.221688,160.263676
863,16:46:05.127437,66.777457,66.777457,0.077577,19,1098,16,41.376591,0,0,160.483957,0.220281,160.483957
864,16:46:05.171921,66.847244,66.847244,0.069787,19,1069,14,38.034591,0,0,160.662732,0.178775,160.662732
865,16:46:05.250478,66.913168,66.913168,0.065924,19,1048,14,42.604287,0,0,160.826525,0.163792,160.826525
866,16:46:05.306060,66.978178,66.978178,0.065010,19,1008,14,43.203183,0,0,160.988047,0.161522,160.988047
867,16:46:05.375173,67.060103,67.060103,0.081925,19,990,14,34.283123,41.999858594,-93.633174215,161.191595,0.203548,161.191595
868,16:46:05.402182,67.088778,67.088778,0.028675,19,961,14,97.947139,0,0,161.262840,0.071245,161.262840
869,16:46:05.467507,67.129746,67.129746,0.040968,19,952,14,68.557069,0,0,161.364628,0.101788,161.364628
870,16:46:05.519658,67.196040,67.196040,0.066294,19,930,14,42.366487,0,0,161.529340,0.164712,161.529340
871,16:46:05.621204,67.269015,67.269015,0.072975,19,913,14,38.487645,0,0,161.710651,0.181312,161.710651
872,16:46:05.757969,67.429014,67.429014,0.159999,19,895,12,14.081887,0,0,162.063735,0.353084,162.063735
873,16:46:05.809538,67.486120,67.486120,0.057106,19,870,12,42.156807,0,0,162.185350,0.121615,162.185350
874,16:46:05.859114,67.543465,67.543465,0.057345,19,858,12,41.981185,0,0,162.307473,0.122123,162.307473
875,16:46:05.907329,67.576240,67.576240,0.032775,19,849,12,73.452186,0,0,162.377272,0.069799,162.377272
876,16:46:05.956694,67.629858,67.629858,0.053618,19,840,12,44.899278,0,0,162.491459,0.114186,162.491459
877,16:46:06.016292,67.699126,67.699126,0.069268,19,834,12,34.754978,0,0,162.638974,0.147515,162.638974
878,16:46:06.080673,67.756487,67.756487,0.057361,19,832,12,41.969494,0,0,162.761131,0.122157,162.761131
879,16:46:06.127599,67.810470,67.810470,0.053983,19,820,9,29.158714,0,0,162.853602,0.092471,162.853602
880,16:46:06.222390,67.851098,67.851098,0.040628,19,818,9,44.440950,0,0,162.918494,0.064892,162.918494
881,16:46:06.390463,68.055751,68.055751,0.204653,19,816,9,8.822521,41.99986391,-93.633153983,163.245371,0.326876,163.245371
882,16:46:06.425014,68.104655,68.104655,0.048904,19,817,9,36.920450,0,0,163.323481,0.078110,163.323481
883,16:46:06.550790,68.182974,68.182974,0.078319,19,816,9,23.053842,0,0,163.448574,0.125093,163.448574
884,16:46:06.601459,68.268513,68.268513,0.085539,19,823,7,14.613241,0,0,163.561438,0.112864,163.561438
885,16:46:06.720888,68.383333,68.383333,0.114820,19,832,7,12.230630,0,0,163.704077,0.142639,163.704077
886,16:46:06.764421,68.437297,68.437297,0.053964,19,834,7,26.023341,0,0,163.771116,0.067038,163.771116
887,16:46:06.824381,68.481512,68.481512,0.044215,19,843,7,31.761044,0,0,163.826043,0.054928,163.826043
888,16:46:07.002886,68.682226,68.682226,0.200714,19,855,7,6.996631,0,0,164.075387,0.249344,164.075387
889,16:46:07.086641,68.768259,68.768259,0.086033,19,860,4,6.636836,0,0,164.146417,0.071030,164.146417
890,16:46:07.146381,68.822319,68.822319,0.054060,19,864,4,14.844051,0,0,164.184793,0.038376,164.184793
891,16:46:07.204656,68.878849,68.878849,0.056530,19,866,4,14.195456,0,0,164.224923,0.040129,164.224923
892,16:46:07.324148,68.989449,68.989449,0.110600,19,866,4,7.255598,0,0,164.303435,0.078512,164.303435
893,16:46:07.352860,69.038802,69.038802,0.049353,19,872,4,16.259822,0,0,164.338469,0.035034,164.338469
894,16:46:07.428932,69.112586,69.112586,0.073784,19,870,4,10.875907,41.999865139,-93.633149234,164.390847,0.052378,164.390847
895,16:46:07.524185,69.202455,69.202455,0.089869,19,878,3,5.838401,0,0,164.442161,0.051314,164.442161
896,16:46:07.579468,69.268014,69.268014,0.065559,19,872,3,9.180321,0,0,164.477065,0.034904,164.477065
897,16:46:07.644391,69.317168,69.317168,0.049154,19,872,3,12.244198,0,0,164.503235,0.026170,164.503235
898,16:46:07.695697,69.378841,69.378841,0.061673,19,870,3,9.758769,0,0,164.536070,0.032835,164.536070
899,16:46:07.773482,69.452590,69.452590,0.073749,19,871,3,8.160806,0,0,164.575335,0.039265,164.575335
900,16:46:07.864429,69.542452,69.542452,0.089862,19,857,3,6.697504,0,0,164.623178,0.047843,164.623178
901,16:46:07.960498,69.624374,69.624374,0.081922,19,856,3,7.346662,0,0,164.666794,0.043616,164.666794
902,16:46:08.026294,69.702331,69.702331,0.077957,19,858,3,7.720290,0,0,164.708299,0.041505,164.708299
903,16:46:08.199556,69.857860,69.857860,0.155529,19,858,3,3.869708,0,0,164.791104,0.082805,164.791104
904,16:46:08.242973,69.919313,69.919313,0.061453,19,864,3,9.793715,0,0,164.823822,0.032718,164.823822
905,16:46:08.319389,69.980750,69.980750,0.061437,19,867,3,9.796223,0,0,164.856531,0.032710,164.856531
906,16:46:08.467633,70.115934,70.115934,0.135184,19,870,3,4.452100,41.999865323,-93.633149136,164.928504,0.071973,164.928504
907,16:46:08.523054,70.201956,70.201956,0.086022,19,869,3,6.996476,0,0,164.974303,0.045799,164.974303
908,16:46:08.564914,70.238814,70.238814,0.036858,19,869,3,16.329003,0,0,164.993926,0.019623,164.993926
909,16:46:08.644914,70.320744,70.320744,0.081930,19,867,3,7.345913,0,0,165.037546,0.043620,165.037546
910,16:46:08.805936,70.443872,70.443872,0.123128,19,861,3,4.888020,0,0,165.103101,0.065554,165.103101
911,16:46:08.853215,70.533751,70.533751,0.089879,19,869,3,6.696243,0,0,165.150953,0.047852,165.150953
912,16:46:08.890350,70.578824,70.578824,0.045073,19,872,3,13.352815,0,0,165.174950,0.023997,165.174950
913,16:46:08.957290,70.641217,70.641217,0.062393,19,870,3,9.646152,0,0,165.208169,0.033218,165.208169
914,16:46:09.085272,70.763388,70.763388,0.122171,19,874,3,4.926310,0,0,165.273213,0.065045,165.273213
915,16:46:09.151549,70.836877,70.836877,0.073489,19,877,3,8.189692,0,0,165.312339,0.039126,165.312339
916,16:46:09.210816,70.882196,70.882196,0.045319,19,876,3,13.280319,0,0,165.336468,0.024128,165.336468
917,16:46:09.340333,70.984454,70.984454,0.102258,19,876,3,5.885623,0,0,165.390911,0.054443,165.390911
918,16:46:09.453829,71.123781,71.123781,0.139327,19,875,3,4.319706,41.99986531,-93.633149151,165.465089,0.074179,165.465089
919,16:46:09.546182,71.197587,71.197587,0.073806,19,872,3,8.154506,0,0,165.504384,0.039295,165.504384
920,16:46:09.644183,71.283610,71.283610,0.086023,19,875,3,6.996418,0,0,165.550183,0.045799,165.550183
921,16:46:09.745472,71.398445,71.398445,0.114835,19,879,3,5.241013,0,0,165.611322,0.061139,165.611322
922,16:46:09.833535,71.467697,71.467697,0.069252,19,876,3,8.690749,0,0,165.648193,0.036870,165.648193
923,16:46:09.949664,71.590598,71.590598,0.122901,19,881,3,4.897047,0,0,165.713626,0.065433,165.713626
924,16:46:10.007157,71.676862,71.676862,0.086264,19,885,3,6.976849,0,0,165.759554,0.045928,165.759554
925,16:46:10.112755,71.770835,71.770835,0.093973,19,881,3,6.404524,0,0,165.809586,0.050032,165.809586
926,16:46:10.232405,71.889679,71.889679,0.118844,19,879,3,5.064216,0,0,165.872859,0.063273,165.872859
927,16:46:10.278427,71.946965,71.946965,0.057286,19,876,3,10.506085,0,0,165.903359,0.030500,165.903359
928,16:46:10.313361,72.000259,72.000259,0.053294,19,872,3,11.293063,0,0,165.931733,0.028374,165.931733
929,16:46:10.369318,72.053466,72.053466,0.053207,19,874,0,-4.350570,41.999865226,-93.633149287,165.937891,0.006158,165.937891
