1555546066.585471,88,702,0,17,0,0,2019-04-18T00:07:46.000Z,0,1211.650438,0.000000
1555546067.089588,88,712,0,17,41.999868,-93.633132333,2019-04-18T00:07:47.000Z,1,1211.650438,0.000000
1555546067.576761,88,706,0,17,41.999866667,-93.633133167,2019-04-18T00:07:48.000Z,2,1211.650438,0.000000
1555546067.888078,88,699,0,17,0,0,2019-04-18T00:07:48.000Z,3,1211.650438,0.000000
1555546068.191455,88,706,0,17,41.9998655,-93.633133167,2019-04-18T00:07:49.000Z,4,1211.650438,0.000000
1555546068.662266,88,705,0,17,0,0,2019-04-18T00:07:49.000Z,5,1211.650438,0.000000
1555546069.096475,88,704,0,17,41.9998655,-93.633126,2019-04-18T00:07:50.000Z,6,1211.650438,0.000000
1555546069.396104,88,703,0,17,0,0,2019-04-18T00:07:50.000Z,7,1211.650438,0.000000
1555546069.702797,88,703,0,17,41.999869333,-93.633111,2019-04-18T00:07:51.000Z,8,1211.650438,0.000000
1555546070.010424,88,690,0,17,0,0,2019-04-18T00:07:51.000Z,9,1211.650438,0.000000
1555546070.308964,88,709,0,17,41.999879833,-93.633090667,2019-04-18T00:07:52.000Z,10,1211.650438,0.000000
1555546070.612731,88,716,0,17,0,0,2019-04-18T00:07:52.000Z,11,1211.650438,0.000000
1555546070.919766,88,719,3,17,41.999897,-93.633074833,2019-04-18T00:07:53.000Z,12,1211.778369,0.127931
1555546071.222617,88,725,3,17,0,0,2019-04-18T00:07:53.000Z,13,1211.939609,0.289171
1555546071.529651,89,738,5,17,0,0,2019-04-18T00:07:53.000Z,14,1212.188364,0.537926
1555546071.832774,88,749,7,17,0,0,2019-04-18T00:07:53.000Z,15,1212.541540,0.891101
1555546072.140194,88,770,7,17,41.9999205,-93.633065833,2019-04-18T00:07:54.000Z,16,1212.923443,1.273004
1555546072.447210,89,778,7,18,0,0,2019-04-18T00:07:54.000Z,17,1213.304844,1.654406
1555546072.754431,89,793,7,17,41.999949667,-93.633069,2019-04-18T00:07:55.000Z,18,1213.686499,2.036061
1555546073.061647,88,827,7,18,0,0,2019-04-18T00:07:55.000Z,19,1214.068149,2.417711
1555546073.364775,88,1016,9,20,0,0,2019-04-18T00:07:55.000Z,20,1214.528922,2.878484
1555546073.667894,89,1216,9,20,41.999984167,-93.633086833,2019-04-18T00:07:56.000Z,21,1215.013070,3.362632
1555546073.971025,88,1352,9,21,0,0,2019-04-18T00:07:56.000Z,22,1215.497238,3.846800
1555546074.278235,88,1462,9,20,0,0,2019-04-18T00:07:56.000Z,23,1215.987921,4.337483
1555546074.585454,88,1473,9,20,0,0,2019-04-18T00:07:56.000Z,24,1216.478618,4.828180
1555546074.892675,88,1472,9,20,42.000023333,-93.633112167,2019-04-18T00:07:57.000Z,25,1216.969318,5.318880
1555546075.195802,88,1503,12,21,0,0,2019-04-18T00:07:57.000Z,26,1217.579782,5.929344
1555546075.503014,88,1545,12,21,0,0,2019-04-18T00:07:57.000Z,27,1218.234030,6.583592
1555546075.814342,89,1588,12,22,0,0,2019-04-18T00:07:57.000Z,28,1218.897043,7.246605
1555546076.117703,88,1548,14,22,42.000068667,-93.6331405,2019-04-18T00:07:58.000Z,29,1219.627357,7.976919
1555546076.424807,88,1439,14,22,0,0,2019-04-18T00:07:58.000Z,30,1220.390378,8.739940
1555546076.731893,88,1497,14,22,0,0,2019-04-18T00:07:58.000Z,31,1221.153354,9.502916
1555546077.035157,88,1582,16,22,42.000119667,-93.633174667,2019-04-18T00:07:59.000Z,32,1221.991073,10.340635
1555546077.346340,88,1598,16,22,0,0,2019-04-18T00:07:59.000Z,33,1222.874679,11.224241
1555546077.657646,88,1602,18,22,0,0,2019-04-18T00:07:59.000Z,34,1223.845109,12.194670
1555546077.969375,88,1596,18,21,42.000174833,-93.633214167,2019-04-18T00:08:00.000Z,35,1224.840909,13.190471
1555546078.267984,88,1580,18,21,0,0,2019-04-18T00:08:00.000Z,36,1225.794799,14.144361
1555546078.579546,88,1566,20,21,0,0,2019-04-18T00:08:00.000Z,37,1226.876612,15.226174
1555546079.112070,88,1542,22,21,0,0,2019-04-18T00:08:00.000Z,38,1228.914667,17.264229
1555546079.423306,88,1596,22,22,42.000233667,-93.633256,2019-04-18T00:08:01.000Z,39,1230.129832,18.479394
1555546079.726250,88,1663,24,22,0,0,2019-04-18T00:08:01.000Z,40,1231.396774,19.746336
1555546080.037563,87,1679,24,22,0,0,2019-04-18T00:08:01.000Z,41,1232.722737,21.072299
1555546080.382038,87,1667,24,22,0,0,2019-04-18T00:08:01.000Z,42,1234.189946,22.539507
1555546080.959227,87,1667,24,22,42.000294833,-93.633301167,2019-04-18T00:08:02.000Z,43,1236.648343,24.997905
1555546081.299227,87,1646,24,21,0,0,2019-04-18T00:08:02.000Z,44,1238.096491,26.446053
1555546081.729334,87,1636,26,20,0,0,2019-04-18T00:08:02.000Z,45,1240.047903,28.397465
1555546082.032698,87,1313,26,20,42.000356833,-93.633348,2019-04-18T00:08:03.000Z,46,1241.447683,29.797245
1555546082.339907,87,1186,26,17,0,0,2019-04-18T00:08:03.000Z,47,1242.865206,31.214768
1555546082.708571,87,1052,28,17,0,0,2019-04-18T00:08:03.000Z,48,1244.668702,33.018263
1555546083.687327,86,998,27,17,42.000418167,-93.633394667,2019-04-18T00:08:04.000Z,49,1249.396335,37.745896
1555546084.015029,86,988,27,17,0,0,2019-04-18T00:08:04.000Z,50,1250.966574,39.316135
1555546084.899989,86,948,27,17,42.000475833,-93.633439167,2019-04-18T00:08:05.000Z,51,1255.207007,43.556568
1555546085.678117,86,904,26,17,0,0,2019-04-18T00:08:05.000Z,52,1258.827464,47.177026
1555546087.099528,86,809,21,17,42.000527,-93.633478667,2019-04-18T00:08:06.000Z,53,1264.399044,52.748606
1555546088.422858,86,1076,16,17,42.000603,-93.6335355,2019-04-18T00:08:08.000Z,54,1268.411920,56.761481
1555546089.409796,86,836,12,17,42.000628333,-93.6335545,2019-04-18T00:08:09.000Z,55,1270.666037,59.015599
1555546091.093366,87,757,4,17,42.000643,-93.633566,2019-04-18T00:08:10.000Z,56,1272.380784,60.730346
1555546091.670951,87,766,3,17,42.000647833,-93.6335725,2019-04-18T00:08:12.000Z,57,1272.710578,61.060140
1555546092.002741,87,736,3,17,0,0,2019-04-18T00:08:12.000Z,58,1272.887226,61.236788
1555546093.018602,87,739,3,17,42.000648167,-93.633574,2019-04-18T00:08:13.000Z,59,1273.428078,61.777640
1555546093.800996,87,744,3,18,0,0,2019-04-18T00:08:13.000Z,60,1273.844630,62.194192
1555546094.665447,87,748,0,18,42.000648667,-93.6335755,2019-04-18T00:08:14.000Z,61,1273.944682,62.294244
1555546095.435399,88,736,0,18,42.000649167,-93.633576667,2019-04-18T00:08:15.000Z,62,1273.944682,62.294244
1555546096.095445,88,740,0,18,42.000650167,-93.633578,2019-04-18T00:08:16.000Z,63,1273.944682,62.294244
1555546097.417980,88,1404,0,18,42.000654833,-93.6335815,2019-04-18T00:08:17.000Z,64,1273.944682,62.294244
1555546098.163495,88,1691,6,23,42.000672,-93.633594833,2019-04-18T00:08:18.000Z,65,1274.565945,62.915507
1555546099.097440,89,1811,12,22,42.000699833,-93.63362,2019-04-18T00:08:19.000Z,66,1276.338711,64.688273
1555546100.092856,88,1630,16,23,42.0007305,-93.633658833,2019-04-18T00:08:20.000Z,67,1279.011587,67.361149
1555546101.084139,88,1636,18,23,42.0007545,-93.633714,2019-04-18T00:08:21.000Z,68,1282.101698,70.451260
1555546101.653508,88,1682,20,23,42.000762,-93.633786,2019-04-18T00:08:22.000Z,69,1284.078673,72.428235
1555546101.960729,88,1709,20,23,0,0,2019-04-18T00:08:22.000Z,70,1285.169118,73.518680
1555546102.333615,88,1746,22,23,0,0,2019-04-18T00:08:22.000Z,71,1286.596213,74.945775
1555546102.788173,88,1767,24,23,42.000748333,-93.633864,2019-04-18T00:08:23.000Z,72,1288.497219,76.846781
1555546103.201886,88,1804,24,23,0,0,2019-04-18T00:08:23.000Z,73,1290.259330,78.608892
1555546103.668861,88,1844,26,23,42.000718667,-93.633945,2019-04-18T00:08:24.000Z,74,1292.378013,80.727575
1555546103.980178,88,1864,25,23,0,0,2019-04-18T00:08:24.000Z,75,1293.771253,82.120815
1555546104.430759,88,1898,27,24,0,0,2019-04-18T00:08:24.000Z,76,1295.895519,84.245081
1555546104.873325,88,1944,27,24,42.000677833,-93.634027667,2019-04-18T00:08:25.000Z,77,1298.016149,86.365711
1555546105.200857,88,1936,29,24,0,0,2019-04-18T00:08:25.000Z,78,1299.676553,88.026115
1555546105.737472,88,1848,29,24,42.000628,-93.634111333,2019-04-18T00:08:26.000Z,79,1302.438299,90.787861
1555546106.048791,87,1745,29,24,0,0,2019-04-18T00:08:26.000Z,80,1304.040535,92.390096
1555546106.561057,87,1790,33,24,0,0,2019-04-18T00:08:26.000Z,81,1306.961558,95.311120
1555546106.982736,87,1826,33,24,42.000570667,-93.634196833,2019-04-18T00:08:27.000Z,82,1309.431114,97.780676
1555546107.482717,87,1851,34,24,0,0,2019-04-18T00:08:27.000Z,83,1312.428685,100.778247
1555546107.978367,87,1862,36,24,42.000508833,-93.634285,2019-04-18T00:08:28.000Z,84,1315.557093,103.906655
1555546108.346781,87,1882,36,24,0,0,2019-04-18T00:08:28.000Z,85,1317.910849,106.260411
1555546108.871103,86,1898,36,24,42.000441833,-93.634376833,2019-04-18T00:08:29.000Z,86,1321.260684,109.610246
1555546109.190609,86,1891,38,24,0,0,2019-04-18T00:08:29.000Z,87,1323.390724,111.740285
1555546109.526501,86,1900,38,24,42.000368167,-93.634470667,2019-04-18T00:08:30.000Z,88,1325.655921,114.005483
1555546109.846010,86,1894,40,24,0,0,2019-04-18T00:08:30.000Z,89,1327.899387,116.248949
1555546110.177811,86,1912,40,24,0,0,2019-04-18T00:08:30.000Z,90,1330.254764,118.604326
1555546110.521893,86,1847,42,24,42.000287333,-93.634564833,2019-04-18T00:08:31.000Z,91,1332.792901,121.142463
1555546110.833206,86,1828,42,24,0,0,2019-04-18T00:08:31.000Z,92,1335.113335,123.462897
1555546111.140683,86,1842,42,24,0,0,2019-04-18T00:08:31.000Z,93,1337.405177,125.754739
1555546111.476343,86,1866,42,24,42.000198833,-93.634656333,2019-04-18T00:08:32.000Z,94,1339.907087,128.256649
1555546111.788123,86,1878,44,24,0,0,2019-04-18T00:08:32.000Z,95,1342.317609,130.667170
1555546112.090769,86,1886,44,24,0,0,2019-04-18T00:08:32.000Z,96,1344.680864,133.030426
1555546112.549784,86,1912,44,24,42.000103833,-93.634746,2019-04-18T00:08:33.000Z,97,1348.265147,136.614709
1555546112.864953,86,1923,44,24,0,0,2019-04-18T00:08:33.000Z,98,1350.726190,139.075751
1555546113.319641,86,1931,46,24,0,0,2019-04-18T00:08:33.000Z,99,1354.402988,142.752550
1555546113.774315,86,1948,48,24,42.000004167,-93.634834333,2019-04-18T00:08:34.000Z,100,1358.241054,146.590616
1555546114.081643,86,1954,47,24,0,0,2019-04-18T00:08:34.000Z,101,1360.816349,149.165911
1555546114.609957,86,1915,49,24,41.9999005,-93.6349215,2019-04-18T00:08:35.000Z,102,1365.369795,153.719357
1555546114.925363,86,1894,49,24,0,0,2019-04-18T00:08:35.000Z,103,1368.112562,156.462124
1555546115.335123,86,1871,49,24,0,0,2019-04-18T00:08:35.000Z,104,1371.675830,160.025392
1555546115.769194,86,1854,48,24,41.999793667,-93.635010167,2019-04-18T00:08:36.000Z,105,1375.390217,163.739779
1555546116.084612,86,1823,50,24,0,0,2019-04-18T00:08:36.000Z,106,1378.164727,166.514289
1555546116.531102,86,1796,50,24,0,0,2019-04-18T00:08:36.000Z,107,1382.126638,170.476199
1555546117.080244,86,1794,50,24,41.999684833,-93.635102167,2019-04-18T00:08:37.000Z,108,1386.999426,175.348988
1555546117.629305,86,1916,50,24,0,0,2019-04-18T00:08:37.000Z,109,1391.871494,180.221056
1555546118.108796,86,1906,52,24,41.999573667,-93.635196333,2019-04-18T00:08:38.000Z,110,1396.259429,184.608990
1555546118.501402,86,1898,52,24,41.99946,-93.635292167,2019-04-18T00:08:39.000Z,111,1399.882552,188.232114
1555546118.808854,86,2088,52,24,0,0,2019-04-18T00:08:39.000Z,112,1402.719842,191.069404
1555546119.124022,86,2076,52,24,0,0,2019-04-18T00:08:39.000Z,113,1405.628336,193.977898
1555546119.504981,87,1954,54,24,41.999344667,-93.6353905,2019-04-18T00:08:40.000Z,114,1409.249799,197.599361
1555546119.816305,87,1826,54,24,0,0,2019-04-18T00:08:40.000Z,115,1412.233319,200.582881
1555546120.148091,87,1836,54,24,0,0,2019-04-18T00:08:40.000Z,116,1415.412937,203.762498
1555546120.623311,87,1908,54,24,41.999226667,-93.635489667,2019-04-18T00:08:41.000Z,117,1419.967128,208.316690
1555546120.938674,87,1885,54,24,0,0,2019-04-18T00:08:41.000Z,118,1422.989356,211.338918
1555546121.299143,87,1864,56,24,0,0,2019-04-18T00:08:41.000Z,119,1426.543982,214.893544
1555546121.700568,87,1848,55,23,41.9991075,-93.635590833,2019-04-18T00:08:42.000Z,120,1430.477698,218.827260
1555546122.012983,87,1721,55,22,0,0,2019-04-18T00:08:42.000Z,121,1433.527120,221.876682
1555546122.450180,87,1683,55,22,0,0,2019-04-18T00:08:42.000Z,122,1437.794513,226.144075
1555546122.933545,87,1667,57,22,41.998987,-93.635691833,2019-04-18T00:08:43.000Z,123,1442.646812,230.996374
1555546123.322692,87,1652,56,22,0,0,2019-04-18T00:08:43.000Z,124,1446.529272,234.878834
1555546123.748702,87,1633,56,21,41.998867167,-93.635793167,2019-04-18T00:08:44.000Z,125,1450.763077,239.112639
1555546124.064369,87,1622,56,21,0,0,2019-04-18T00:08:44.000Z,126,1453.900260,242.249822
1555546124.514696,87,1534,55,21,0,0,2019-04-18T00:08:44.000Z,127,1458.313186,246.662748
1555546125.051322,88,1457,55,20,41.998746833,-93.635893833,2019-04-18T00:08:45.000Z,128,1463.551088,251.900649
1555546125.530567,88,1379,57,19,0,0,2019-04-18T00:08:45.000Z,129,1468.362026,256.711588
1555546126.169865,88,1473,56,19,41.998628,-93.6359955,2019-04-18T00:08:46.000Z,130,1474.740207,263.089769
1555546126.685721,88,1428,56,19,41.9985105,-93.6360975,2019-04-18T00:08:47.000Z,131,1479.866925,268.216487
1555546126.992949,88,1424,55,19,0,0,2019-04-18T00:08:47.000Z,132,1482.877570,271.227132
1555546127.402556,88,1417,55,20,0,0,2019-04-18T00:08:47.000Z,133,1486.875663,275.225225
1555546128.045665,88,1418,55,20,41.9983955,-93.6362035,2019-04-18T00:08:48.000Z,134,1493.152924,281.502485
1555546128.672395,88,1408,54,20,0,0,2019-04-18T00:08:48.000Z,135,1499.183265,287.532827
1555546129.090350,88,1502,54,20,41.998284667,-93.636314833,2019-04-18T00:08:49.000Z,136,1503.188666,291.538228
1555546129.598271,88,1486,54,20,41.9981795,-93.636432167,2019-04-18T00:08:50.000Z,137,1508.056242,296.405804
1555546129.917664,88,1438,56,19,0,0,2019-04-18T00:08:50.000Z,138,1511.205814,299.555376
1555546130.327520,88,1455,55,20,0,0,2019-04-18T00:08:50.000Z,139,1515.222148,303.571710
1555546130.896661,88,1460,53,19,41.998081,-93.636556333,2019-04-18T00:08:51.000Z,140,1520.619328,308.968890
1555546131.285958,88,1450,53,19,0,0,2019-04-18T00:08:51.000Z,141,1524.281003,312.630564
1555546132.002656,88,1352,53,20,41.997989,-93.636687167,2019-04-18T00:08:52.000Z,142,1531.022166,319.371728
1555546132.436866,88,1443,53,20,0,0,2019-04-18T00:08:52.000Z,143,1535.106287,323.455849
1555546132.961219,88,1443,52,19,41.9979055,-93.636825667,2019-04-18T00:08:53.000Z,144,1539.965453,328.315015
1555546133.416023,88,1401,52,20,0,0,2019-04-18T00:08:53.000Z,145,1544.162564,332.512126
1555546133.907414,88,1442,52,20,41.997828,-93.636969333,2019-04-18T00:08:54.000Z,146,1548.697314,337.046875
1555546134.226912,88,1459,52,20,0,0,2019-04-18T00:08:54.000Z,147,1551.645768,339.995330
1555546134.951966,87,1442,52,20,41.997759333,-93.637119833,2019-04-18T00:08:55.000Z,148,1558.336853,346.686415
1555546135.373871,87,1340,52,19,0,0,2019-04-18T00:08:55.000Z,149,1562.230359,350.579921
1555546135.853130,87,1421,51,20,41.997698667,-93.637274333,2019-04-18T00:08:56.000Z,150,1566.586587,354.936149
1555546136.184926,87,1445,51,20,0,0,2019-04-18T00:08:56.000Z,151,1569.589647,357.939209
1555546136.737928,87,1440,51,20,41.997642833,-93.637431,2019-04-18T00:08:57.000Z,152,1574.594827,362.944388
1555546137.053329,87,1435,51,20,0,0,2019-04-18T00:08:57.000Z,153,1577.449498,365.799060
1555546137.532588,87,1375,51,20,0,0,2019-04-18T00:08:57.000Z,154,1581.787236,370.136798
1555546138.052813,87,1366,51,20,41.9975935,-93.6375905,2019-04-18T00:08:58.000Z,155,1586.495755,374.845316
1555546138.630394,87,1399,51,20,0,0,2019-04-18T00:08:58.000Z,156,1591.723397,380.072959
1555546139.097367,87,1377,51,19,41.99755,-93.6377505,2019-04-18T00:08:59.000Z,157,1595.949935,384.299497
1555546139.674930,87,1274,50,19,41.997516,-93.637911,2019-04-18T00:09:00.000Z,158,1601.097199,389.446760
1555546139.982155,87,1333,50,18,0,0,2019-04-18T00:09:00.000Z,159,1603.823346,392.172908
1555546140.359263,87,1251,50,17,0,0,2019-04-18T00:09:00.000Z,160,1607.169597,395.519158
1555546140.752488,87,1195,49,17,41.997489,-93.638067667,2019-04-18T00:09:01.000Z,161,1610.604247,398.953808
1555546141.059478,87,1166,47,17,0,0,2019-04-18T00:09:01.000Z,162,1613.188554,401.538116
1555546141.723060,87,1140,47,17,0,0,2019-04-18T00:09:01.000Z,163,1618.723523,407.073085
1555546142.280279,87,1108,46,17,41.997464167,-93.638218833,2019-04-18T00:09:02.000Z,164,1623.293923,411.643485
1555546142.673393,87,1088,45,17,41.997439667,-93.638360667,2019-04-18T00:09:03.000Z,165,1626.448542,414.798104
1555546142.984972,87,1075,44,17,0,0,2019-04-18T00:09:03.000Z,166,1628.893572,417.243134
1555546143.419154,87,1058,43,17,0,0,2019-04-18T00:09:03.000Z,167,1632.223640,420.573202
1555546143.840842,87,1016,42,17,41.9974145,-93.638491833,2019-04-18T00:09:04.000Z,168,1635.383047,423.732609
1555546144.209484,87,990,42,17,0,0,2019-04-18T00:09:04.000Z,169,1638.130796,426.480358
1555546144.824054,87,947,39,17,41.997393667,-93.638610833,2019-04-18T00:09:05.000Z,170,1642.455547,430.805109
1555546145.135244,87,917,39,17,0,0,2019-04-18T00:09:05.000Z,171,1644.609384,432.958946
1555546145.602211,87,874,36,17,41.9973835,-93.638715,2019-04-18T00:09:06.000Z,172,1647.646832,435.996394
1555546145.913528,87,844,34,17,0,0,2019-04-18T00:09:06.000Z,173,1649.549325,437.898887
1555546146.351829,87,820,32,17,0,0,2019-04-18T00:09:06.000Z,174,1652.072262,440.421824
1555546146.937594,87,810,30,17,41.997387,-93.6388025,2019-04-18T00:09:07.000Z,175,1655.236115,443.585677
1555546147.277747,87,893,27,17,0,0,2019-04-18T00:09:07.000Z,176,1656.905385,445.254946
1555546147.875648,87,879,24,17,41.997400333,-93.6388745,2019-04-18T00:09:08.000Z,177,1659.521202,447.870764
1555546148.281162,87,858,22,17,0,0,2019-04-18T00:09:08.000Z,178,1661.135748,449.485310
1555546148.699229,87,1078,21,20,41.997422833,-93.6389375,2019-04-18T00:09:09.000Z,179,1662.709951,451.059513
1555546149.010467,87,1320,20,20,0,0,2019-04-18T00:09:09.000Z,180,1663.826662,452.176224
1555546149.419921,87,1351,20,20,0,0,2019-04-18T00:09:09.000Z,181,1665.279970,453.629532
1555546149.919683,87,1320,20,20,41.997451,-93.638994167,2019-04-18T00:09:10.000Z,182,1667.053817,455.403379
1555546150.271953,87,1322,20,20,0,0,2019-04-18T00:09:10.000Z,183,1668.304159,456.653720
1555546150.837219,87,1340,19,20,41.997483333,-93.639049667,2019-04-18T00:09:11.000Z,184,1670.231994,458.581556
1555546151.209980,87,1412,19,21,0,0,2019-04-18T00:09:11.000Z,185,1671.488912,459.838474
1555546151.828524,87,1500,21,22,41.997513333,-93.639112167,2019-04-18T00:09:12.000Z,186,1673.746407,462.095969
1555546152.148022,87,1364,21,20,0,0,2019-04-18T00:09:12.000Z,187,1674.937129,463.286690
1555546152.721496,87,1247,23,20,41.997535,-93.6391825,2019-04-18T00:09:13.000Z,188,1677.233680,465.583242
1555546153.033076,87,1372,23,21,0,0,2019-04-18T00:09:13.000Z,189,1678.505484,466.855046
1555546153.581712,87,1350,23,21,0,0,2019-04-18T00:09:13.000Z,190,1680.744901,469.094463
1555546154.089646,87,1098,22,18,41.997542,-93.639262,2019-04-18T00:09:14.000Z,191,1682.747635,471.097197
1555546154.482889,87,915,22,17,41.997531167,-93.639333833,2019-04-18T00:09:15.000Z,192,1684.282981,472.632543
1555546154.790110,88,882,24,17,0,0,2019-04-18T00:09:15.000Z,193,1685.567810,473.917372
1555546155.101664,88,910,23,18,0,0,2019-04-18T00:09:15.000Z,194,1686.851528,475.201090
1555546155.572490,88,1131,23,20,41.997501167,-93.6394015,2019-04-18T00:09:16.000Z,195,1688.773341,477.122903
1555546155.879711,88,1272,23,20,0,0,2019-04-18T00:09:16.000Z,196,1690.027352,478.376914
1555546156.313915,88,1294,22,20,0,0,2019-04-18T00:09:16.000Z,197,1691.739376,480.088938
1555546156.699219,88,1222,22,19,41.997456667,-93.639444667,2019-04-18T00:09:17.000Z,198,1693.243726,481.593288
1555546157.010278,88,1200,22,19,0,0,2019-04-18T00:09:17.000Z,199,1694.458201,482.807762
1555546157.383048,88,1172,22,19,0,0,2019-04-18T00:09:17.000Z,200,1695.913615,484.263176
1555546157.813382,88,1216,22,20,41.997403167,-93.639469833,2019-04-18T00:09:18.000Z,201,1697.593776,485.943338
1555546158.161320,88,1315,22,20,0,0,2019-04-18T00:09:18.000Z,202,1698.952238,487.301800
1555546158.751188,88,1368,22,20,41.997344167,-93.6394765,2019-04-18T00:09:19.000Z,203,1701.255272,489.604834
1555546159.058436,88,1347,24,20,0,0,2019-04-18T00:09:19.000Z,204,1702.540213,490.889775
1555546159.451642,88,1298,24,19,0,0,2019-04-18T00:09:19.000Z,205,1704.214980,492.564542
1555546159.922711,88,1236,24,19,41.997283333,-93.639460167,2019-04-18T00:09:20.000Z,206,1706.221384,494.570946
1555546160.361014,88,1160,26,18,0,0,2019-04-18T00:09:20.000Z,207,1708.209981,496.559543
1555546160.778840,88,1020,25,18,41.997226833,-93.6394185,2019-04-18T00:09:21.000Z,208,1710.079882,498.429444
1555546161.094252,88,968,25,17,0,0,2019-04-18T00:09:21.000Z,209,1711.479280,499.828842
1555546161.540734,88,966,25,17,41.997183667,-93.639351167,2019-04-18T00:09:22.000Z,210,1713.460199,501.809761
1555546161.852058,88,964,25,17,0,0,2019-04-18T00:09:22.000Z,211,1714.841459,503.191020
1555546162.212773,88,1003,25,18,0,0,2019-04-18T00:09:22.000Z,212,1716.441854,504.791416
1555546162.769617,88,1140,27,19,41.997160333,-93.639265833,2019-04-18T00:09:23.000Z,213,1719.067098,507.416660
1555546163.085024,88,1240,27,20,0,0,2019-04-18T00:09:23.000Z,214,1720.578424,508.927985
1555546163.470310,88,1294,27,20,0,0,2019-04-18T00:09:23.000Z,215,1722.424585,510.774147
1555546164.031732,88,1312,27,20,41.997160167,-93.639173667,2019-04-18T00:09:24.000Z,216,1725.114733,513.464294
1555546164.391721,88,1315,27,20,0,0,2019-04-18T00:09:24.000Z,217,1726.839680,515.189241
1555546164.850501,88,1326,27,20,41.9971755,-93.639081,2019-04-18T00:09:25.000Z,218,1729.038001,517.387562
1555546165.301091,88,1338,29,20,0,0,2019-04-18T00:09:25.000Z,219,1731.322241,519.671803
1555546165.751683,88,1355,29,20,41.9971975,-93.638986333,2019-04-18T00:09:26.000Z,220,1733.641260,521.990822
1555546166.067092,88,1358,29,20,0,0,2019-04-18T00:09:26.000Z,221,1735.264545,523.614107
1555546166.603969,88,1380,29,20,0,0,2019-04-18T00:09:26.000Z,222,1738.027640,526.377202
1555546167.091182,88,1385,31,20,41.997221,-93.638886333,2019-04-18T00:09:27.000Z,223,1740.670469,529.020031
1555546167.681026,88,1375,31,20,41.997247333,-93.638780833,2019-04-18T00:09:28.000Z,224,1743.915522,532.265083
1555546167.988676,88,1288,31,18,0,0,2019-04-18T00:09:28.000Z,225,1745.608072,533.957634
1555546168.422685,88,1248,34,18,0,0,2019-04-18T00:09:28.000Z,226,1748.176627,536.526189
1555546168.844365,88,1239,34,18,41.997276667,-93.638671667,2019-04-18T00:09:29.000Z,227,1750.721023,539.070585
1555546169.176147,88,1230,34,18,0,0,2019-04-18T00:09:29.000Z,228,1752.722980,541.072542
1555546169.753730,88,1212,36,17,41.9973055,-93.638559333,2019-04-18T00:09:30.000Z,229,1756.368528,544.718089
1555546170.061183,88,1219,36,17,0,0,2019-04-18T00:09:30.000Z,230,1758.332810,546.682372
1555546170.441898,88,1210,36,17,0,0,2019-04-18T00:09:30.000Z,231,1760.765157,549.114719
1555546170.962356,88,1198,36,17,41.9973285,-93.638442167,2019-04-18T00:09:31.000Z,232,1764.090305,552.439867
1555546171.445470,88,1216,36,17,0,0,2019-04-18T00:09:31.000Z,233,1767.176867,555.526429
1555546171.879676,88,1226,36,17,41.997344333,-93.638321167,2019-04-18T00:09:32.000Z,234,1769.950961,558.300523
1555546172.260636,88,1216,36,17,0,0,2019-04-18T00:09:32.000Z,235,1772.384872,560.734434
1555546172.727607,88,1236,38,18,41.997357833,-93.638197333,2019-04-18T00:09:33.000Z,236,1775.498011,563.847573
1555546173.043025,88,1240,37,17,0,0,2019-04-18T00:09:33.000Z,237,1777.581328,565.930889
1555546173.461869,88,1256,37,17,0,0,2019-04-18T00:09:33.000Z,238,1780.331607,568.681169
1555546174.132617,88,1242,37,17,41.997374167,-93.638071167,2019-04-18T00:09:34.000Z,239,1784.735979,573.085541
1555546174.710186,87,1254,37,17,41.997394667,-93.637944,2019-04-18T00:09:35.000Z,240,1788.528504,576.878065
1555546175.025924,87,1245,39,17,0,0,2019-04-18T00:09:35.000Z,241,1790.689457,579.039019
1555546175.451607,87,1260,39,17,0,0,2019-04-18T00:09:35.000Z,242,1793.635735,581.985297
1555546176.061960,87,1245,39,17,41.997419333,-93.637816833,2019-04-18T00:09:36.000Z,243,1797.860169,586.209731
1555546176.656147,87,1242,39,18,0,0,2019-04-18T00:09:36.000Z,244,1801.972714,590.322276
1555546177.163853,87,1205,38,18,41.9974455,-93.6376945,2019-04-18T00:09:37.000Z,245,1805.416182,593.765744
1555546177.651547,87,1157,38,17,41.9974725,-93.637584,2019-04-18T00:09:38.000Z,246,1808.705106,597.054668
1555546177.962641,87,1132,36,18,0,0,2019-04-18T00:09:38.000Z,247,1810.716656,599.066218
1555546178.282123,87,1084,34,17,0,0,2019-04-18T00:09:38.000Z,248,1812.669046,601.018608
1555546178.712227,87,1020,32,17,41.997494833,-93.637490167,2019-04-18T00:09:39.000Z,249,1815.144799,603.494361
1555546179.019449,87,977,32,17,0,0,2019-04-18T00:09:39.000Z,250,1816.889516,605.239078
1555546179.408601,87,943,31,17,0,0,2019-04-18T00:09:39.000Z,251,1819.045467,607.395029
1555546179.891945,87,886,28,17,41.9975115,-93.637412167,2019-04-18T00:09:40.000Z,252,1821.503210,609.852772
1555546180.260610,86,834,26,17,0,0,2019-04-18T00:09:40.000Z,253,1823.232751,611.582313
1555546180.686618,86,788,24,17,41.997514333,-93.637350167,2019-04-18T00:09:41.000Z,254,1825.080100,613.429662
1555546180.998134,86,794,21,17,0,0,2019-04-18T00:09:41.000Z,255,1826.277129,614.626691
1555546181.370694,86,815,21,17,0,0,2019-04-18T00:09:41.000Z,256,1827.665605,616.015167
1555546181.989228,86,1086,17,17,41.997497833,-93.637298333,2019-04-18T00:09:42.000Z,257,1829.627160,617.976722
1555546182.525852,86,1204,17,17,0,0,2019-04-18T00:09:42.000Z,258,1831.246141,619.595703
1555546183.115694,87,1141,17,17,41.997464667,-93.637261,2019-04-18T00:09:43.000Z,259,1833.025680,621.375242
1555546183.541704,87,1131,17,18,41.997428,-93.637232,2019-04-18T00:09:44.000Z,260,1834.310941,622.660503
1555546183.844834,87,1245,17,19,0,0,2019-04-18T00:09:44.000Z,261,1835.225477,623.575039
1555546184.221691,87,1616,17,20,0,0,2019-04-18T00:09:44.000Z,262,1836.362445,624.712007
1555546184.659994,87,1704,17,22,41.997388167,-93.637204167,2019-04-18T00:09:45.000Z,263,1837.684794,626.034356
1555546184.971300,87,1609,17,22,0,0,2019-04-18T00:09:45.000Z,264,1838.623997,626.973559
1555546185.585735,87,1667,19,22,0,0,2019-04-18T00:09:45.000Z,265,1840.648409,628.997971
1555546186.134635,87,1668,21,22,41.997336333,-93.637173167,2019-04-18T00:09:46.000Z,266,1842.651724,631.001286
1555546186.519683,87,1651,23,22,41.997279667,-93.637136333,2019-04-18T00:09:47.000Z,267,1844.193699,632.543260
1555546186.822806,87,1675,23,22,0,0,2019-04-18T00:09:47.000Z,268,1845.430983,633.780545
1555546187.154884,87,1674,25,22,0,0,2019-04-18T00:09:47.000Z,269,1846.878701,635.228262
1555546187.670727,87,1674,27,22,41.997217833,-93.637093333,2019-04-18T00:09:48.000Z,270,1849.310645,637.660207
1555546187.978201,87,1597,27,21,0,0,2019-04-18T00:09:48.000Z,271,1850.783958,639.133519
1555546188.326127,87,1471,27,21,0,0,2019-04-18T00:09:48.000Z,272,1852.451104,640.800666
1555546188.956951,87,1512,29,21,41.997154667,-93.637041333,2019-04-18T00:09:49.000Z,273,1855.649030,643.998592
1555546189.354364,87,1500,29,21,0,0,2019-04-18T00:09:49.000Z,274,1857.694358,646.043920
1555546190.018297,87,1508,29,21,41.997090333,-93.636979833,2019-04-18T00:09:50.000Z,275,1861.111359,649.460921
1555546190.480768,87,1475,31,21,0,0,2019-04-18T00:09:50.000Z,276,1863.619979,651.969541
1555546190.960022,87,1433,31,20,41.997028833,-93.636907,2019-04-18T00:09:51.000Z,277,1866.256615,654.606177
1555546191.381942,87,1410,31,20,0,0,2019-04-18T00:09:51.000Z,278,1868.577827,656.927389
1555546191.861193,87,1419,33,20,41.996972,-93.636823667,2019-04-18T00:09:52.000Z,279,1871.347572,659.697134
1555546192.225763,87,1422,33,20,0,0,2019-04-18T00:09:52.000Z,280,1873.482670,661.832232
1555546192.713385,88,1417,35,20,41.996920167,-93.636729667,2019-04-18T00:09:53.000Z,281,1876.473870,664.823432
1555546193.017312,88,1415,34,20,0,0,2019-04-18T00:09:53.000Z,282,1878.319476,666.669037
1555546193.622589,88,1435,34,20,0,0,2019-04-18T00:09:53.000Z,283,1881.971688,670.321249
1555546194.232935,88,1402,34,20,41.996876167,-93.636625833,2019-04-18T00:09:54.000Z,284,1885.654484,674.004046
1555546194.638638,88,1396,36,19,41.996838833,-93.6365135,2019-04-18T00:09:55.000Z,285,1888.215172,676.564734
1555546194.953867,88,1394,36,19,0,0,2019-04-18T00:09:55.000Z,286,1890.229134,678.578696
1555546195.388069,88,1398,36,19,0,0,2019-04-18T00:09:55.000Z,287,1893.003202,681.352764
1555546196.059864,88,1404,38,19,41.996811333,-93.636395167,2019-04-18T00:09:56.000Z,288,1897.481837,685.831399
1555546196.530927,88,1410,37,19,0,0,2019-04-18T00:09:56.000Z,289,1900.593178,688.942740
1555546196.948911,88,1399,37,19,41.996793667,-93.636272167,2019-04-18T00:09:57.000Z,290,1903.337811,691.687373
1555546197.337904,88,1391,36,19,0,0,2019-04-18T00:09:57.000Z,291,1905.838051,694.187613
1555546197.849922,88,1383,38,18,41.996782,-93.636146167,2019-04-18T00:09:58.000Z,292,1909.251504,697.601066
1555546198.218579,88,1318,37,18,0,0,2019-04-18T00:09:58.000Z,293,1911.686462,700.036024
1555546198.665214,88,1328,37,18,41.996778167,-93.636017667,2019-04-18T00:09:59.000Z,294,1914.619227,702.968789
1555546198.972293,88,1354,39,18,0,0,2019-04-18T00:09:59.000Z,295,1916.720917,705.070478
1555546199.369625,88,1351,38,18,0,0,2019-04-18T00:09:59.000Z,296,1919.415785,707.765347
1555546199.988170,88,1341,38,18,41.996779833,-93.635889333,2019-04-18T00:10:00.000Z,297,1923.587145,711.936707
1555546200.377307,88,1338,38,18,0,0,2019-04-18T00:10:00.000Z,298,1926.211418,714.560979
1555546200.901625,88,1341,37,18,41.996788333,-93.635760833,2019-04-18T00:10:01.000Z,299,1929.674505,718.024067
1555546201.278479,88,1343,37,18,0,0,2019-04-18T00:10:01.000Z,300,1932.149065,720.498627
1555546201.693727,88,1351,39,18,41.996800333,-93.635633667,2019-04-18T00:10:02.000Z,301,1934.991078,723.340640
1555546202.007614,88,1350,39,18,0,0,2019-04-18T00:10:02.000Z,302,1937.163582,725.513144
1555546202.470730,88,1366,39,18,0,0,2019-04-18T00:10:02.000Z,303,1940.368946,728.718508
1555546202.900596,88,1347,39,18,41.9968185,-93.635507333,2019-04-18T00:10:03.000Z,304,1943.344175,731.693737
1555546203.302446,88,1332,38,18,0,0,2019-04-18T00:10:03.000Z,305,1946.069686,734.419247
1555546203.711669,88,1330,38,18,41.996842833,-93.635383,2019-04-18T00:10:04.000Z,306,1948.829415,737.178977
1555546204.023028,88,1340,38,18,0,0,2019-04-18T00:10:04.000Z,307,1950.929166,739.278728
1555546204.567781,88,1352,37,18,0,0,2019-04-18T00:10:04.000Z,308,1954.527226,742.876788
1555546205.022464,87,1358,37,18,41.996874333,-93.635262667,2019-04-18T00:10:05.000Z,309,1957.512838,745.862400
1555546205.514248,87,1356,39,18,0,0,2019-04-18T00:10:05.000Z,310,1960.878674,749.228236
1555546205.944120,87,1343,38,18,41.996910167,-93.635146167,2019-04-18T00:10:06.000Z,311,1963.794241,752.143803
1555546206.320973,87,1354,38,18,0,0,2019-04-18T00:10:06.000Z,312,1966.335672,754.685234
1555546206.960161,87,1371,37,18,41.9969485,-93.635031333,2019-04-18T00:10:07.000Z,313,1970.557470,758.907032
1555546207.328647,87,1382,37,19,0,0,2019-04-18T00:10:07.000Z,314,1972.977081,761.326642
1555546207.873705,87,1381,38,19,41.996986,-93.634917,2019-04-18T00:10:08.000Z,315,1976.631829,764.981391
1555546208.188978,87,1375,38,19,0,0,2019-04-18T00:10:08.000Z,316,1978.757976,767.107538
1555546208.692872,87,1369,37,19,41.997022667,-93.634802667,2019-04-18T00:10:09.000Z,317,1982.086165,770.435727
1555546209.004014,87,1372,37,19,0,0,2019-04-18T00:10:09.000Z,318,1984.129235,772.478797
1555546209.630977,87,1340,37,19,0,0,2019-04-18T00:10:09.000Z,319,1988.246098,776.595660
1555546210.089520,87,1323,36,18,41.997058833,-93.6346875,2019-04-18T00:10:10.000Z,320,1991.193369,779.542931
1555546210.548300,87,1324,38,18,41.997095833,-93.634573333,2019-04-18T00:10:11.000Z,321,1994.251903,782.601465
1555546210.859615,87,1310,37,18,0,0,2019-04-18T00:10:11.000Z,322,1996.308120,784.657682
1555546211.252854,86,1290,36,18,0,0,2019-04-18T00:10:11.000Z,323,1998.835651,787.185213
1555546211.768980,87,1308,36,18,41.997135833,-93.634462667,2019-04-18T00:10:12.000Z,324,2002.133123,790.482684
1555546212.076201,86,1280,36,18,0,0,2019-04-18T00:10:12.000Z,325,2004.095923,792.445485
1555546212.613052,86,1294,36,18,0,0,2019-04-18T00:10:12.000Z,326,2007.525804,795.875366
1555546213.100274,86,1291,36,18,41.997179333,-93.634355833,2019-04-18T00:10:13.000Z,327,2010.638612,798.988174
1555546213.665544,86,1290,36,18,41.997224667,-93.634252167,2019-04-18T00:10:14.000Z,328,2014.250059,802.599621
1555546213.977643,86,1290,36,18,0,0,2019-04-18T00:10:14.000Z,329,2016.244025,804.593587
1555546214.403112,86,1275,36,18,0,0,2019-04-18T00:10:14.000Z,330,2018.962299,807.311860
1555546214.902614,86,1210,36,17,41.997274167,-93.634150333,2019-04-18T00:10:15.000Z,331,2022.153563,810.503124
1555546215.259003,86,1198,36,18,0,0,2019-04-18T00:10:15.000Z,332,2024.430491,812.780053
1555546215.734150,86,1146,35,18,41.997322333,-93.634057167,2019-04-18T00:10:16.000Z,333,2027.400160,815.749722
1555546216.045467,86,1104,35,18,0,0,2019-04-18T00:10:16.000Z,334,2029.333880,817.683442
1555546216.479669,86,1058,33,18,0,0,2019-04-18T00:10:16.000Z,335,2031.910281,820.259842
1555546217.012189,86,1010,31,18,41.997365833,-93.6339755,2019-04-18T00:10:17.000Z,336,2034.881051,823.230613
1555546217.397489,86,970,29,18,0,0,2019-04-18T00:10:17.000Z,337,2036.893769,825.243330
1555546217.974805,86,926,28,17,41.997407333,-93.633907333,2019-04-18T00:10:18.000Z,338,2039.784803,828.134365
1555546218.445881,86,857,26,17,0,0,2019-04-18T00:10:18.000Z,339,2041.994788,830.344350
1555546219.031643,86,811,24,17,41.997449667,-93.633861,2019-04-18T00:10:19.000Z,340,2044.534898,832.884460
1555546219.445354,86,809,21,17,0,0,2019-04-18T00:10:19.000Z,341,2046.124622,834.474183
1555546219.920771,86,820,19,17,41.997494167,-93.633841,2019-04-18T00:10:20.000Z,342,2047.764370,836.113931
1555546220.407975,87,814,18,17,0,0,2019-04-18T00:10:20.000Z,343,2049.339512,837.689074
1555546221.071566,87,1083,17,17,41.997531833,-93.633840333,2019-04-18T00:10:21.000Z,344,2051.367152,839.716714
1555546221.706487,87,1174,15,17,0,0,2019-04-18T00:10:21.000Z,345,2053.106326,841.455888
1555546222.222878,87,1163,13,17,41.997564833,-93.633854,2019-04-18T00:10:22.000Z,346,2054.337536,842.687098
1555546222.849340,87,1344,13,19,41.997591667,-93.633877667,2019-04-18T00:10:23.000Z,347,2055.782845,844.132407
1555546223.320430,87,1434,13,20,0,0,2019-04-18T00:10:23.000Z,348,2056.869697,845.219259
1555546223.811960,87,1182,12,19,41.997616833,-93.633910833,2019-04-18T00:10:24.000Z,349,2057.935437,846.284999
1555546224.143756,87,1214,14,20,0,0,2019-04-18T00:10:24.000Z,350,2058.734205,847.083767
1555546224.692653,87,1180,14,19,41.997646167,-93.633945667,2019-04-18T00:10:25.000Z,351,2060.097977,848.447539
1555546224.995780,87,1198,14,19,0,0,2019-04-18T00:10:25.000Z,352,2060.851117,849.200678
1555546225.401314,87,1186,14,19,0,0,2019-04-18T00:10:25.000Z,353,2061.858693,850.208255
1555546225.872378,87,1097,16,18,41.997680167,-93.633974333,2019-04-18T00:10:26.000Z,354,2063.159935,851.509497
1555546226.249236,88,1190,16,19,0,0,2019-04-18T00:10:26.000Z,355,2064.230026,852.579588
1555546226.626086,88,1232,16,19,41.997721667,-93.633987667,2019-04-18T00:10:27.000Z,356,2065.300093,853.649655
1555546226.941502,88,1233,16,18,0,0,2019-04-18T00:10:27.000Z,357,2066.195719,854.545281
1555546227.335227,88,1191,18,18,0,0,2019-04-18T00:10:27.000Z,358,2067.423072,855.772634
1555546227.854958,88,1062,18,17,41.997764833,-93.633980333,2019-04-18T00:10:28.000Z,359,2069.083324,857.432886
1555546228.305563,88,1050,17,18,0,0,2019-04-18T00:10:28.000Z,360,2070.460172,858.809734
1555546228.829876,88,1062,17,18,41.997805,-93.633957833,2019-04-18T00:10:29.000Z,361,2072.042011,860.391573
1555546229.251780,88,1108,17,19,0,0,2019-04-18T00:10:29.000Z,362,2073.314886,861.664447
1555546229.669603,88,1140,17,19,41.997843167,-93.633925167,2019-04-18T00:10:30.000Z,363,2074.575447,862.925009
1555546229.981158,88,1208,17,19,0,0,2019-04-18T00:10:30.000Z,364,2075.515401,863.864963
1555546230.501143,88,1298,16,20,0,0,2019-04-18T00:10:30.000Z,365,2077.011963,865.361524
1555546231.013176,88,1368,16,20,41.997878667,-93.633889833,2019-04-18T00:10:31.000Z,366,2078.465883,866.815445
1555546231.500757,88,1354,18,20,0,0,2019-04-18T00:10:31.000Z,367,2079.985812,868.335374
1555546231.873639,88,1355,20,20,41.997914333,-93.633848833,2019-04-18T00:10:32.000Z,368,2081.280541,869.630103
1555546232.246147,88,1361,20,20,0,0,2019-04-18T00:10:32.000Z,369,2082.602714,870.952276
1555546232.811435,88,1352,19,20,41.997953333,-93.633805333,2019-04-18T00:10:33.000Z,370,2084.530626,872.880188
1555546233.130930,88,1350,19,20,0,0,2019-04-18T00:10:33.000Z,371,2085.607935,873.957497
1555546233.810918,88,1358,21,20,41.9979955,-93.63376,2019-04-18T00:10:34.000Z,372,2088.089682,876.439244
1555546234.159927,88,1386,21,20,0,0,2019-04-18T00:10:34.000Z,373,2089.390386,877.739948
1555546234.847510,88,1419,22,20,41.9980425,-93.633713167,2019-04-18T00:10:35.000Z,374,2092.048404,880.397966
1555546235.175345,88,1438,22,19,0,0,2019-04-18T00:10:35.000Z,375,2093.328377,881.677939
1555546235.724107,88,1464,24,20,41.998096167,-93.633666167,2019-04-18T00:10:36.000Z,376,2095.623354,883.972916
1555546236.039410,88,1484,24,20,0,0,2019-04-18T00:10:36.000Z,377,2096.966312,885.315874
1555546236.453011,88,1503,26,20,0,0,2019-04-18T00:10:36.000Z,378,2098.842834,887.192396
1555546236.891294,88,1508,25,20,41.998153,-93.633620833,2019-04-18T00:10:37.000Z,379,2100.804286,889.153848
1555546237.251763,88,1505,25,19,0,0,2019-04-18T00:10:37.000Z,380,2102.403590,890.753151
1555546237.694161,88,1516,25,20,41.998212833,-93.633575333,2019-04-18T00:10:38.000Z,381,2104.366389,892.715950
1555546238.001519,88,1502,25,19,0,0,2019-04-18T00:10:38.000Z,382,2105.730053,894.079614
1555546238.468354,88,1270,27,19,0,0,2019-04-18T00:10:38.000Z,383,2107.930949,896.280511
1555546239.041828,88,1103,27,18,41.998272833,-93.633531,2019-04-18T00:10:39.000Z,384,2110.678845,899.028407
1555546239.504711,88,1028,26,18,0,0,2019-04-18T00:10:39.000Z,385,2112.832537,901.182099
1555546239.980012,87,1020,26,18,41.998334333,-93.633490333,2019-04-18T00:10:40.000Z,386,2115.025670,903.375232
1555546240.410079,87,1014,26,18,0,0,2019-04-18T00:10:40.000Z,387,2117.010084,905.359646
1555546240.873100,87,1023,26,18,41.998397833,-93.633453833,2019-04-18T00:10:41.000Z,388,2119.146555,907.496116
1555546241.233326,87,1020,26,18,0,0,2019-04-18T00:10:41.000Z,389,2120.808708,909.158270
1555546241.684128,87,1030,25,18,41.998463333,-93.633421167,2019-04-18T00:10:42.000Z,390,2122.826187,911.175748
1555546241.995226,87,1042,25,18,0,0,2019-04-18T00:10:42.000Z,391,2124.206443,912.556005
1555546242.462213,87,1066,27,18,0,0,2019-04-18T00:10:42.000Z,392,2126.408057,914.757619
1555546243.031569,87,1082,27,18,41.998532667,-93.633392833,2019-04-18T00:10:43.000Z,393,2129.136221,917.485783
1555546243.576441,87,1077,29,18,0,0,2019-04-18T00:10:43.000Z,394,2131.898420,920.247981
1555546244.113231,87,1121,28,18,41.998603,-93.633367667,2019-04-18T00:10:44.000Z,395,2134.586511,922.936073
1555546244.608633,87,1111,28,18,41.9986725,-93.633345667,2019-04-18T00:10:45.000Z,396,2137.048231,925.397793
1555546244.924161,87,1148,28,18,0,0,2019-04-18T00:10:45.000Z,397,2138.616132,926.965694
1555546245.440174,87,1146,28,18,0,0,2019-04-18T00:10:45.000Z,398,2141.180272,929.529834
1555546245.898951,87,1134,30,18,41.998744833,-93.633327167,2019-04-18T00:10:46.000Z,399,2143.587435,931.936997
1555546246.222811,87,1145,30,18,0,0,2019-04-18T00:10:46.000Z,400,2145.311689,933.661251
1555546246.832901,87,1155,30,18,41.998817833,-93.633311333,2019-04-18T00:10:47.000Z,401,2148.559853,936.909415
1555546247.168810,87,1134,30,18,0,0,2019-04-18T00:10:47.000Z,402,2150.348257,938.697819
1555546248.029008,87,1164,30,18,41.998893667,-93.633298667,2019-04-18T00:10:48.000Z,403,2154.928015,943.277577
1555546248.471396,87,1157,30,18,0,0,2019-04-18T00:10:48.000Z,404,2157.283322,945.632884
1555546249.012340,87,1155,30,18,41.998969167,-93.633289833,2019-04-18T00:10:49.000Z,405,2160.163348,948.512910
1555546249.470882,87,1140,30,18,0,0,2019-04-18T00:10:49.000Z,406,2162.604659,950.954221
1555546249.921471,87,1115,30,18,41.999044667,-93.633283833,2019-04-18T00:10:50.000Z,407,2165.003630,953.353191
1555546250.302429,87,1134,30,18,0,0,2019-04-18T00:10:50.000Z,408,2167.031877,955.381439
1555546250.695672,87,1134,30,18,41.999119833,-93.633281333,2019-04-18T00:10:51.000Z,409,2169.125533,957.475094
1555546251.003020,87,1130,30,18,0,0,2019-04-18T00:10:51.000Z,410,2170.761876,959.111438
1555546251.441183,87,1147,30,19,0,0,2019-04-18T00:10:51.000Z,411,2173.094689,961.444250
1555546251.994171,87,1116,30,18,41.999194,-93.633281667,2019-04-18T00:10:52.000Z,412,2176.038837,964.388399
1555546252.362834,87,1102,30,18,0,0,2019-04-18T00:10:52.000Z,413,2178.001626,966.351188
1555546252.817732,87,1094,30,18,41.999268333,-93.633285,2019-04-18T00:10:53.000Z,414,2180.423538,968.773099
1555546253.182081,87,1098,29,18,0,0,2019-04-18T00:10:53.000Z,415,2182.312754,970.662316
1555546253.726894,87,1089,29,18,41.999341333,-93.633291833,2019-04-18T00:10:54.000Z,416,2185.116691,973.466253
1555546254.042295,87,1071,29,18,0,0,2019-04-18T00:10:54.000Z,417,2186.739936,975.089497
1555546254.529993,87,1079,28,18,0,0,2019-04-18T00:10:54.000Z,418,2189.182189,977.531751
1555546255.062265,87,1068,28,18,41.999412333,-93.633302,2019-04-18T00:10:55.000Z,419,2191.827120,980.176682
1555546255.553813,87,1025,28,17,0,0,2019-04-18T00:10:55.000Z,420,2194.269689,982.619251
1555546256.041521,87,1013,28,17,41.999481833,-93.633317333,2019-04-18T00:10:56.000Z,421,2196.693177,985.042739
1555546256.708962,87,1011,28,17,0,0,2019-04-18T00:10:56.000Z,422,2200.009781,988.359343
1555546257.175926,87,992,27,17,41.999549167,-93.633338167,2019-04-18T00:10:57.000Z,423,2202.265333,990.614895
1555546257.728920,87,972,29,17,41.999613167,-93.633363833,2019-04-18T00:10:58.000Z,424,2205.068705,993.418267
1555546258.036152,87,958,28,17,0,0,2019-04-18T00:10:58.000Z,425,2206.607235,994.956797
1555546258.421198,87,920,26,17,0,0,2019-04-18T00:10:58.000Z,426,2208.413624,996.763186
1555546258.904791,87,909,25,17,41.999672,-93.633386833,2019-04-18T00:10:59.000Z,427,2210.577853,998.927415
1555546259.351038,87,863,24,17,0,0,2019-04-18T00:10:59.000Z,428,2212.495750,1000.845312
1555546259.891748,87,827,23,17,41.9997225,-93.633395833,2019-04-18T00:11:00.000Z,429,2214.723676,1003.073238
1555546260.223779,87,824,22,17,0,0,2019-04-18T00:11:00.000Z,430,2216.032841,1004.382403
1555546260.620882,87,820,20,17,41.999767333,-93.633385333,2019-04-18T00:11:01.000Z,431,2217.472953,1005.822515
1555546260.924003,87,828,20,17,0,0,2019-04-18T00:11:01.000Z,432,2218.548845,1006.898407
1555546261.296761,87,816,19,17,0,0,2019-04-18T00:11:01.000Z,433,2219.820134,1008.169696
1555546261.784209,87,816,18,17,41.999802833,-93.633355333,2019-04-18T00:11:02.000Z,434,2221.396065,1009.745627
1555546262.091474,87,956,18,17,0,0,2019-04-18T00:11:02.000Z,435,2222.377606,1010.727168
1555546262.570704,87,1144,17,17,0,0,2019-04-18T00:11:02.000Z,436,2223.841920,1012.191482
1555546263.140072,88,1181,16,17,41.999824667,-93.633313167,2019-04-18T00:11:03.000Z,437,2225.480611,1013.830173
1555546263.820046,88,1101,15,17,41.999838167,-93.633272167,2019-04-18T00:11:04.000Z,438,2227.316960,1015.666522
1555546264.139723,88,1051,15,17,0,0,2019-04-18T00:11:04.000Z,439,2228.167952,1016.517514
1555546264.667969,88,1003,14,17,41.999847667,-93.633236167,2019-04-18T00:11:05.000Z,440,2229.500795,1017.850357
1555546264.983382,88,996,13,17,0,0,2019-04-18T00:11:05.000Z,441,2230.240653,1018.590214
1555546265.360247,88,1014,11,17,0,0,2019-04-18T00:11:05.000Z,442,2231.005432,1019.354994
1555546265.921424,88,952,11,17,41.999855833,-93.633204333,2019-04-18T00:11:06.000Z,443,2232.100940,1020.450502
1555546266.343337,88,883,10,17,0,0,2019-04-18T00:11:06.000Z,444,2232.865983,1021.215545
1555546266.904524,88,767,8,17,41.9998605,-93.6331815,2019-04-18T00:11:07.000Z,445,2233.706032,1022.055594
1555546267.265169,88,748,7,17,0,0,2019-04-18T00:11:07.000Z,446,2234.167969,1022.517531
1555546267.699199,88,752,6,17,41.999862333,-93.633167167,2019-04-18T00:11:08.000Z,447,2234.646875,1022.996437
1555546268.006420,88,741,6,17,0,0,2019-04-18T00:11:08.000Z,448,2234.974009,1023.323571
1555546268.391468,88,734,6,17,41.999863,-93.63316,2019-04-18T00:11:09.000Z,449,2235.384014,1023.733576
1555546268.703189,88,736,5,17,0,0,2019-04-18T00:11:09.000Z,450,2235.672644,1024.022206
1555546269.010013,88,736,5,17,0,0,2019-04-18T00:11:09.000Z,451,2235.944903,1024.294465
1555546269.501804,88,732,3,17,41.999863,-93.633158167,2019-04-18T00:11:10.000Z,452,2236.244683,1024.594245
1555546269.808771,88,739,3,17,0,0,2019-04-18T00:11:10.000Z,453,2236.408115,1024.757677
1555546270.116230,88,741,3,17,0,0,2019-04-18T00:11:10.000Z,454,2236.571808,1024.921370
1555546270.759102,88,712,3,17,41.999862333,-93.633158333,2019-04-18T00:11:11.000Z,455,2236.914078,1025.263640
1555546271.070728,88,715,3,17,0,0,2019-04-18T00:11:11.000Z,456,2237.079990,1025.429552
1555546271.684901,88,706,3,17,0,0,2019-04-18T00:11:11.000Z,457,2237.406980,1025.756542
