20:42:19.822120, 20:42:19.886407, 20:42:20.081744
20:42:20.422979, 20:42:20.561268, 20:42:20.648899
20:42:20.868295, 20:42:20.926565, 20:42:20.987824
20:42:21.202542, 20:42:21.266180, 20:42:21.364530
20:42:21.572748, 20:42:21.625094, 20:42:21.680978
20:42:21.883132, 20:42:21.941102, 20:42:22.004105
20:42:22.216650, 20:42:22.273055, 20:42:22.323755
20:42:22.532410, 20:42:22.585332, 20:42:22.646779
20:42:22.856779, 20:42:22.907374, 20:42:22.958952
20:42:23.160044, 20:42:23.211421, 20:42:23.262598
20:42:23.465497, 20:42:23.516216, 20:42:23.567536
20:42:23.775653, 20:42:23.830102, 20:42:23.884619
20:42:24.090542, 20:42:24.155406, 20:42:24.207820
20:42:24.414697, 20:42:24.474919, 20:42:24.526022
20:42:24.728569, 20:42:24.782034, 20:42:24.832783
20:42:25.036206, 20:42:25.086894, 20:42:25.138699
20:42:25.344578, 20:42:25.396944, 20:42:25.451247
20:42:25.656132, 20:42:25.709055, 20:42:25.764561
20:42:25.966805, 20:42:26.022294, 20:42:26.089072
20:42:26.294727, 20:42:26.345444, 20:42:26.399234
20:42:26.605487, 20:42:26.656399, 20:42:26.707439
20:42:26.908977, 20:42:26.959745, 20:42:27.011225
20:42:27.212561, 20:42:27.267699, 20:42:27.320954
20:42:27.524573, 20:42:27.575308, 20:42:27.626166
20:42:27.827399, 20:42:27.878144, 20:42:27.928841
20:42:28.131604, 20:42:28.182317, 20:42:28.234905
20:42:28.440622, 20:42:28.508478, 20:42:28.561343
20:42:28.785911, 20:42:28.844439, 20:42:28.905347
20:42:29.108932, 20:42:29.169835, 20:42:29.242262
20:42:29.468322, 20:42:29.532739, 20:42:29.583503
20:42:29.787368, 20:42:29.838140, 20:42:29.890054
20:42:30.091443, 20:42:30.142183, 20:42:30.197960
20:42:30.402379, 20:42:30.462283, 20:42:30.522518
20:42:30.727199, 20:42:30.780081, 20:42:30.842858
20:42:31.050475, 20:42:31.124039, 20:42:31.182967
20:42:31.388763, 20:42:31.440226, 20:42:31.500164
20:42:31.701407, 20:42:31.756645, 20:42:31.817813
20:42:32.019576, 20:42:32.071767, 20:42:32.124269
20:42:32.330342, 20:42:32.383313, 20:42:32.443254
20:42:32.645532, 20:42:32.700394, 20:42:32.751405
20:42:32.955372, 20:42:33.019061, 20:42:33.073982
20:42:33.281121, 20:42:33.352184, 20:42:33.402913
20:42:33.605428, 20:42:33.668914, 20:42:33.720645
20:42:33.940339, 20:42:33.992932, 20:42:34.043638
20:42:34.257760, 20:42:34.320288, 20:42:34.370891
20:42:34.579860, 20:42:34.631811, 20:42:34.684686
20:42:34.906519, 20:42:34.960689, 20:42:35.026859
20:42:35.237537, 20:42:35.295150, 20:42:35.346987
20:42:35.558429, 20:42:35.609108, 20:42:35.680497
20:42:35.894716, 20:42:35.945429, 20:42:36.000024
20:42:36.214544, 20:42:36.270124, 20:42:36.321431
20:42:36.533955, 20:42:36.585054, 20:42:36.644415
20:42:36.863775, 20:42:36.914447, 20:42:37.037745
20:42:37.249110, 20:42:37.308850, 20:42:37.366310
20:42:37.604921, 20:42:37.659194, 20:42:37.709903
20:42:37.939901, 20:42:38.003769, 20:42:38.059142
20:42:38.297325, 20:42:38.347967, 20:42:38.398597
20:42:38.630317, 20:42:38.681016, 20:42:38.760250
20:42:38.972754, 20:42:39.023609, 20:42:39.091711
20:42:39.293516, 20:42:39.349471, 20:42:39.405368
20:42:39.633763, 20:42:39.684586, 20:42:39.735250
20:42:39.952643, 20:42:40.003537, 20:42:40.054233
20:42:40.271118, 20:42:40.340134, 20:42:40.419294
20:42:40.620259, 20:42:40.680943, 20:42:40.747203
20:42:40.961314, 20:42:41.015527, 20:42:41.068979
20:42:41.270042, 20:42:41.324754, 20:42:41.387599
20:42:41.596261, 20:42:41.648830, 20:42:41.719598
20:42:41.922745, 20:42:41.978767, 20:42:42.038103
20:42:42.255727, 20:42:42.306694, 20:42:42.368469
20:42:42.589009, 20:42:42.644787, 20:42:42.695457
20:42:42.921529, 20:42:42.975511, 20:42:43.031367
20:42:43.254674, 20:42:43.315229, 20:42:43.369898
20:42:43.577807, 20:42:43.632096, 20:42:43.684791
20:42:43.887262, 20:42:43.937925, 20:42:43.988406
20:42:44.189790, 20:42:44.243589, 20:42:44.295877
20:42:44.496987, 20:42:44.549012, 20:42:44.599637
20:42:44.803075, 20:42:44.855566, 20:42:44.912090
20:42:45.115224, 20:42:45.169709, 20:42:45.220262
20:42:45.423339, 20:42:45.474058, 20:42:45.524750
20:42:45.725754, 20:42:45.777451, 20:42:45.828094
20:42:46.030542, 20:42:46.081330, 20:42:46.133571
20:42:46.335167, 20:42:46.387813, 20:42:46.438901
20:42:46.640313, 20:42:46.694209, 20:42:46.744908
20:42:46.945996, 20:42:46.997070, 20:42:47.048654
20:42:47.249715, 20:42:47.302112, 20:42:47.353047
20:42:47.556648, 20:42:47.608211, 20:42:47.659820
20:42:47.861572, 20:42:47.912289, 20:42:47.965638
20:42:48.169976, 20:42:48.220703, 20:42:48.272012
20:42:48.473400, 20:42:48.525360, 20:42:48.576015
20:42:48.778101, 20:42:48.832250, 20:42:48.883047
20:42:49.084690, 20:42:49.135459, 20:42:49.187135
20:42:49.388121, 20:42:49.439432, 20:42:49.490991
20:42:49.694917, 20:42:49.746952, 20:42:49.797648
20:42:50.002003, 20:42:50.053038, 20:42:50.103880
20:42:50.306388, 20:42:50.357468, 20:42:50.409357
20:42:50.610792, 20:42:50.662022, 20:42:50.714837
20:42:50.923462, 20:42:50.985456, 20:42:51.045092
20:42:51.249420, 20:42:51.300321, 20:42:51.350999
20:42:51.560824, 20:42:51.611719, 20:42:51.667951
20:42:51.872692, 20:42:51.923322, 20:42:51.985417
20:42:52.189356, 20:42:52.240318, 20:42:52.292050
20:42:52.496833, 20:42:52.556202, 20:42:52.627248
20:42:52.828769, 20:42:52.888108, 20:42:52.938830
20:42:53.146430, 20:42:53.198245, 20:42:53.249434
20:42:53.454229, 20:42:53.504950, 20:42:53.560243
20:42:53.763473, 20:42:53.816220, 20:42:53.869225
20:42:54.075637, 20:42:54.129425, 20:42:54.182108
20:42:54.383663, 20:42:54.435904, 20:42:54.490411
20:42:54.695176, 20:42:54.753439, 20:42:54.804278
20:42:55.014507, 20:42:55.070275, 20:42:55.123900
20:42:55.332659, 20:42:55.386607, 20:42:55.452994
20:42:55.664686, 20:42:55.718914, 20:42:55.769812
20:42:55.973973, 20:42:56.024711, 20:42:56.079299
20:42:56.284436, 20:42:56.344557, 20:42:56.419902
20:42:56.628627, 20:42:56.682086, 20:42:56.743032
20:42:56.952239, 20:42:57.007205, 20:42:57.061138
20:42:57.262971, 20:42:57.320316, 20:42:57.371021
20:42:57.579903, 20:42:57.633687, 20:42:57.686025
20:42:57.892528, 20:42:57.947068, 20:42:58.001003
20:42:58.205283, 20:42:58.260333, 20:42:58.314456
20:42:58.524979, 20:42:58.588481, 20:42:58.639204
20:42:58.863067, 20:42:58.929170, 20:42:58.982647
20:42:59.194081, 20:42:59.253668, 20:42:59.309915
20:42:59.516608, 20:42:59.567471, 20:42:59.621786
20:42:59.825912, 20:42:59.882047, 20:42:59.932951
20:43:00.144106, 20:43:00.199311, 20:43:00.250690
20:43:00.458655, 20:43:00.516029, 20:43:00.566915
20:43:00.784682, 20:43:00.837578, 20:43:00.888267
20:43:01.090185, 20:43:01.156398, 20:43:01.209910
20:43:01.411369, 20:43:01.464014, 20:43:01.523767
20:43:01.728080, 20:43:01.779032, 20:43:01.837271
20:43:02.069251, 20:43:02.130852, 20:43:02.201484
20:43:02.409182, 20:43:02.469789, 20:43:02.523218
20:43:02.729167, 20:43:02.782590, 20:43:02.843364
20:43:03.049904, 20:43:03.109218, 20:43:03.162117
20:43:03.368341, 20:43:03.427772, 20:43:03.487421
20:43:03.695385, 20:43:03.763583, 20:43:03.820119
20:43:04.034398, 20:43:04.089996, 20:43:04.144053
20:43:04.360800, 20:43:04.415406, 20:43:04.469786
20:43:04.697532, 20:43:04.752687, 20:43:04.804032
20:43:05.017163, 20:43:05.068935, 20:43:05.128240
20:43:05.329738, 20:43:05.381053, 20:43:05.431750
20:43:05.637538, 20:43:05.691157, 20:43:05.751150
20:43:05.960584, 20:43:06.016584, 20:43:06.067295
20:43:06.285595, 20:43:06.361906, 20:43:06.420289
20:43:06.643104, 20:43:06.697805, 20:43:06.750240
20:43:06.956169, 20:43:07.010492, 20:43:07.064610
20:43:07.269701, 20:43:07.320431, 20:43:07.371175
20:43:07.573148, 20:43:07.624553, 20:43:07.684510
20:43:07.891511, 20:43:07.946577, 20:43:07.997230
20:43:08.200184, 20:43:08.259769, 20:43:08.315916
20:43:08.531678, 20:43:08.582470, 20:43:08.641464
20:43:08.865582, 20:43:08.946072, 20:43:08.996736
20:43:09.256414, 20:43:09.322108, 20:43:09.380660
20:43:09.608631, 20:43:09.669277, 20:43:09.767629
20:43:09.968728, 20:43:10.019685, 20:43:10.074106
20:43:10.276687, 20:43:10.328850, 20:43:10.379757
20:43:10.582568, 20:43:10.633728, 20:43:10.684837
20:43:10.885683, 20:43:10.937290, 20:43:10.988270
20:43:11.190343, 20:43:11.241092, 20:43:11.293212
20:43:11.494546, 20:43:11.546552, 20:43:11.597253
20:43:11.800717, 20:43:11.852714, 20:43:11.903357
20:43:12.124391, 20:43:12.176314, 20:43:12.227410
20:43:12.435764, 20:43:12.496245, 20:43:12.547728
20:43:12.766500, 20:43:12.817170, 20:43:12.872843
20:43:13.085625, 20:43:13.147205, 20:43:13.212465
20:43:13.428326, 20:43:13.478952, 20:43:13.529599
20:43:13.753689, 20:43:13.809276, 20:43:13.878591
20:43:14.094294, 20:43:14.176310, 20:43:14.227050
20:43:14.449899, 20:43:14.523847, 20:43:14.613954
20:43:14.834063, 20:43:14.897682, 20:43:14.959899
20:43:15.171962, 20:43:15.222419, 20:43:15.273793
20:43:15.490181, 20:43:15.555225, 20:43:15.611307
20:43:15.815097, 20:43:15.892688, 20:43:15.956802
20:43:16.166205, 20:43:16.216928, 20:43:16.269908
20:43:16.496750, 20:43:16.557071, 20:43:16.618167
20:43:16.820912, 20:43:16.905485, 20:43:16.972329
20:43:17.181002, 20:43:17.231815, 20:43:17.282479
20:43:17.499696, 20:43:17.550464, 20:43:17.607705
20:43:17.819189, 20:43:17.873665, 20:43:17.946041
20:43:18.159775, 20:43:18.211766, 20:43:18.271264
20:43:18.514970, 20:43:18.570554, 20:43:18.627894
20:43:18.833794, 20:43:18.884477, 20:43:18.935119
20:43:19.170345, 20:43:19.221025, 20:43:19.289619
20:43:19.516373, 20:43:19.572686, 20:43:19.627815
20:43:19.847165, 20:43:19.897940, 20:43:19.948615
20:43:20.200330, 20:43:20.251636, 20:43:20.309919
20:43:20.532309, 20:43:20.606072, 20:43:20.668198
20:43:20.895673, 20:43:20.952407, 20:43:21.006024
20:43:21.223684, 20:43:21.284716, 20:43:21.409207
20:43:21.613058, 20:43:21.669966, 20:43:21.725377
20:43:21.987927, 20:43:22.047651, 20:43:22.103179
20:43:22.328863, 20:43:22.397406, 20:43:22.457288
20:43:22.710814, 20:43:22.775902, 20:43:22.836989
20:43:23.063223, 20:43:23.127598, 20:43:23.182549
20:43:23.390351, 20:43:23.449901, 20:43:23.501330
20:43:23.702286, 20:43:23.762790, 20:43:23.851886
20:43:24.059269, 20:43:24.110093, 20:43:24.167750
20:43:24.378249, 20:43:24.446872, 20:43:24.522925
20:43:24.769801, 20:43:24.832722, 20:43:24.892295
20:43:25.095653, 20:43:25.146395, 20:43:25.197035
20:43:25.408686, 20:43:25.475163, 20:43:25.542510
20:43:25.762516, 20:43:25.851247, 20:43:25.903326
20:43:26.106581, 20:43:26.171380, 20:43:26.228679
20:43:26.443674, 20:43:26.498334, 20:43:26.579196
20:43:26.819898, 20:43:26.872318, 20:43:26.922962
20:43:27.130386, 20:43:27.181137, 20:43:27.242847
20:43:27.458640, 20:43:27.509265, 20:43:27.566410
20:43:27.774791, 20:43:27.838080, 20:43:27.890281
20:43:28.091382, 20:43:28.142150, 20:43:28.207593
20:43:28.425460, 20:43:28.479903, 20:43:28.541591
20:43:28.759037, 20:43:28.813445, 20:43:28.869567
20:43:29.076029, 20:43:29.127407, 20:43:29.186142
20:43:29.432966, 20:43:29.483579, 20:43:29.534229
20:43:29.746763, 20:43:29.807781, 20:43:29.858653
20:43:30.062781, 20:43:30.114776, 20:43:30.166007
20:43:30.375147, 20:43:30.427670, 20:43:30.485873
20:43:30.687263, 20:43:30.739521, 20:43:30.791383
20:43:30.999480, 20:43:31.050299, 20:43:31.102683
20:43:31.305624, 20:43:31.356352, 20:43:31.409137
20:43:31.617879, 20:43:31.674964, 20:43:31.727630
20:43:31.928749, 20:43:31.984011, 20:43:32.034857
20:43:32.240997, 20:43:32.294482, 20:43:32.350966
20:43:32.553841, 20:43:32.606242, 20:43:32.658503
20:43:32.862099, 20:43:32.913350, 20:43:32.965223
20:43:33.172211, 20:43:33.223596, 20:43:33.275474
20:43:33.477609, 20:43:33.528367, 20:43:33.581526
20:43:33.783458, 20:43:33.835633, 20:43:33.887860
20:43:34.092216, 20:43:34.149475, 20:43:34.200256
20:43:34.405469, 20:43:34.456585, 20:43:34.508475
20:43:34.710843, 20:43:34.764664, 20:43:34.816472
20:43:35.020858, 20:43:35.078191, 20:43:35.136599
20:43:35.341466, 20:43:35.393499, 20:43:35.446451
20:43:35.664091, 20:43:35.715575, 20:43:35.768953
20:43:35.972830, 20:43:36.026398, 20:43:36.081097
20:43:36.282960, 20:43:36.334697, 20:43:36.385757
20:43:36.590705, 20:43:36.642383, 20:43:36.693653
20:43:36.903447, 20:43:36.954825, 20:43:37.005807
20:43:37.209463, 20:43:37.260186, 20:43:37.312423
20:43:37.516825, 20:43:37.568581, 20:43:37.620461
20:43:37.824189, 20:43:37.882005, 20:43:37.932939
20:43:38.135250, 20:43:38.189419, 20:43:38.242303
20:43:38.445553, 20:43:38.497073, 20:43:38.548119
20:43:38.751035, 20:43:38.803834, 20:43:38.857033
20:43:39.076429, 20:43:39.131551, 20:43:39.183474
20:43:39.389418, 20:43:39.442926, 20:43:39.494243
20:43:39.697105, 20:43:39.748783, 20:43:39.799544
20:43:40.001543, 20:43:40.052839, 20:43:40.105392
20:43:40.307400, 20:43:40.362151, 20:43:40.413287
20:43:40.617154, 20:43:40.673279, 20:43:40.724266
20:43:40.925805, 20:43:40.976873, 20:43:41.027625
20:43:41.237521, 20:43:41.294146, 20:43:41.345533
20:43:41.546965, 20:43:41.602891, 20:43:41.653895
20:43:41.858382, 20:43:41.910495, 20:43:41.964003
20:43:42.165207, 20:43:42.217106, 20:43:42.267857
20:43:42.468981, 20:43:42.520804, 20:43:42.571517
20:43:42.775095, 20:43:42.827387, 20:43:42.879748
20:43:43.083095, 20:43:43.135248, 20:43:43.189367
20:43:43.393805, 20:43:43.451976, 20:43:43.502742
20:43:43.708832, 20:43:43.761500, 20:43:43.816626
20:43:44.025230, 20:43:44.077419, 20:43:44.130474
20:43:44.335717, 20:43:44.386795, 20:43:44.438360
20:43:44.641479, 20:43:44.695393, 20:43:44.746154
20:43:44.955002, 20:43:45.009341, 20:43:45.062469
20:43:45.263776, 20:43:45.314579, 20:43:45.365363
20:43:45.567983, 20:43:45.619465, 20:43:45.673716
20:43:45.877849, 20:43:45.929706, 20:43:45.990449
20:43:46.194986, 20:43:46.245724, 20:43:46.296452
20:43:46.498197, 20:43:46.549318, 20:43:46.600280
20:43:46.805312, 20:43:46.856131, 20:43:46.912073
20:43:47.117835, 20:43:47.169925, 20:43:47.221466
20:43:47.424667, 20:43:47.475800, 20:43:47.528342
20:43:47.729756, 20:43:47.782819, 20:43:47.834301
20:43:48.044167, 20:43:48.096925, 20:43:48.150942
20:43:48.356985, 20:43:48.417713, 20:43:48.469301
20:43:48.671181, 20:43:48.735436, 20:43:48.786208
20:43:48.992270, 20:43:49.043035, 20:43:49.093936
20:43:49.295844, 20:43:49.346693, 20:43:49.408295
20:43:49.614293, 20:43:49.665795, 20:43:49.716678
20:43:49.917694, 20:43:49.968531, 20:43:50.019461
20:43:50.224284, 20:43:50.278782, 20:43:50.331041
20:43:50.533801, 20:43:50.586116, 20:43:50.639058
20:43:50.842821, 20:43:50.894545, 20:43:50.946145
20:43:51.152627, 20:43:51.206281, 20:43:51.260147
20:43:51.466260, 20:43:51.518131, 20:43:51.571402
20:43:51.773086, 20:43:51.825382, 20:43:51.881263
20:43:52.091251, 20:43:52.142266, 20:43:52.199637
20:43:52.402898, 20:43:52.454650, 20:43:52.508271
20:43:52.711089, 20:43:52.762797, 20:43:52.813687
20:43:53.017790, 20:43:53.073592, 20:43:53.126705
20:43:53.332248, 20:43:53.384132, 20:43:53.441245
20:43:53.645111, 20:43:53.698239, 20:43:53.749135
20:43:53.956584, 20:43:54.019365, 20:43:54.072952
20:43:54.276231, 20:43:54.327383, 20:43:54.378247
20:43:54.581993, 20:43:54.634236, 20:43:54.685598
20:43:54.888712, 20:43:54.939766, 20:43:54.992110
20:43:55.196104, 20:43:55.248982, 20:43:55.301477
20:43:55.504751, 20:43:55.555699, 20:43:55.606479
20:43:55.807736, 20:43:55.860338, 20:43:55.913205
20:43:56.114725, 20:43:56.167481, 20:43:56.220702
20:43:56.431554, 20:43:56.485575, 20:43:56.536681
20:43:56.746642, 20:43:56.801205, 20:43:56.853214
20:43:57.055712, 20:43:57.107637, 20:43:57.159224
20:43:57.361349, 20:43:57.414315, 20:43:57.470318
20:43:57.672614, 20:43:57.725074, 20:43:57.775967
20:43:57.978816, 20:43:58.031190, 20:43:58.082323
20:43:58.284845, 20:43:58.335832, 20:43:58.387213
20:43:58.588732, 20:43:58.643570, 20:43:58.694602
20:43:58.898215, 20:43:58.949990, 20:43:59.005314
20:43:59.208938, 20:43:59.260572, 20:43:59.311990
20:43:59.515057, 20:43:59.566792, 20:43:59.620179
20:43:59.828931, 20:43:59.881102, 20:43:59.931997
20:44:00.133676, 20:44:00.186918, 20:44:00.238042
20:44:00.441282, 20:44:00.493167, 20:44:00.545538
20:44:00.746603, 20:44:00.799288, 20:44:00.850169
20:44:01.061351, 20:44:01.115687, 20:44:01.167166
20:44:01.377286, 20:44:01.433640, 20:44:01.488288
20:44:01.689796, 20:44:01.743590, 20:44:01.801152
20:44:02.003282, 20:44:02.057154, 20:44:02.108425
20:44:02.311015, 20:44:02.361715, 20:44:02.412367
20:44:02.613632, 20:44:02.665524, 20:44:02.719396
20:44:02.930911, 20:44:02.982116, 20:44:03.034259
20:44:03.237502, 20:44:03.292253, 20:44:03.343130
20:44:03.547475, 20:44:03.598635, 20:44:03.656382
20:44:03.865606, 20:44:03.918121, 20:44:03.969909
20:44:04.171127, 20:44:04.224257, 20:44:04.275055
20:44:04.487171, 20:44:04.539369, 20:44:04.595122
20:44:04.804977, 20:44:04.857287, 20:44:04.909728
20:44:05.123403, 20:44:05.176490, 20:44:05.227241
20:44:05.430117, 20:44:05.481262, 20:44:05.533866
20:44:05.738096, 20:44:05.789799, 20:44:05.844505
20:44:06.046353, 20:44:06.097605, 20:44:06.149502
20:44:06.353716, 20:44:06.405479, 20:44:06.457018
20:44:06.659819, 20:44:06.716089, 20:44:06.768485
20:44:06.984206, 20:44:07.038081, 20:44:07.089189
20:44:07.291199, 20:44:07.348584, 20:44:07.400200
20:44:07.601209, 20:44:07.653076, 20:44:07.706066
20:44:07.917934, 20:44:07.969815, 20:44:08.022443
20:44:08.231956, 20:44:08.284200, 20:44:08.334934
20:44:08.539220, 20:44:08.591954, 20:44:08.645061
20:44:08.849591, 20:44:08.900696, 20:44:08.953318
20:44:09.157575, 20:44:09.210539, 20:44:09.262055
20:44:09.464613, 20:44:09.515724, 20:44:09.566592
20:44:09.767951, 20:44:09.820280, 20:44:09.871192
20:44:10.073776, 20:44:10.130230, 20:44:10.181112
20:44:10.382478, 20:44:10.434561, 20:44:10.489046
20:44:10.693486, 20:44:10.748034, 20:44:10.799174
20:44:11.002068, 20:44:11.056783, 20:44:11.110048
20:44:11.311094, 20:44:11.367731, 20:44:11.418798
20:44:11.623009, 20:44:11.674963, 20:44:11.726158
20:44:11.928688, 20:44:11.979379, 20:44:12.030162
20:44:12.232205, 20:44:12.284405, 20:44:12.337093
20:44:12.541832, 20:44:12.598013, 20:44:12.652038
20:44:12.858278, 20:44:12.910019, 20:44:12.960933
20:44:13.165536, 20:44:13.217404, 20:44:13.269138
20:44:13.471953, 20:44:13.524000, 20:44:13.574874
20:44:13.779383, 20:44:13.832507, 20:44:13.886413
20:44:14.089602, 20:44:14.141483, 20:44:14.193274
20:44:14.394910, 20:44:14.447270, 20:44:14.498391
20:44:14.703391, 20:44:14.754012, 20:44:14.807341
20:44:15.012501, 20:44:15.063554, 20:44:15.114427
20:44:15.326253, 20:44:15.377889, 20:44:15.428662
20:44:15.632338, 20:44:15.682985, 20:44:15.733595
20:44:15.937612, 20:44:15.989862, 20:44:16.041487
20:44:16.246481, 20:44:16.300115, 20:44:16.351729
20:44:16.553379, 20:44:16.604144, 20:44:16.655592
20:44:16.857365, 20:44:16.908046, 20:44:16.960097
20:44:17.161719, 20:44:17.212661, 20:44:17.263414
20:44:17.464460, 20:44:17.520209, 20:44:17.572082
20:44:17.777086, 20:44:17.829374, 20:44:17.880188
20:44:18.082956, 20:44:18.134088, 20:44:18.185609
20:44:18.388952, 20:44:18.441329, 20:44:18.492361
20:44:18.697946, 20:44:18.749377, 20:44:18.804802
20:44:19.007188, 20:44:19.057939, 20:44:19.108952
20:44:19.311585, 20:44:19.368354, 20:44:19.419255
20:44:19.620308, 20:44:19.672460, 20:44:19.723208
20:44:19.930086, 20:44:19.981591, 20:44:20.035938
20:44:20.238410, 20:44:20.293934, 20:44:20.344943
20:44:20.548202, 20:44:20.599311, 20:44:20.650318
20:44:20.852949, 20:44:20.905542, 20:44:20.956264
20:44:21.161177, 20:44:21.214052, 20:44:21.264797
20:44:21.467411, 20:44:21.520917, 20:44:21.572820
20:44:21.779134, 20:44:21.830068, 20:44:21.883528
20:44:22.094911, 20:44:22.146334, 20:44:22.197082
20:44:22.406391, 20:44:22.459285, 20:44:22.510037
20:44:22.719418, 20:44:22.770676, 20:44:22.822026
20:44:23.023575, 20:44:23.075224, 20:44:23.126416
20:44:23.329448, 20:44:23.381345, 20:44:23.433832
20:44:23.640896, 20:44:23.696591, 20:44:23.752384
20:44:23.954179, 20:44:24.005410, 20:44:24.057885
20:44:24.263135, 20:44:24.315771, 20:44:24.368207
20:44:24.569735, 20:44:24.622679, 20:44:24.676143
20:44:24.877687, 20:44:24.929248, 20:44:24.980025
20:44:25.182514, 20:44:25.233760, 20:44:25.284916
20:44:25.486880, 20:44:25.537930, 20:44:25.589912
20:44:25.793614, 20:44:25.844352, 20:44:25.895149
20:44:26.096749, 20:44:26.148735, 20:44:26.200104
20:44:26.406266, 20:44:26.458857, 20:44:26.510481
20:44:26.712578, 20:44:26.763598, 20:44:26.815582
20:44:27.016487, 20:44:27.075846, 20:44:27.127859
20:44:27.329842, 20:44:27.383124, 20:44:27.436974
20:44:27.641576, 20:44:27.697606, 20:44:27.749980
20:44:27.955110, 20:44:28.008598, 20:44:28.074215
20:44:28.279482, 20:44:28.331849, 20:44:28.383477
20:44:28.589955, 20:44:28.640972, 20:44:28.693489
20:44:28.900589, 20:44:28.953967, 20:44:29.006976
20:44:29.211250, 20:44:29.262203, 20:44:29.316209
20:44:29.518981, 20:44:29.569710, 20:44:29.621326
20:44:29.828621, 20:44:29.882950, 20:44:29.934084
20:44:30.135221, 20:44:30.186636, 20:44:30.239320
20:44:30.443201, 20:44:30.494806, 20:44:30.548813
20:44:30.750367, 20:44:30.801182, 20:44:30.853071
20:44:31.055694, 20:44:31.106595, 20:44:31.157567
20:44:31.360264, 20:44:31.411052, 20:44:31.466047
20:44:31.669252, 20:44:31.720915, 20:44:31.771661
20:44:31.972788, 20:44:32.024785, 20:44:32.078930
20:44:32.283499, 20:44:32.334431, 20:44:32.386516
20:44:32.592909, 20:44:32.645545, 20:44:32.698441
20:44:32.899636, 20:44:32.950910, 20:44:33.001595
20:44:33.202728, 20:44:33.254063, 20:44:33.305902
20:44:33.511628, 20:44:33.562774, 20:44:33.618401
20:44:33.820525, 20:44:33.875762, 20:44:33.928516
20:44:34.137027, 20:44:34.191231, 20:44:34.241949
20:44:34.453469, 20:44:34.504525, 20:44:34.555649
20:44:34.758397, 20:44:34.809133, 20:44:34.862754
20:44:35.065222, 20:44:35.124447, 20:44:35.175189
20:44:35.389746, 20:44:35.442065, 20:44:35.493883
20:44:35.702524, 20:44:35.753266, 20:44:35.805017
20:44:36.009738, 20:44:36.063868, 20:44:36.121763
20:44:36.324398, 20:44:36.375161, 20:44:36.426125
20:44:36.630693, 20:44:36.681420, 20:44:36.732261
20:44:36.935411, 20:44:36.987234, 20:44:37.039973
20:44:37.243425, 20:44:37.296727, 20:44:37.347850
20:44:37.549086, 20:44:37.602488, 20:44:37.656247
20:44:37.860849, 20:44:37.913606, 20:44:37.967491
20:44:38.172849, 20:44:38.227846, 20:44:38.280027
20:44:38.482265, 20:44:38.535361, 20:44:38.587948
20:44:38.788947, 20:44:38.842342, 20:44:38.895598
20:44:39.106727, 20:44:39.158121, 20:44:39.211829
20:44:39.414023, 20:44:39.465942, 20:44:39.517195
20:44:39.721238, 20:44:39.772661, 20:44:39.823595
20:44:40.025106, 20:44:40.078066, 20:44:40.131706
20:44:40.334059, 20:44:40.389826, 20:44:40.440695
20:44:40.650587, 20:44:40.703698, 20:44:40.759204
20:44:40.963372, 20:44:41.014205, 20:44:41.074695
20:44:41.277203, 20:44:41.328207, 20:44:41.380235
20:44:41.583575, 20:44:41.635089, 20:44:41.685719
20:44:41.891001, 20:44:41.944687, 20:44:41.995906
20:44:42.196826, 20:44:42.247716, 20:44:42.299674
20:44:42.503299, 20:44:42.554441, 20:44:42.607272
20:44:42.816791, 20:44:42.870543, 20:44:42.922059
20:44:43.124257, 20:44:43.175670, 20:44:43.227797
20:44:43.434667, 20:44:43.487541, 20:44:43.541174
20:44:43.751648, 20:44:43.803541, 20:44:43.856162
20:44:44.059281, 20:44:44.110772, 20:44:44.163245
20:44:44.369797, 20:44:44.420803, 20:44:44.472772
20:44:44.674145, 20:44:44.727647, 20:44:44.779998
20:44:44.981098, 20:44:45.032110, 20:44:45.082864
20:44:45.285141, 20:44:45.342523, 20:44:45.394773
20:44:45.596009, 20:44:45.647261, 20:44:45.699038
20:44:45.901630, 20:44:45.954770, 20:44:46.006639
20:44:46.209388, 20:44:46.263011, 20:44:46.317488
20:44:46.519253, 20:44:46.570445, 20:44:46.622236
20:44:46.824080, 20:44:46.875742, 20:44:46.926776
20:44:47.129100, 20:44:47.184367, 20:44:47.236041
20:44:47.438631, 20:44:47.493477, 20:44:47.545158
20:44:47.749743, 20:44:47.801294, 20:44:47.852936
20:44:48.057493, 20:44:48.116292, 20:44:48.168009
20:44:48.370298, 20:44:48.425006, 20:44:48.480834
20:44:48.685645, 20:44:48.741312, 20:44:48.792848
20:44:48.997422, 20:44:49.048947, 20:44:49.099657
20:44:49.326711, 20:44:49.378453, 20:44:49.437335
20:44:49.642217, 20:44:49.694583, 20:44:49.745585
20:44:49.953455, 20:44:50.006469, 20:44:50.057346
20:44:50.260143, 20:44:50.310892, 20:44:50.362209
20:44:50.566582, 20:44:50.620992, 20:44:50.672572
20:44:50.881395, 20:44:50.933321, 20:44:50.985452
20:44:51.186545, 20:44:51.237334, 20:44:51.294572
20:44:51.497024, 20:44:51.547873, 20:44:51.601201
20:44:51.802557, 20:44:51.853579, 20:44:51.907912
20:44:52.108994, 20:44:52.159792, 20:44:52.210577
20:44:52.416036, 20:44:52.467564, 20:44:52.518296
20:44:52.721821, 20:44:52.774541, 20:44:52.825873
20:44:53.027676, 20:44:53.080051, 20:44:53.131575
20:44:53.335067, 20:44:53.386067, 20:44:53.438411
20:44:53.646664, 20:44:53.699796, 20:44:53.751177
20:44:53.953536, 20:44:54.008409, 20:44:54.061538
20:44:54.264010, 20:44:54.314816, 20:44:54.369650
20:44:54.573364, 20:44:54.629540, 20:44:54.682535
20:44:54.884651, 20:44:54.938161, 20:44:54.989283
20:44:55.192514, 20:44:55.245047, 20:44:55.299525
20:44:55.501530, 20:44:55.553679, 20:44:55.610119
20:44:55.815879, 20:44:55.867543, 20:44:55.920639
20:44:56.124154, 20:44:56.175100, 20:44:56.226943
20:44:56.428342, 20:44:56.482903, 20:44:56.534632
20:44:56.735711, 20:44:56.787196, 20:44:56.838269
20:44:57.040982, 20:44:57.092141, 20:44:57.144503
20:44:57.346997, 20:44:57.398016, 20:44:57.450875
20:44:57.652847, 20:44:57.704634, 20:44:57.757975
20:44:57.962249, 20:44:58.013549, 20:44:58.064263
20:44:58.268688, 20:44:58.320231, 20:44:58.372616
20:44:58.576744, 20:44:58.629360, 20:44:58.680242
20:44:58.882871, 20:44:58.934496, 20:44:58.986619
20:44:59.189772, 20:44:59.241602, 20:44:59.296319
20:44:59.498160, 20:44:59.552234, 20:44:59.605074
20:44:59.806412, 20:44:59.864423, 20:44:59.915903
20:45:00.123202, 20:45:00.176464, 20:45:00.231253
20:45:00.435771, 20:45:00.486495, 20:45:00.538764
20:45:00.742585, 20:45:00.794450, 20:45:00.846635
20:45:01.047839, 20:45:01.099908, 20:45:01.152342
20:45:01.355110, 20:45:01.406606, 20:45:01.457870
20:45:01.660872, 20:45:01.714571, 20:45:01.765956
20:45:01.967847, 20:45:02.020958, 20:45:02.077448
20:45:02.279560, 20:45:02.332814, 20:45:02.383800
20:45:02.586280, 20:45:02.637863, 20:45:02.689205
20:45:02.890688, 20:45:02.941821, 20:45:02.995697
20:45:03.198456, 20:45:03.251063, 20:45:03.301908
20:45:03.507415, 20:45:03.562043, 20:45:03.612928
20:45:03.815167, 20:45:03.865943, 20:45:03.916714
20:45:04.117921, 20:45:04.169596, 20:45:04.221560
20:45:04.423422, 20:45:04.477788, 20:45:04.532149
20:45:04.743917, 20:45:04.796813, 20:45:04.847921
20:45:05.050635, 20:45:05.105486, 20:45:05.157555
20:45:05.363688, 20:45:05.414937, 20:45:05.472394
20:45:05.674808, 20:45:05.725425, 20:45:05.778795
20:45:05.980896, 20:45:06.032021, 20:45:06.086871
20:45:06.289437, 20:45:06.343495, 20:45:06.394520
20:45:06.605064, 20:45:06.657531, 20:45:06.708918
20:45:06.913228, 20:45:06.965260, 20:45:07.017895
20:45:07.225510, 20:45:07.278387, 20:45:07.331974
20:45:07.533561, 20:45:07.584984, 20:45:07.636045
20:45:07.839504, 20:45:07.892442, 20:45:07.943849
20:45:08.145867, 20:45:08.198410, 20:45:08.249268
20:45:08.457487, 20:45:08.511359, 20:45:08.562376
20:45:08.772498, 20:45:08.824660, 20:45:08.876357
20:45:09.080014, 20:45:09.132241, 20:45:09.185589
20:45:09.387106, 20:45:09.438768, 20:45:09.489494
20:45:09.691918, 20:45:09.745839, 20:45:09.797485
20:45:10.001488, 20:45:10.053608, 20:45:10.104491
20:45:10.309228, 20:45:10.361355, 20:45:10.412908
20:45:10.615932, 20:45:10.667361, 20:45:10.718466
20:45:10.922317, 20:45:10.976671, 20:45:11.029104
20:45:11.232232, 20:45:11.285489, 20:45:11.336342
20:45:11.538808, 20:45:11.590474, 20:45:11.641138
20:45:11.842785, 20:45:11.895460, 20:45:11.948608
20:45:12.149631, 20:45:12.200461, 20:45:12.253832
20:45:12.456868, 20:45:12.507832, 20:45:12.559078
20:45:12.764505, 20:45:12.816894, 20:45:12.870323
20:45:13.077190, 20:45:13.128830, 20:45:13.179906
20:45:13.389629, 20:45:13.443342, 20:45:13.494010
20:45:13.695151, 20:45:13.746434, 20:45:13.800796
20:45:14.010442, 20:45:14.069751, 20:45:14.120484
20:45:14.321812, 20:45:14.372821, 20:45:14.425059
20:45:14.627093, 20:45:14.681641, 20:45:14.732437
20:45:14.935872, 20:45:14.990429, 20:45:15.046426
20:45:15.250295, 20:45:15.301674, 20:45:15.353428
20:45:15.562568, 20:45:15.614510, 20:45:15.667272
20:45:15.877148, 20:45:15.930604, 20:45:15.983275
20:45:16.185296, 20:45:16.236291, 20:45:16.287649
20:45:16.492285, 20:45:16.544410, 20:45:16.598278
20:45:16.802780, 20:45:16.854037, 20:45:16.906778
20:45:17.110262, 20:45:17.160935, 20:45:17.214275
20:45:17.421471, 20:45:17.473262, 20:45:17.525076
20:45:17.726394, 20:45:17.777421, 20:45:17.828016
20:45:18.031832, 20:45:18.082568, 20:45:18.133686
20:45:18.334816, 20:45:18.389145, 20:45:18.442242
20:45:18.645680, 20:45:18.697286, 20:45:18.749271
20:45:18.965123, 20:45:19.018252, 20:45:19.071969
20:45:19.275242, 20:45:19.326980, 20:45:19.379387
20:45:19.582119, 20:45:19.633891, 20:45:19.684653
20:45:19.888378, 20:45:19.942117, 20:45:19.999996
20:45:20.202747, 20:45:20.255151, 20:45:20.306765
20:45:20.508005, 20:45:20.560242, 20:45:20.615368
20:45:20.817732, 20:45:20.868846, 20:45:20.922724
20:45:21.124100, 20:45:21.177108, 20:45:21.228220
20:45:21.429197, 20:45:21.481629, 20:45:21.532443
20:45:21.734450, 20:45:21.786337, 20:45:21.839758
20:45:22.042378, 20:45:22.097850, 20:45:22.149900
20:45:22.352063, 20:45:22.405221, 20:45:22.458970
20:45:22.668203, 20:45:22.719897, 20:45:22.773324
20:45:22.975679, 20:45:23.026850, 20:45:23.077643
20:45:23.280840, 20:45:23.333012, 20:45:23.385954
20:45:23.587437, 20:45:23.638940, 20:45:23.693585
20:45:23.894731, 20:45:23.945692, 20:45:23.996365
20:45:24.200002, 20:45:24.256316, 20:45:24.307546
20:45:24.512690, 20:45:24.566131, 20:45:24.618194
20:45:24.819479, 20:45:24.870390, 20:45:24.922183
20:45:25.124559, 20:45:25.176325, 20:45:25.227555
20:45:25.428633, 20:45:25.482183, 20:45:25.534150
20:45:25.735174, 20:45:25.786905, 20:45:25.841961
20:45:26.043890, 20:45:26.094648, 20:45:26.147162
20:45:26.349521, 20:45:26.400574, 20:45:26.451909
20:45:26.653531, 20:45:26.706903, 20:45:26.758164
20:45:26.964038, 20:45:27.014754, 20:45:27.069198
20:45:27.273861, 20:45:27.330638, 20:45:27.400048
20:45:27.611852, 20:45:27.665671, 20:45:27.731576
20:45:27.949903, 20:45:28.002383, 20:45:28.053415
20:45:28.255928, 20:45:28.308636, 20:45:28.363925
20:45:28.574686, 20:45:28.628764, 20:45:28.689466
20:45:28.905599, 20:45:28.968488, 20:45:29.019172
20:45:29.230556, 20:45:29.285562, 20:45:29.349599
20:45:29.702272, 20:45:29.760307, 20:45:29.814342
20:45:30.022124, 20:45:30.082603, 20:45:30.133303
20:45:30.336697, 20:45:30.390242, 20:45:30.443219
20:45:30.667369, 20:45:30.718114, 20:45:30.772653
20:45:30.978955, 20:45:31.034120, 20:45:31.085277
20:45:31.304361, 20:45:31.355535, 20:45:31.413066
20:45:31.654607, 20:45:31.705344, 20:45:31.764743
20:45:31.998808, 20:45:32.064033, 20:45:32.114842
20:45:32.322459, 20:45:32.384742, 20:45:32.445443
20:45:32.650687, 20:45:32.707702, 20:45:32.769289
20:45:32.977823, 20:45:33.028570, 20:45:33.095824
20:45:33.316233, 20:45:33.369204, 20:45:33.422693
20:45:33.628056, 20:45:33.685481, 20:45:33.780067
20:45:33.982172, 20:45:34.038061, 20:45:34.088951
20:45:34.290871, 20:45:34.341670, 20:45:34.392296
20:45:34.595314, 20:45:34.646404, 20:45:34.701053
20:45:34.902048, 20:45:34.954924, 20:45:35.006545
20:45:35.208033, 20:45:35.261495, 20:45:35.313729
20:45:35.514854, 20:45:35.568849, 20:45:35.622755
20:45:35.823843, 20:45:35.875496, 20:45:35.926148
20:45:36.127521, 20:45:36.178306, 20:45:36.234388
20:45:36.445326, 20:45:36.496300, 20:45:36.547643
20:45:36.761633, 20:45:36.813302, 20:45:36.872824
20:45:37.077227, 20:45:37.128571, 20:45:37.184022
20:45:37.390138, 20:45:37.440874, 20:45:37.494405
20:45:37.696152, 20:45:37.746921, 20:45:37.798410
20:45:38.001583, 20:45:38.054406, 20:45:38.105251
20:45:38.308168, 20:45:38.359178, 20:45:38.412518
20:45:38.613288, 20:45:38.665029, 20:45:38.715728
20:45:38.918031, 20:45:38.971271, 20:45:39.023309
20:45:39.229509, 20:45:39.284003, 20:45:39.336893
20:45:39.542027, 20:45:39.594142, 20:45:39.646884
20:45:39.852023, 20:45:39.906006, 20:45:39.957997
20:45:40.162631, 20:45:40.213543, 20:45:40.264861
20:45:40.469550, 20:45:40.523633, 20:45:40.576417
20:45:40.778722, 20:45:40.830399, 20:45:40.881613
20:45:41.091745, 20:45:41.143519, 20:45:41.197977
20:45:41.399715, 20:45:41.453240, 20:45:41.504790
20:45:41.706914, 20:45:41.758993, 20:45:41.817314
20:45:42.018220, 20:45:42.069234, 20:45:42.119765
20:45:42.324982, 20:45:42.375624, 20:45:42.426981
20:45:42.638349, 20:45:42.689373, 20:45:42.741974
20:45:42.947595, 20:45:42.998471, 20:45:43.049752
20:45:43.253366, 20:45:43.309367, 20:45:43.360602
20:45:43.562616, 20:45:43.613385, 20:45:43.667084
20:45:43.868935, 20:45:43.921833, 20:45:43.973959
20:45:44.179131, 20:45:44.230498, 20:45:44.283565
20:45:44.500335, 20:45:44.551511, 20:45:44.603839
20:45:44.806944, 20:45:44.862316, 20:45:44.913023
20:45:45.114455, 20:45:45.166728, 20:45:45.217937
20:45:45.423198, 20:45:45.474544, 20:45:45.525260
20:45:45.727287, 20:45:45.786092, 20:45:45.837218
20:45:46.041686, 20:45:46.093138, 20:45:46.143935
20:45:46.346535, 20:45:46.398193, 20:45:46.451240
20:45:46.656048, 20:45:46.707930, 20:45:46.760171
20:45:46.963811, 20:45:47.017283, 20:45:47.069388
20:45:47.274668, 20:45:47.325533, 20:45:47.377920
20:45:47.579953, 20:45:47.631654, 20:45:47.683228
20:45:47.884657, 20:45:47.936480, 20:45:47.989282
20:45:48.196149, 20:45:48.248210, 20:45:48.306030
20:45:48.512419, 20:45:48.564773, 20:45:48.616443
20:45:48.818500, 20:45:48.872401, 20:45:48.924625
20:45:49.126824, 20:45:49.179271, 20:45:49.233028
20:45:49.435916, 20:45:49.487325, 20:45:49.540895
20:45:49.745267, 20:45:49.797929, 20:45:49.850019
20:45:50.052066, 20:45:50.104422, 20:45:50.155121
20:45:50.358769, 20:45:50.412678, 20:45:50.464760
20:45:50.666715, 20:45:50.720713, 20:45:50.774738
20:45:50.983037, 20:45:51.033818, 20:45:51.087822
20:45:51.298870, 20:45:51.351246, 20:45:51.403999
20:45:51.607856, 20:45:51.659315, 20:45:51.711000
20:45:51.923341, 20:45:51.974866, 20:45:52.025983
20:45:52.227749, 20:45:52.280185, 20:45:52.334371
20:45:52.537983, 20:45:52.588744, 20:45:52.640858
20:45:52.845982, 20:45:52.899861, 20:45:52.952861
20:45:53.155356, 20:45:53.208108, 20:45:53.261602
20:45:53.466602, 20:45:53.519851, 20:45:53.575841
20:45:53.780671, 20:45:53.833849, 20:45:53.884631
20:45:54.087730, 20:45:54.140149, 20:45:54.192317
20:45:54.399438, 20:45:54.451578, 20:45:54.508903
20:45:54.711212, 20:45:54.762607, 20:45:54.813854
20:45:55.020126, 20:45:55.078684, 20:45:55.129590
20:45:55.334470, 20:45:55.388093, 20:45:55.439351
20:45:55.641993, 20:45:55.694597, 20:45:55.745461
20:45:55.952804, 20:45:56.005747, 20:45:56.057955
20:45:56.259279, 20:45:56.310800, 20:45:56.361593
20:45:56.562791, 20:45:56.617315, 20:45:56.668435
20:45:56.879398, 20:45:56.934666, 20:45:56.985460
20:45:57.186633, 20:45:57.238649, 20:45:57.290808
20:45:57.494421, 20:45:57.545405, 20:45:57.596266
20:45:57.800683, 20:45:57.852783, 20:45:57.905429
20:45:58.111171, 20:45:58.162051, 20:45:58.213108
20:45:58.421549, 20:45:58.474937, 20:45:58.525627
20:45:58.730419, 20:45:58.783404, 20:45:58.836448
20:45:59.038819, 20:45:59.093108, 20:45:59.144902
20:45:59.345835, 20:45:59.400543, 20:45:59.451179
20:45:59.655537, 20:45:59.706249, 20:45:59.758777
20:45:59.959814, 20:46:00.013098, 20:46:00.065532
20:46:00.269166, 20:46:00.319830, 20:46:00.372890
20:46:00.574009, 20:46:00.625756, 20:46:00.677187
20:46:00.881751, 20:46:00.934019, 20:46:00.986074
20:46:01.188759, 20:46:01.241631, 20:46:01.295872
20:46:01.497545, 20:46:01.550869, 20:46:01.602796
20:46:01.805743, 20:46:01.861623, 20:46:01.914752
20:46:02.118495, 20:46:02.169939, 20:46:02.222297
20:46:02.424752, 20:46:02.479757, 20:46:02.531360
20:46:02.733688, 20:46:02.785372, 20:46:02.837135
20:46:03.041665, 20:46:03.094049, 20:46:03.145495
20:46:03.349576, 20:46:03.401600, 20:46:03.452352
20:46:03.654529, 20:46:03.710205, 20:46:03.761302
20:46:03.964013, 20:46:04.015361, 20:46:04.077498
20:46:04.280195, 20:46:04.331243, 20:46:04.383465
20:46:04.588518, 20:46:04.647470, 20:46:04.701705
20:46:04.903193, 20:46:04.956220, 20:46:05.010483
20:46:05.214103, 20:46:05.264783, 20:46:05.315594
20:46:05.519319, 20:46:05.570468, 20:46:05.622697
20:46:05.824318, 20:46:05.875462, 20:46:05.931439
20:46:06.136356, 20:46:06.187912, 20:46:06.243846
20:46:06.445301, 20:46:06.496683, 20:46:06.548977
20:46:06.756397, 20:46:06.807466, 20:46:06.859827
20:46:07.063251, 20:46:07.114179, 20:46:07.165059
20:46:07.371701, 20:46:07.423822, 20:46:07.474564
20:46:07.676249, 20:46:07.727209, 20:46:07.778815
20:46:07.980564, 20:46:08.035556, 20:46:08.087806
20:46:08.291488, 20:46:08.343868, 20:46:08.395779
20:46:08.597174, 20:46:08.648028, 20:46:08.701412
20:46:08.904022, 20:46:08.956543, 20:46:09.012434
20:46:09.229443, 20:46:09.280677, 20:46:09.333165
20:46:09.535548, 20:46:09.588176, 20:46:09.640071
20:46:09.842310, 20:46:09.893644, 20:46:09.945924
20:46:10.147535, 20:46:10.198303, 20:46:10.249655
20:46:10.455344, 20:46:10.506646, 20:46:10.557541
20:46:10.760177, 20:46:10.819018, 20:46:10.870063
20:46:11.078017, 20:46:11.130516, 20:46:11.183145
20:46:11.385974, 20:46:11.436706, 20:46:11.488553
20:46:11.693752, 20:46:11.745104, 20:46:11.797635
20:46:12.012624, 20:46:12.064568, 20:46:12.119209
20:46:12.323898, 20:46:12.381122, 20:46:12.434151
20:46:12.636761, 20:46:12.688490, 20:46:12.746119
20:46:12.949624, 20:46:13.001744, 20:46:13.053496
20:46:13.258123, 20:46:13.309239, 20:46:13.360629
20:46:13.564382, 20:46:13.621873, 20:46:13.674371
20:46:13.881919, 20:46:13.933127, 20:46:13.983902
20:46:14.189087, 20:46:14.241108, 20:46:14.294856
20:46:14.498465, 20:46:14.549209, 20:46:14.600734
20:46:14.804604, 20:46:14.857696, 20:46:14.909594
20:46:15.113596, 20:46:15.166076, 20:46:15.218441
20:46:15.422718, 20:46:15.475716, 20:46:15.529543
20:46:15.736017, 20:46:15.787446, 20:46:15.838948
20:46:16.040350, 20:46:16.091708, 20:46:16.145033
20:46:16.349081, 20:46:16.400973, 20:46:16.454710
20:46:16.656595, 20:46:16.707343, 20:46:16.758003
20:46:16.967700, 20:46:17.018599, 20:46:17.076080
20:46:17.278571, 20:46:17.329648, 20:46:17.383324
20:46:17.590454, 20:46:17.642947, 20:46:17.693564
20:46:17.897688, 20:46:17.949058, 20:46:17.999703
20:46:18.205069, 20:46:18.256255, 20:46:18.312167
20:46:18.515622, 20:46:18.566425, 20:46:18.617819
20:46:18.818771, 20:46:18.871496, 20:46:18.922521
20:46:19.132787, 20:46:19.186571, 20:46:19.239672
20:46:19.447953, 20:46:19.500668, 20:46:19.553550
20:46:19.757923, 20:46:19.811534, 20:46:19.867163
20:46:20.076172, 20:46:20.127106, 20:46:20.178396
20:46:20.379530, 20:46:20.431655, 20:46:20.487150
20:46:20.698762, 20:46:20.750937, 20:46:20.803345
20:46:21.008541, 20:46:21.059323, 20:46:21.113400
20:46:21.317708, 20:46:21.370159, 20:46:21.422032
20:46:21.623161, 20:46:21.674591, 20:46:21.725395
20:46:21.935089, 20:46:21.987519, 20:46:22.039136
20:46:22.242993, 20:46:22.293674, 20:46:22.344752
20:46:22.546961, 20:46:22.598624, 20:46:22.650982
20:46:22.859005, 20:46:22.910500, 20:46:22.962126
20:46:23.165698, 20:46:23.216967, 20:46:23.271641
20:46:23.473628, 20:46:23.524486, 20:46:23.576632
20:46:23.778898, 20:46:23.830086, 20:46:23.886668
20:46:24.087974, 20:46:24.138770, 20:46:24.190617
20:46:24.394985, 20:46:24.446486, 20:46:24.497428
20:46:24.700991, 20:46:24.752640, 20:46:24.804484
20:46:25.009479, 20:46:25.064158, 20:46:25.115500
20:46:25.318451, 20:46:25.369462, 20:46:25.422597
20:46:25.630744, 20:46:25.683588, 20:46:25.735211
20:46:25.941870, 20:46:25.992872, 20:46:26.043608
20:46:26.244912, 20:46:26.297122, 20:46:26.349587
20:46:26.556128, 20:46:26.607981, 20:46:26.659847
20:46:26.861952, 20:46:26.915962, 20:46:26.968643
20:46:27.169716, 20:46:27.220567, 20:46:27.272588
20:46:27.481943, 20:46:27.534278, 20:46:27.585606
20:46:27.803161, 20:46:27.854451, 20:46:27.905839
20:46:28.107944, 20:46:28.158608, 20:46:28.209443
20:46:28.410438, 20:46:28.461216, 20:46:28.513453
20:46:28.718308, 20:46:28.771467, 20:46:28.824437
20:46:29.026557, 20:46:29.080452, 20:46:29.133425
20:46:29.342849, 20:46:29.395551, 20:46:29.446487
20:46:29.650541, 20:46:29.702296, 20:46:29.754412
20:46:29.957138, 20:46:30.011423, 20:46:30.063054
20:46:30.273409, 20:46:30.323852, 20:46:30.377657
20:46:30.627259, 20:46:30.688537, 20:46:30.813022
20:46:31.021029, 20:46:31.074175, 20:46:31.127115
20:46:31.358317, 20:46:31.419907, 20:46:31.472848
20:46:31.712328, 20:46:31.768594, 20:46:31.837057
20:46:32.058185, 20:46:32.118601, 20:46:32.179485
20:46:32.417001, 20:46:32.482770, 20:46:32.541631
20:46:32.754579, 20:46:32.817855, 20:46:32.869192
20:46:33.106385, 20:46:33.157531, 20:46:33.221744
20:46:33.426431, 20:46:33.482062, 20:46:33.550170
20:46:33.767638, 20:46:33.818229, 20:46:33.872892
20:46:34.133858, 20:46:34.217990, 20:46:34.291183
20:46:34.504198, 20:46:34.554865, 20:46:34.621444
20:46:34.824313, 20:46:34.880566, 20:46:34.977622
20:46:35.192306, 20:46:35.242999, 20:46:35.302031
20:46:35.525231, 20:46:35.609531, 20:46:35.667057
20:46:35.885700, 20:46:35.970521, 20:46:36.034570
20:46:36.261268, 20:46:36.311944, 20:46:36.418716
20:46:36.644387, 20:46:36.719169, 20:46:36.788953
20:46:37.030829, 20:46:37.093833, 20:46:37.178311
20:46:37.390313, 20:46:37.446974, 20:46:37.506278
20:46:37.713409, 20:46:37.789093, 20:46:37.921401
20:46:38.130170, 20:46:38.222231, 20:46:38.272931
20:46:38.490350, 20:46:38.613704, 20:46:38.695363
20:46:38.928183, 20:46:38.983931, 20:46:39.034584
20:46:39.295674, 20:46:39.347541, 20:46:39.427304
20:46:39.637506, 20:46:39.720270, 20:46:39.783069
20:46:39.988498, 20:46:40.042137, 20:46:40.093013
20:46:40.330128, 20:46:40.380889, 20:46:40.444987
20:46:40.658316, 20:46:40.729901, 20:46:40.783297
20:46:40.984245, 20:46:41.059440, 20:46:41.110121
20:46:41.343112, 20:46:41.393541, 20:46:41.459069
20:46:41.660207, 20:46:41.722239, 20:46:41.813928
20:46:42.022281, 20:46:42.082764, 20:46:42.138169
20:46:42.346114, 20:46:42.400108, 20:46:42.499238
20:46:42.721354, 20:46:42.780471, 20:46:42.843121
20:46:43.052907, 20:46:43.106162, 20:46:43.156844
20:46:43.390529, 20:46:43.441270, 20:46:43.499923
20:46:43.714690, 20:46:43.774485, 20:46:43.847239
20:46:44.058716, 20:46:44.120630, 20:46:44.178906
20:46:44.393521, 20:46:44.459602, 20:46:44.523111
20:46:44.750069, 20:46:44.807348, 20:46:44.858495
20:46:45.071055, 20:46:45.121881, 20:46:45.226915
20:46:45.460024, 20:46:45.528564, 20:46:45.580860
20:46:45.810456, 20:46:45.861112, 20:46:45.917585
20:46:46.120331, 20:46:46.176017, 20:46:46.261209
20:46:46.506088, 20:46:46.568635, 20:46:46.619331
20:46:46.839243, 20:46:46.909899, 20:46:46.977694
20:46:47.183880, 20:46:47.239930, 20:46:47.292110
20:46:47.503582, 20:46:47.563267, 20:46:47.632503
20:46:47.835288, 20:46:47.887884, 20:46:47.952756
20:46:48.156802, 20:46:48.210324, 20:46:48.265569
20:46:48.468007, 20:46:48.519187, 20:46:48.575827
20:46:48.780567, 20:46:48.844310, 20:46:48.897857
20:46:49.101748, 20:46:49.159304, 20:46:49.211793
20:46:49.414303, 20:46:49.468301, 20:46:49.518920
20:46:49.724109, 20:46:49.785301, 20:46:49.837812
20:46:50.039939, 20:46:50.093762, 20:46:50.154173
20:46:50.366170, 20:46:50.418945, 20:46:50.469827
20:46:50.672975, 20:46:50.725668, 20:46:50.780800
20:46:50.994164, 20:46:51.048039, 20:46:51.099697
20:46:51.301642, 20:46:51.358920, 20:46:51.409904
20:46:51.611940, 20:46:51.664120, 20:46:51.716921
20:46:51.921147, 20:46:51.973994, 20:46:52.027376
20:46:52.231766, 20:46:52.283298, 20:46:52.339106
20:46:52.540600, 20:46:52.629782, 20:46:52.680465
20:46:52.893425, 20:46:52.947526, 20:46:53.002700
20:46:53.211414, 20:46:53.283047, 20:46:53.377276
20:46:53.599900, 20:46:53.674418, 20:46:53.737176
20:46:53.951476, 20:46:54.005365, 20:46:54.059137
20:46:54.267818, 20:46:54.319904, 20:46:54.393904
20:46:54.605661, 20:46:54.660254, 20:46:54.725076
20:46:54.946959, 20:46:54.997639, 20:46:55.050753
20:46:55.268536, 20:46:55.373496, 20:46:55.431355
20:46:55.653594, 20:46:55.712748, 20:46:55.784545
20:46:55.991506, 20:46:56.058248, 20:46:56.111032
20:46:56.321271, 20:46:56.378290, 20:46:56.441418
20:46:56.706701, 20:46:56.769297, 20:46:56.829843
20:46:57.050354, 20:46:57.120263, 20:46:57.193762
20:46:57.401658, 20:46:57.477812, 20:46:57.538865
20:46:57.784671, 20:46:57.836962, 20:46:57.899357
20:46:58.106847, 20:46:58.166864, 20:46:58.217623
20:46:58.419779, 20:46:58.472597, 20:46:58.529896
20:46:58.755155, 20:46:58.834748, 20:46:58.889902
20:46:59.100558, 20:46:59.154074, 20:46:59.204784
20:46:59.405736, 20:46:59.467479, 20:46:59.518204
20:46:59.738426, 20:46:59.848465, 20:46:59.902310
20:47:00.122952, 20:47:00.220057, 20:47:00.292905
20:47:00.515700, 20:47:00.567008, 20:47:00.633584
20:47:00.846651, 20:47:00.916789, 20:47:00.979697
20:47:01.182643, 20:47:01.233570, 20:47:01.291483
20:47:01.515229, 20:47:01.592602, 20:47:01.648386
20:47:01.853439, 20:47:01.923619, 20:47:01.983294
20:47:02.190336, 20:47:02.259904, 20:47:02.344754
20:47:02.561932, 20:47:02.612648, 20:47:02.676887
20:47:02.893414, 20:47:02.944171, 20:47:02.994803
20:47:03.218289, 20:47:03.274535, 20:47:03.328886
20:47:03.539300, 20:47:03.590105, 20:47:03.669910
20:47:03.916991, 20:47:03.970306, 20:47:04.021927
20:47:04.249312, 20:47:04.306241, 20:47:04.365139
20:47:04.586933, 20:47:04.659160, 20:47:04.709860
20:47:04.910944, 20:47:04.985721, 20:47:05.042929
20:47:05.265950, 20:47:05.318784, 20:47:05.377904
20:47:05.625095, 20:47:05.683959, 20:47:05.764040
20:47:05.988355, 20:47:06.039016, 20:47:06.091230
20:47:06.326721, 20:47:06.377414, 20:47:06.433843
20:47:06.640365, 20:47:06.696047, 20:47:06.746725
20:47:06.968585, 20:47:07.048237, 20:47:07.114417
20:47:07.343039, 20:47:07.398516, 20:47:07.460070
20:47:07.665989, 20:47:07.730431, 20:47:07.788521
20:47:08.009421, 20:47:08.066315, 20:47:08.153377
20:47:08.363177, 20:47:08.414464, 20:47:08.475737
20:47:08.722761, 20:47:08.795919, 20:47:08.846569
20:47:09.070660, 20:47:09.139918, 20:47:09.204577
20:47:09.438729, 20:47:09.496563, 20:47:09.551245
20:47:09.836130, 20:47:09.900705, 20:47:09.984197
20:47:10.196657, 20:47:10.259717, 20:47:10.318052
20:47:10.526642, 20:47:10.579268, 20:47:10.661754
20:47:10.904505, 20:47:10.971816, 20:47:11.043181
20:47:11.251899, 20:47:11.307357, 20:47:11.365657
20:47:11.571096, 20:47:11.632567, 20:47:11.688665
20:47:11.902153, 20:47:11.952924, 20:47:12.006315
20:47:12.249468, 20:47:12.347646, 20:47:12.417113
20:47:12.629738, 20:47:12.703686, 20:47:12.754322
20:47:12.960273, 20:47:13.022959, 20:47:13.082516
20:47:13.319480, 20:47:13.380029, 20:47:13.443623
20:47:13.667426, 20:47:13.718091, 20:47:13.777709
20:47:13.991178, 20:47:14.045938, 20:47:14.101035
20:47:14.303117, 20:47:14.363479, 20:47:14.429437
20:47:14.646616, 20:47:14.702654, 20:47:14.761846
20:47:14.967681, 20:47:15.018655, 20:47:15.087079
20:47:15.316138, 20:47:15.366894, 20:47:15.442385
20:47:15.643484, 20:47:15.694172, 20:47:15.745704
20:47:15.959207, 20:47:16.014829, 20:47:16.073722
20:47:16.278768, 20:47:16.352213, 20:47:16.407371
20:47:16.620716, 20:47:16.683532, 20:47:16.742393
20:47:16.969244, 20:47:17.055412, 20:47:17.112865
20:47:17.333008, 20:47:17.383739, 20:47:17.439106
20:47:17.664472, 20:47:17.724392, 20:47:17.796398
20:47:18.001894, 20:47:18.052642, 20:47:18.122443
20:47:18.339779, 20:47:18.396555, 20:47:18.453731
20:47:18.713084, 20:47:18.763848, 20:47:18.836087
20:47:19.055126, 20:47:19.113558, 20:47:19.182089
20:47:19.394285, 20:47:19.483046, 20:47:19.545095
20:47:19.749921, 20:47:19.803355, 20:47:19.862165
20:47:20.069746, 20:47:20.120612, 20:47:20.174003
20:47:20.396597, 20:47:20.455944, 20:47:20.507877
20:47:20.715631, 20:47:20.778057, 20:47:20.828754
20:47:21.062906, 20:47:21.133740, 20:47:21.188085
20:47:21.413450, 20:47:21.482323, 20:47:21.548082
20:47:21.749220, 20:47:21.822190, 20:47:21.874517
20:47:22.084349, 20:47:22.150258, 20:47:22.217834
20:47:22.427460, 20:47:22.481974, 20:47:22.565887
20:47:22.778289, 20:47:22.835027, 20:47:22.901590
20:47:23.112676, 20:47:23.180398, 20:47:23.232073
20:47:23.451843, 20:47:23.523577, 20:47:23.581477
20:47:23.846926, 20:47:23.901464, 20:47:23.983301
20:47:24.189471, 20:47:24.271301, 20:47:24.358002
20:47:24.570969, 20:47:24.639591, 20:47:24.693737
20:47:24.907533, 20:47:24.979524, 20:47:25.032392
20:47:25.241615, 20:47:25.294780, 20:47:25.362821
20:47:25.586718, 20:47:25.651297, 20:47:25.734300
20:47:25.958220, 20:47:26.010256, 20:47:26.078134
20:47:26.294560, 20:47:26.364049, 20:47:26.427536
20:47:26.630296, 20:47:26.710346, 20:47:26.808488
20:47:27.011181, 20:47:27.065554, 20:47:27.144904
20:47:27.357597, 20:47:27.414512, 20:47:27.477331
20:47:27.701845, 20:47:27.752523, 20:47:27.808757
20:47:28.025079, 20:47:28.075810, 20:47:28.126435
20:47:28.347360, 20:47:28.403259, 20:47:28.467460
20:47:28.670966, 20:47:28.721791, 20:47:28.796504
20:47:29.005021, 20:47:29.059274, 20:47:29.110032
20:47:29.326087, 20:47:29.390535, 20:47:29.441167
20:47:29.645388, 20:47:29.696051, 20:47:29.746691
