1,19:37:17.750576,0.086695,0.086695,0.086695,18,744,0,0,0,0.000000,0.000000,0.000000
2,19:37:17.836929,0.173048,0.173048,0.086353,18,744,0,0,0,0.000000,0.000000,0.000000
3,19:37:17.902073,0.238192,0.238192,0.065144,18,744,0,0,0,0.000000,0.000000,0.000000
4,19:37:17.944068,0.280187,0.280187,0.041995,18,744,0,0,0,0.000000,0.000000,0.000000
5,19:37:17.982436,0.318555,0.318555,0.038368,18,744,0,0,0,0.000000,0.000000,0.000000
6,19:37:18.042428,0.378547,0.378547,0.059992,18,743,0,0,0,0.000000,0.000000,0.000000
7,19:37:18.087709,0.423828,0.423828,0.045281,18,740,0,0,0,0.000000,0.000000,0.000000
8,19:37:18.157362,0.493481,0.493481,0.069653,18,743,0,0,0,0.000000,0.000000,0.000000
9,19:37:18.189877,0.525996,0.525996,0.032515,18,743,0,0,0,0.000000,0.000000,0.000000
10,19:37:18.234078,0.570197,0.570197,0.044201,18,744,0,0,0,0.000000,0.000000,0.000000
11,19:37:18.312056,0.648175,0.648175,0.077978,18,746,0,0,0,0.000000,0.000000,0.000000
12,19:37:18.362467,0.698586,0.698586,0.050411,18,740,0,41.997665816,-93.632888889,0.000000,0.000000,0.000000
13,19:37:18.477182,0.813301,0.813301,0.114715,18,741,0,0,0,0.000000,0.000000,0.000000
14,19:37:18.566722,0.902841,0.902841,0.089540,18,741,0,0,0,0.000000,0.000000,0.000000
15,19:37:18.623176,0.959295,0.959295,0.056454,18,746,0,0,0,0.000000,0.000000,0.000000
16,19:37:18.706294,1.042413,1.042413,0.083118,18,744,0,0,0,0.000000,0.000000,0.000000
17,19:37:18.732761,1.068880,1.068880,0.026467,18,744,0,0,0,0.000000,0.000000,0.000000
18,19:37:18.804960,1.141079,1.141079,0.072199,18,745,0,0,0,0.000000,0.000000,0.000000
19,19:37:18.927752,1.263871,1.263871,0.122792,18,744,0,0,0,0.000000,0.000000,0.000000
20,19:37:19.018941,1.355060,1.355060,0.091189,18,745,0,0,0,0.000000,0.000000,0.000000
21,19:37:19.120766,1.456885,1.456885,0.101825,18,752,0,0,0,0.000000,0.000000,0.000000
22,19:37:19.248743,1.584862,1.584862,0.127977,18,751,0,0,0,0.000000,0.000000,0.000000
23,19:37:19.299718,1.635837,1.635837,0.050975,18,749,0,0,0,0.000000,0.000000,0.000000
24,19:37:19.348735,1.684854,1.684854,0.049017,18,747,0,41.997665564,-93.632888017,0.000000,0.000000,0.000000
25,19:37:19.439719,1.775838,1.775838,0.090984,18,747,0,0,0,0.000000,0.000000,0.000000
26,19:37:19.511983,1.848102,1.848102,0.072264,18,739,0,0,0,0.000000,0.000000,0.000000
27,19:37:19.605742,1.941861,1.941861,0.093759,18,740,0,0,0,0.000000,0.000000,0.000000
28,19:37:19.697645,2.033764,2.033764,0.091903,18,739,0,0,0,0.000000,0.000000,0.000000
29,19:37:19.827388,2.163507,2.163507,0.129743,18,742,0,0,0,0.000000,0.000000,0.000000
30,19:37:19.918092,2.254211,2.254211,0.090704,18,746,0,0,0,0.000000,0.000000,0.000000
31,19:37:19.976303,2.312422,2.312422,0.058211,18,746,0,0,0,0.000000,0.000000,0.000000
32,19:37:20.108999,2.445118,2.445118,0.132696,18,747,0,0,0,0.000000,0.000000,0.000000
33,19:37:20.181051,2.517170,2.517170,0.072052,18,745,0,0,0,0.000000,0.000000,0.000000
34,19:37:20.224956,2.561075,2.561075,0.043905,18,752,0,0,0,0.000000,0.000000,0.000000
35,19:37:20.310747,2.646866,2.646866,0.085791,18,749,0,0,0,0.000000,0.000000,0.000000
36,19:37:20.385909,2.722028,2.722028,0.075162,18,750,0,41.997665272,-93.632887348,0.000000,0.000000,0.000000
37,19:37:20.449971,2.786090,2.786090,0.064062,18,754,0,0,0,0.000000,0.000000,0.000000
38,19:37:20.509338,2.845457,2.845457,0.059367,18,757,0,41.997665333,-93.632887333,0.000000,0.000000,0.000000
39,19:37:20.577782,2.913901,2.913901,0.068444,18,758,0,0,0,0.000000,0.000000,0.000000
40,19:37:20.650246,2.986365,2.986365,0.072464,18,752,0,0,0,0.000000,0.000000,0.000000
41,19:37:20.695713,3.031832,3.031832,0.045467,18,755,0,0,0,0.000000,0.000000,0.000000
42,19:37:20.777003,3.113122,3.113122,0.081290,18,754,0,0,0,0.000000,0.000000,0.000000
43,19:37:20.900127,3.236246,3.236246,0.123124,18,750,0,0,0,0.000000,0.000000,0.000000
44,19:37:20.946327,3.282446,3.282446,0.046200,18,751,0,0,0,0.000000,0.000000,0.000000
45,19:37:20.990976,3.327095,3.327095,0.044649,18,750,0,0,0,0.000000,0.000000,0.000000
46,19:37:21.047771,3.383890,3.383890,0.056795,18,750,0,0,0,0.000000,0.000000,0.000000
47,19:37:21.116871,3.452990,3.452990,0.069100,18,746,0,0,0,0.000000,0.000000,0.000000
48,19:37:21.154611,3.490730,3.490730,0.037740,18,750,0,0,0,0.000000,0.000000,0.000000
49,19:37:21.246048,3.582167,3.582167,0.091437,18,751,0,0,0,0.000000,0.000000,0.000000
50,19:37:21.289113,3.625232,3.625232,0.043065,18,750,0,0,0,0.000000,0.000000,0.000000
51,19:37:21.337329,3.673448,3.673448,0.048216,18,748,0,41.997667075,-93.632890824,0.000000,0.000000,0.000000
52,19:37:21.371287,3.707406,3.707406,0.033958,18,745,0,0,0,0.000000,0.000000,0.000000
53,19:37:21.462942,3.799061,3.799061,0.091655,18,746,0,0,0,0.000000,0.000000,0.000000
54,19:37:21.506526,3.842645,3.842645,0.043584,18,747,0,0,0,0.000000,0.000000,0.000000
55,19:37:21.565250,3.901369,3.901369,0.058724,18,746,0,0,0,0.000000,0.000000,0.000000
56,19:37:21.616598,3.952717,3.952717,0.051348,18,745,0,0,0,0.000000,0.000000,0.000000
57,19:37:21.685619,4.021738,4.021738,0.069021,18,749,0,0,0,0.000000,0.000000,0.000000
58,19:37:21.732241,4.068360,4.068360,0.046622,18,748,0,0,0,0.000000,0.000000,0.000000
59,19:37:21.782855,4.118974,4.118974,0.050614,18,748,0,0,0,0.000000,0.000000,0.000000
60,19:37:21.860468,4.196587,4.196587,0.077613,18,747,0,0,0,0.000000,0.000000,0.000000
61,19:37:21.961558,4.297677,4.297677,0.101090,18,746,0,0,0,0.000000,0.000000,0.000000
62,19:37:21.992690,4.328809,4.328809,0.031132,19,756,0,0,0,0.000000,0.000000,0.000000
63,19:37:22.050809,4.386928,4.386928,0.058119,19,758,0,0,0,0.000000,0.000000,0.000000
64,19:37:22.166102,4.502221,4.502221,0.115293,19,769,0,0,0,0.000000,0.000000,0.000000
65,19:37:22.227964,4.564083,4.564083,0.061862,19,801,0,0,0,0.000000,0.000000,0.000000
66,19:37:22.289029,4.625148,4.625148,0.061065,19,836,0,0,0,0.000000,0.000000,0.000000
67,19:37:22.403857,4.739976,4.739976,0.114828,19,877,0,41.997672915,-93.63289968,0.000000,0.000000,0.000000
68,19:37:22.530085,4.866204,4.866204,0.126228,19,921,4,0,0,0.077641,0.077641,0.077641
69,19:37:22.611410,4.947529,4.947529,0.081325,19,986,4,0,0,0.161627,0.083985,0.161627
70,19:37:22.648909,4.985028,4.985028,0.037499,20,1006,4,0,0,0.187798,0.026171,0.187798
71,19:37:22.754719,5.090838,5.090838,0.105810,20,1025,4,0,0,0.260586,0.072788,0.260586
72,19:37:22.891540,5.227659,5.227659,0.136821,20,1048,4,0,0,0.327467,0.066881,0.327467
73,19:37:23.054216,5.390335,5.390335,0.162676,20,1096,4,0,0,0.475677,0.148210,0.475677
74,19:37:23.083361,5.419480,5.419480,0.029145,21,1118,4,0,0,0.498938,0.023261,0.498938
75,19:37:23.181244,5.517363,5.517363,0.097883,21,1134,4,0,0,0.525286,0.026348,0.525286
76,19:37:23.282931,5.619050,5.619050,0.101687,21,1176,4,0,0,0.623980,0.098693,0.623980
77,19:37:23.381862,5.717981,5.717981,0.098931,21,1210,6,41.997681737,-93.632915135,0.741302,0.117322,0.741302
78,19:37:23.417941,5.754060,5.754060,0.036079,21,1233,6,41.997681667,-93.632915167,0.776234,0.034931,0.776234
79,19:37:23.492544,5.828663,5.828663,0.074603,21,1248,6,0,0,0.867793,0.091559,0.867793
80,19:37:23.543486,5.879605,5.879605,0.050942,21,1259,6,0,0,0.902687,0.034894,0.902687
81,19:37:23.614705,5.950824,5.950824,0.071219,21,1270,6,0,0,0.985557,0.082870,0.985557
82,19:37:23.681713,6.017832,6.017832,0.067008,21,1280,6,0,0,1.051938,0.066381,1.051938
83,19:37:23.732872,6.068991,6.068991,0.051159,21,1286,6,0,0,1.103339,0.051402,1.103339
84,19:37:23.831426,6.167545,6.167545,0.098554,21,1286,6,0,0,1.221094,0.117755,1.221094
85,19:37:23.875624,6.211743,6.211743,0.044198,21,1288,8,0,0,1.287262,0.066168,1.287262
86,19:37:23.903782,6.239901,6.239901,0.028158,21,1290,8,0,0,1.333627,0.046365,1.333627
87,19:37:23.940975,6.277094,6.277094,0.037193,21,1290,8,0,0,1.385961,0.052333,1.385961
88,19:37:23.965785,6.301904,6.301904,0.024810,21,1290,8,0,0,1.415027,0.029067,1.415027
89,19:37:23.977499,6.313618,6.313618,0.011714,21,1293,8,0,0,1.438292,0.023264,1.438292
90,19:37:24.014398,6.350517,6.350517,0.036899,21,1292,8,0,0,1.484810,0.046518,1.484810
91,19:37:24.077208,6.413327,6.413327,0.062810,21,1296,8,0,0,1.560414,0.075605,1.560414
92,19:37:24.103148,6.439267,6.439267,0.025940,21,1294,8,0,0,1.612765,0.052351,1.612765
93,19:37:24.126863,6.462982,6.462982,0.023715,21,1298,8,0,0,1.647660,0.034894,1.647660
94,19:37:24.168882,6.505001,6.505001,0.042019,21,1300,8,0,0,1.705810,0.058150,1.705810
95,19:37:24.196468,6.532587,6.532587,0.027586,21,1300,8,0,0,1.729422,0.023612,1.729422
96,19:37:24.232048,6.568167,6.568167,0.035580,21,1304,8,0,0,1.787464,0.058043,1.787464
97,19:37:24.271279,6.607398,6.607398,0.039231,21,1308,8,0,0,1.839580,0.052116,1.839580
98,19:37:24.303356,6.639475,6.639475,0.032077,20,1313,8,0,0,1.897736,0.058156,1.897736
99,19:37:24.327223,6.663342,6.663342,0.023867,20,1318,8,41.997694288,-93.632929325,1.932636,0.034899,1.932636
100,19:37:24.362323,6.698442,6.698442,0.035100,20,1321,8,0,0,1.979142,0.046507,1.979142
101,19:37:24.409438,6.745557,6.745557,0.047115,20,1325,8,0,0,2.043609,0.064467,2.043609
102,19:37:24.454540,6.790659,6.790659,0.045102,20,1326,8,0,0,2.107092,0.063483,2.107092
103,19:37:24.482855,6.818974,6.818974,0.028315,20,1327,8,0,0,2.147822,0.040730,2.147822
104,19:37:24.530538,6.866657,6.866657,0.047683,20,1330,8,0,0,2.211783,0.063961,2.211783
105,19:37:24.565431,6.901550,6.901550,0.034893,20,1330,8,0,0,2.252834,0.041051,2.252834
106,19:37:24.592516,6.928635,6.928635,0.027085,20,1336,8,0,0,2.310642,0.057808,2.310642
107,19:37:24.662977,6.999096,6.999096,0.070461,20,1343,8,0,0,2.362988,0.052346,2.362988
108,19:37:24.702218,7.038337,7.038337,0.039241,20,1351,8,0,0,2.462223,0.099235,2.462223
109,19:37:24.760327,7.096446,7.096446,0.058109,20,1358,8,0,0,2.508369,0.046146,2.508369
110,19:37:24.850275,7.186394,7.186394,0.089948,20,1370,10,0,0,2.675255,0.166886,2.675255
111,19:37:24.889769,7.225888,7.225888,0.039494,20,1385,10,0,0,2.747959,0.072704,2.747959
112,19:37:24.934949,7.271068,7.271068,0.045180,20,1389,10,0,0,2.842461,0.094502,2.842461
113,19:37:24.998440,7.334559,7.334559,0.063491,20,1395,10,0,0,2.936988,0.094527,2.936988
114,19:37:25.053428,7.389547,7.389547,0.054988,20,1404,10,0,0,3.046006,0.109018,3.046006
115,19:37:25.108544,7.444663,7.444663,0.055116,20,1412,10,0,0,3.162321,0.116315,3.162321
116,19:37:25.211927,7.548046,7.548046,0.103383,20,1427,10,0,0,3.315220,0.152899,3.315220
117,19:37:25.249735,7.585854,7.585854,0.037808,20,1440,10,0,0,3.402222,0.087002,3.402222
118,19:37:25.304691,7.640810,7.640810,0.054956,20,1446,13,0,0,3.491980,0.089758,3.491980
119,19:37:25.414376,7.750495,7.750495,0.109685,20,1456,13,41.997711533,-93.632952317,3.699907,0.207927,3.699907
120,19:37:25.492704,7.828823,7.828823,0.078328,20,1464,13,0,0,3.908358,0.208451,3.908358
121,19:37:25.542162,7.878281,7.878281,0.049458,20,1480,13,0,0,4.030679,0.122320,4.030679
122,19:37:25.610968,7.947087,7.947087,0.068806,20,1482,13,0,0,4.210212,0.179534,4.210212
123,19:37:25.670735,8.006854,8.006854,0.059767,20,1491,13,0,0,4.352560,0.142348,4.352560
124,19:37:25.702162,8.038281,8.038281,0.031427,20,1490,13,0,0,4.465408,0.112847,4.465408
125,19:37:25.781441,8.117560,8.117560,0.079279,20,1466,13,0,0,4.626058,0.160650,4.626058
126,19:37:25.835747,8.171866,8.171866,0.054306,21,1413,13,0,0,4.711127,0.085069,4.711127
127,19:37:25.893014,8.229133,8.229133,0.057267,20,1369,13,0,0,4.862265,0.151138,4.862265
128,19:37:25.927885,8.264004,8.264004,0.034871,20,1318,13,0,0,4.957650,0.095385,4.957650
129,19:37:25.989751,8.325870,8.325870,0.061866,20,1270,13,0,0,5.098586,0.140936,5.098586
130,19:37:26.070218,8.406337,8.406337,0.080467,20,1223,13,0,0,5.231445,0.132859,5.231445
131,19:37:26.220294,8.556413,8.556413,0.150076,20,1162,13,0,0,5.580548,0.349103,5.580548
132,19:37:26.269293,8.605412,8.605412,0.048999,20,1143,15,0,0,5.749982,0.169433,5.749982
133,19:37:26.338629,8.674748,8.674748,0.069336,19,1135,15,41.997733363,-93.63298661,5.946696,0.196714,5.946696
134,19:37:26.398417,8.734536,8.734536,0.059788,19,1130,15,0,0,6.109826,0.163130,6.109826
135,19:37:26.502799,8.838918,8.838918,0.104382,20,1107,15,0,0,6.241338,0.131512,6.241338
136,19:37:26.613378,8.949497,8.949497,0.110579,19,1086,15,0,0,6.688089,0.446751,6.688089
137,19:37:26.683337,9.019456,9.019456,0.069959,18,1070,15,0,0,6.840389,0.152301,6.840389
138,19:37:26.731254,9.067373,9.067373,0.047917,18,1058,15,0,0,7.006141,0.165752,7.006141
139,19:37:26.775655,9.111774,9.111774,0.044401,18,1045,15,0,0,7.102150,0.096009,7.102150
140,19:37:26.825300,9.161419,9.161419,0.049645,18,1038,15,0,0,7.246459,0.144309,7.246459
141,19:37:26.911728,9.247847,9.247847,0.086428,18,1016,15,0,0,7.472850,0.226391,7.472850
142,19:37:26.958919,9.295038,9.295038,0.047191,18,1006,15,0,0,7.625515,0.152665,7.625515
143,19:37:26.988473,9.324592,9.324592,0.029554,18,995,15,0,0,7.701841,0.076326,7.701841
144,19:37:27.048681,9.384800,9.384800,0.060208,18,993,15,0,0,7.790502,0.088661,7.790502
145,19:37:27.092731,9.428850,9.428850,0.044050,18,984,15,0,0,7.986024,0.195522,7.986024
146,19:37:27.138664,9.474783,9.474783,0.045933,18,977,17,0,0,8.106309,0.120285,8.106309
147,19:37:27.199903,9.536022,9.536022,0.061239,18,972,17,0,0,8.278711,0.172402,8.278711
148,19:37:27.266295,9.602414,9.602414,0.066392,18,966,17,0,0,8.501563,0.222852,8.501563
149,19:37:27.377046,9.713165,9.713165,0.110751,18,973,17,41.997756416,-93.633028828,8.760854,0.259291,8.760854
150,19:37:27.417856,9.753975,9.753975,0.040810,18,980,17,41.9977565,-93.633028833,8.933739,0.172884,8.933739
151,19:37:27.496787,9.832906,9.832906,0.078931,18,981,17,0,0,9.119104,0.185366,9.119104
152,19:37:27.556979,9.893098,9.893098,0.060192,18,980,17,0,0,9.329174,0.210070,9.329174
153,19:37:27.611624,9.947743,9.947743,0.054645,18,980,17,0,0,9.502188,0.173014,9.502188
154,19:37:27.647082,9.983201,9.983201,0.035458,18,978,16,0,0,9.645376,0.143188,9.645376
155,19:37:27.732419,10.068538,10.068538,0.085337,18,975,16,0,0,9.877023,0.231647,9.877023
156,19:37:27.790377,10.126496,10.126496,0.057958,18,974,16,0,0,10.027531,0.150508,10.027531
157,19:37:27.835782,10.171901,10.171901,0.045405,18,971,16,0,0,10.155473,0.127943,10.155473
158,19:37:27.879374,10.215493,10.215493,0.043592,18,971,16,0,0,10.260421,0.104948,10.260421
159,19:37:27.923019,10.259138,10.259138,0.043645,18,971,16,0,0,10.423017,0.162596,10.423017
160,19:37:27.985114,10.321233,10.321233,0.062095,18,971,16,0,0,10.539306,0.116289,10.539306
161,19:37:28.019083,10.355202,10.355202,0.033969,18,968,16,0,0,10.702538,0.163232,10.702538
162,19:37:28.061622,10.397741,10.397741,0.042539,18,969,16,0,0,10.795200,0.092661,10.795200
163,19:37:28.128332,10.464451,10.464451,0.066710,18,966,16,0,0,10.970051,0.174851,10.970051
164,19:37:28.198789,10.534908,10.534908,0.070457,18,966,16,0,0,11.144141,0.174090,11.144141
165,19:37:28.242556,10.578675,10.578675,0.043767,18,962,16,0,0,11.306981,0.162840,11.306981
166,19:37:28.306952,10.643071,10.643071,0.064396,18,965,16,0,0,11.481469,0.174488,11.481469
167,19:37:28.357356,10.693475,10.693475,0.050404,18,962,16,41.997779544,-93.63307282,11.655925,0.174457,11.655925
168,19:37:28.423186,10.759305,10.759305,0.065830,18,959,16,0,0,11.783896,0.127971,11.783896
169,19:37:28.530793,10.866912,10.866912,0.107607,18,954,16,0,0,11.946719,0.162822,11.946719
170,19:37:28.632107,10.968226,10.968226,0.101314,18,951,16,0,0,12.318922,0.372203,12.318922
171,19:37:28.666779,11.002898,11.002898,0.034672,18,963,16,0,0,12.516662,0.197740,12.516662
172,19:37:28.753118,11.089237,11.089237,0.086339,18,980,16,0,0,12.749297,0.232635,12.749297
173,19:37:28.795666,11.131785,11.131785,0.042548,18,994,16,0,0,12.900481,0.151184,12.900481
174,19:37:28.839807,11.175926,11.175926,0.044141,18,1001,16,0,0,12.993549,0.093068,12.993549
175,19:37:28.885499,11.221618,11.221618,0.045692,18,1018,16,0,0,13.157680,0.164132,13.157680
176,19:37:28.947344,11.283463,11.283463,0.061845,18,1032,16,0,0,13.330870,0.173190,13.330870
177,19:37:29.021148,11.357267,11.357267,0.073804,18,1045,16,0,0,13.505364,0.174494,13.505364
178,19:37:29.061164,11.397283,11.397283,0.040016,18,1060,15,0,0,13.641196,0.135832,13.641196
179,19:37:29.111340,11.447459,11.447459,0.050176,18,1071,15,0,0,13.758046,0.116850,13.758046
180,19:37:29.226744,11.562863,11.562863,0.115404,18,1093,15,0,0,14.074302,0.316256,14.074302
181,19:37:29.288459,11.624578,11.624578,0.061715,18,1111,15,0,0,14.259622,0.185321,14.259622
182,19:37:29.387290,11.723409,11.723409,0.098831,18,1123,15,41.997803058,-93.633115749,14.444969,0.185347,14.444969
183,19:37:29.443847,11.779966,11.779966,0.056557,18,1145,15,0,0,14.630417,0.185448,14.630417
184,19:37:29.476207,11.812326,11.812326,0.032360,18,1158,15,0,0,14.750350,0.119933,14.750350
185,19:37:29.517673,11.853792,11.853792,0.041466,18,1160,17,0,0,14.859241,0.108891,14.859241
186,19:37:29.583112,11.919231,11.919231,0.065439,18,1170,17,0,0,14.982343,0.123102,14.982343
187,19:37:29.636247,11.972366,11.972366,0.053135,18,1184,17,0,0,15.230969,0.248626,15.230969
188,19:37:29.718682,12.054801,12.054801,0.082435,18,1191,17,0,0,15.390129,0.159161,15.390129
189,19:37:29.750264,12.086383,12.086383,0.031582,18,1203,17,0,0,15.575655,0.185525,15.575655
190,19:37:29.823106,12.159225,12.159225,0.072842,18,1208,17,0,0,15.761784,0.186129,15.761784
191,19:37:29.879605,12.215724,12.215724,0.056499,18,1216,17,0,0,15.946251,0.184467,15.946251
192,19:37:29.923032,12.259151,12.259151,0.043427,18,1218,17,0,0,16.107695,0.161444,16.107695
193,19:37:29.980806,12.316925,12.316925,0.057774,18,1222,16,0,0,16.260234,0.152539,16.260234
194,19:37:30.028305,12.364424,12.364424,0.047499,18,1225,16,0,0,16.400497,0.140263,16.400497
195,19:37:30.118816,12.454935,12.454935,0.090511,18,1227,16,0,0,16.589214,0.188717,16.589214
196,19:37:30.157946,12.494065,12.494065,0.039130,18,1230,16,0,0,16.748740,0.159526,16.748740
197,19:37:30.212752,12.548871,12.548871,0.054806,18,1231,16,0,0,16.912369,0.163629,16.912369
198,19:37:30.271000,12.607119,12.607119,0.058248,18,1234,16,0,0,17.074440,0.162071,17.074440
199,19:37:30.315790,12.651909,12.651909,0.044790,18,1234,16,0,0,17.203418,0.128978,17.203418
200,19:37:30.355216,12.691335,12.691335,0.039426,18,1236,16,41.997826652,-93.633153634,17.307075,0.103657,17.307075
201,19:37:30.384270,12.720389,12.720389,0.029054,18,1236,16,0,0,17.388841,0.081766,17.388841
202,19:37:30.437685,12.773804,12.773804,0.053415,18,1235,14,0,0,17.535405,0.146564,17.535405
203,19:37:30.478935,12.815054,12.815054,0.041250,18,1235,14,0,0,17.616830,0.081424,17.616830
204,19:37:30.564429,12.900548,12.900548,0.085494,18,1235,14,0,0,17.770426,0.153596,17.770426
205,19:37:30.631874,12.967993,12.967993,0.067445,18,1231,14,0,0,17.994425,0.223999,17.994425
206,19:37:30.714340,13.050459,13.050459,0.082466,18,1230,14,0,0,18.156230,0.161805,18.156230
207,19:37:30.754978,13.091097,13.091097,0.040638,18,1228,14,0,0,18.319080,0.162851,18.319080
208,19:37:30.790655,13.126774,13.126774,0.035677,18,1213,14,0,0,18.421464,0.102384,18.421464
209,19:37:30.856424,13.192543,13.192543,0.065769,18,1198,14,0,0,18.583709,0.162245,18.583709
210,19:37:30.932670,13.268789,13.268789,0.076246,18,1178,14,0,0,18.746528,0.162819,18.746528
211,19:37:30.992093,13.328212,13.328212,0.059423,18,1154,14,0,0,18.889010,0.142483,18.889010
212,19:37:31.033923,13.370042,13.370042,0.041830,18,1130,14,0,0,18.990778,0.101768,18.990778
213,19:37:31.110155,13.446274,13.446274,0.076232,18,1112,14,0,0,19.194329,0.203550,19.194329
214,19:37:31.148463,13.484582,13.484582,0.038308,18,1091,14,0,0,19.296286,0.101957,19.296286
215,19:37:31.227723,13.563842,13.563842,0.079260,18,1070,14,0,0,19.499975,0.203690,19.499975
216,19:37:31.325834,13.661953,13.661953,0.098111,18,1052,14,0,0,19.652948,0.152972,19.652948
217,19:37:31.382307,13.718426,13.718426,0.056473,18,1017,14,41.997847247,-93.633182152,19.855865,0.202917,19.855865
218,19:37:31.465443,13.801562,13.801562,0.083136,18,985,12,0,0,20.054741,0.198876,20.054741
219,19:37:31.517942,13.854061,13.854061,0.052499,18,968,12,0,0,20.168161,0.113420,20.168161
220,19:37:31.585050,13.921169,13.921169,0.067108,18,947,12,0,0,20.264135,0.095974,20.264135
221,19:37:31.667093,14.003212,14.003212,0.082043,18,920,12,0,0,20.482616,0.218481,20.482616
222,19:37:31.734938,14.071057,14.071057,0.067845,18,908,12,0,0,20.604362,0.121747,20.604362
223,19:37:31.774667,14.110786,14.110786,0.039729,18,892,12,0,0,20.717727,0.113364,20.717727
224,19:37:31.847351,14.183470,14.183470,0.072684,18,871,10,0,0,20.861886,0.144159,20.861886
225,19:37:31.905493,14.241612,14.241612,0.058142,18,854,10,0,0,20.941827,0.079941,20.941827
226,19:37:32.011765,14.347884,14.347884,0.106272,18,828,10,0,0,21.065533,0.123707,21.065533
227,19:37:32.084043,14.420162,14.420162,0.072278,18,796,10,0,0,21.261918,0.196384,21.261918
228,19:37:32.129806,14.465925,14.465925,0.045763,18,774,10,0,0,21.356200,0.094282,21.356200
229,19:37:32.189354,14.525473,14.525473,0.059548,18,766,10,0,0,21.472524,0.116324,21.472524
230,19:37:32.242222,14.578341,14.578341,0.052868,18,758,10,0,0,21.546046,0.073522,21.546046
231,19:37:32.297373,14.633492,14.633492,0.055151,18,752,10,0,0,21.625166,0.079121,21.625166
232,19:37:32.369348,14.705467,14.705467,0.071975,18,751,8,41.997861855,-93.633200079,21.717158,0.091991,21.717158
233,19:37:32.400271,14.736390,14.736390,0.030923,18,748,8,0,0,21.804407,0.087250,21.804407
234,19:37:32.449086,14.785205,14.785205,0.048815,18,743,8,0,0,21.868353,0.063946,21.868353
235,19:37:32.518847,14.854966,14.854966,0.069761,18,740,8,0,0,21.961429,0.093076,21.961429
236,19:37:32.567167,14.903286,14.903286,0.048320,18,742,8,0,0,22.043174,0.081745,22.043174
237,19:37:32.651738,14.987857,14.987857,0.084571,18,734,8,0,0,22.135884,0.092710,22.135884
238,19:37:32.794802,15.130921,15.130921,0.143064,18,738,8,0,0,22.246453,0.110569,22.246453
239,19:37:32.880856,15.216975,15.216975,0.086054,18,738,7,0,0,22.430023,0.183570,22.430023
240,19:37:32.945467,15.281586,15.281586,0.064611,18,736,7,0,0,22.541974,0.111951,22.541974
241,19:37:33.013165,15.349284,15.349284,0.067698,18,740,7,0,0,22.593030,0.051057,22.593030
242,19:37:33.113412,15.449531,15.449531,0.100247,18,748,7,0,0,22.740439,0.147408,22.740439
243,19:37:33.159764,15.495883,15.495883,0.046352,18,754,7,0,0,22.811681,0.071243,22.811681
244,19:37:33.293585,15.629704,15.629704,0.133821,18,757,7,0,0,22.852399,0.040718,22.852399
245,19:37:33.499937,15.836056,15.836056,0.206352,18,765,5,41.997869364,-93.633208243,23.124978,0.272578,23.124978
246,19:37:33.543325,15.879444,15.879444,0.043388,18,773,5,0,0,23.183155,0.058178,23.183155
247,19:37:33.925580,16.261699,16.261699,0.382255,18,780,4,0,0,23.364233,0.181078,23.364233
248,19:37:34.221685,16.557804,16.557804,0.296105,18,788,4,0,0,23.611391,0.247158,23.611391
249,19:37:34.284274,16.620393,16.620393,0.062589,18,797,4,0,0,23.718814,0.107423,23.718814
250,19:37:34.365425,16.701544,16.701544,0.081151,18,794,4,41.997878541,-93.633217573,23.759525,0.040711,23.759525
251,19:37:34.426971,16.763090,16.763090,0.061546,18,797,4,0,0,23.808952,0.049427,23.808952
252,19:37:34.475848,16.811967,16.811967,0.048877,18,798,4,0,0,23.844422,0.035469,23.844422
253,19:37:34.529682,16.865801,16.865801,0.053834,18,803,4,0,0,23.893282,0.048861,23.893282
254,19:37:34.643607,16.979726,16.979726,0.113925,18,804,4,0,0,23.971804,0.078521,23.971804
255,19:37:34.725220,17.061339,17.061339,0.081613,20,809,6,0,0,24.052705,0.080901,24.052705
256,19:37:34.759183,17.095302,17.095302,0.033963,21,820,6,0,0,24.091954,0.039249,24.091954
257,19:37:34.791905,17.128024,17.128024,0.032722,21,830,6,0,0,24.127774,0.035820,24.127774
258,19:37:34.888218,17.224337,17.224337,0.096313,21,855,6,0,0,24.192533,0.064759,24.192533
259,19:37:34.936097,17.272216,17.272216,0.047879,22,944,6,0,0,24.275160,0.082628,24.275160
260,19:37:35.076521,17.412640,17.412640,0.140424,22,1006,6,0,0,24.345512,0.070351,24.345512
261,19:37:35.232792,17.568911,17.568911,0.156271,22,1273,6,0,0,24.571752,0.226240,24.571752
262,19:37:35.287993,17.624112,17.624112,0.055201,22,1334,6,0,0,24.645902,0.074151,24.645902
263,19:37:35.390127,17.726246,17.726246,0.102134,22,1354,6,41.997893632,-93.633227134,24.706969,0.061067,24.706969
264,19:37:35.477075,17.813194,17.813194,0.086948,22,1395,6,0,0,24.850924,0.143954,24.850924
265,19:37:35.539557,17.875676,17.875676,0.062482,22,1418,6,0,0,24.916337,0.065413,24.916337
266,19:37:35.592732,17.928851,17.928851,0.053175,22,1424,6,0,0,24.964316,0.047979,24.964316
267,19:37:35.678046,18.014165,18.014165,0.085314,21,1435,8,0,0,25.052304,0.087988,25.052304
268,19:37:35.770891,18.107010,18.107010,0.092845,21,1438,8,0,0,25.226778,0.174473,25.226778
269,19:37:35.832049,18.168168,18.168168,0.061158,21,1438,8,0,0,25.308192,0.081414,25.308192
270,19:37:35.883160,18.219279,18.219279,0.051111,21,1438,8,0,0,25.372509,0.064318,25.372509
271,19:37:36.015496,18.351615,18.351615,0.132336,22,1438,8,0,0,25.553981,0.181472,25.553981
272,19:37:36.057266,18.393385,18.393385,0.041770,21,1442,8,0,0,25.633869,0.079888,25.633869
273,19:37:36.129778,18.465897,18.465897,0.072512,21,1444,10,0,0,25.703431,0.069562,25.703431
274,19:37:36.261811,18.597930,18.597930,0.132033,21,1449,10,0,0,25.928774,0.225343,25.928774
275,19:37:36.348361,18.684480,18.684480,0.086550,21,1451,10,41.997916881,-93.633233831,26.103244,0.174470,26.103244
276,19:37:36.427860,18.763979,18.763979,0.079499,21,1461,10,0,0,26.263168,0.159924,26.263168
277,19:37:36.477686,18.813805,18.813805,0.049826,21,1468,10,0,0,26.379485,0.116317,26.379485
278,19:37:36.537784,18.873903,18.873903,0.060098,21,1480,10,0,0,26.466741,0.087256,26.466741
279,19:37:36.612674,18.948793,18.948793,0.074890,21,1494,12,0,0,26.618074,0.151333,26.618074
280,19:37:36.685579,19.021698,19.021698,0.072905,21,1511,12,0,0,26.748899,0.130825,26.748899
281,19:37:36.757736,19.093855,19.093855,0.072157,21,1525,12,0,0,26.932607,0.183708,26.932607
282,19:37:36.794791,19.130910,19.130910,0.037055,21,1534,12,0,0,27.028017,0.095410,27.028017
283,19:37:36.828720,19.164839,19.164839,0.033929,21,1536,12,0,0,27.107011,0.078995,27.107011
284,19:37:36.865133,19.201252,19.201252,0.036413,21,1543,12,0,0,27.158851,0.051840,27.158851
285,19:37:36.956809,19.292928,19.292928,0.091676,21,1545,12,0,0,27.350841,0.191990,27.350841
286,19:37:36.999766,19.335885,19.335885,0.042957,22,1559,12,0,0,27.464221,0.113380,27.464221
287,19:37:37.046793,19.382912,19.382912,0.047027,22,1563,14,0,0,27.572703,0.108483,27.572703
288,19:37:37.100945,19.437064,19.437064,0.054152,22,1570,14,0,0,27.705036,0.132333,27.705036
289,19:37:37.142902,19.479021,19.479021,0.041957,22,1574,14,0,0,27.796597,0.091561,27.796597
290,19:37:37.209321,19.545440,19.545440,0.066419,22,1576,14,0,0,27.959461,0.162864,27.959461
291,19:37:37.281791,19.617910,19.617910,0.072470,22,1538,14,0,0,28.152832,0.193371,28.152832
292,19:37:37.345349,19.681468,19.681468,0.063558,22,1516,14,41.997948807,-93.633229559,28.317119,0.164287,28.317119
293,19:37:37.439229,19.775348,19.775348,0.093880,22,1479,14,0,0,28.529376,0.212257,28.529376
294,19:37:37.512822,19.848941,19.848941,0.073593,22,1419,14,0,0,28.743531,0.214155,28.743531
295,19:37:37.588923,19.925042,19.925042,0.076101,22,1388,14,0,0,28.926303,0.182772,28.926303
296,19:37:37.655299,19.991418,19.991418,0.066376,22,1377,14,0,0,29.050745,0.124442,29.050745
297,19:37:37.715188,20.051307,20.051307,0.059889,22,1370,14,0,0,29.211296,0.160550,29.211296
298,19:37:37.810687,20.146806,20.146806,0.095499,22,1385,14,0,0,29.445349,0.234054,29.445349
299,19:37:37.858592,20.194711,20.194711,0.047905,22,1401,14,0,0,29.588815,0.143466,29.588815
300,19:37:37.943471,20.279590,20.279590,0.084879,22,1422,14,0,0,29.782637,0.193821,29.782637
301,19:37:38.060776,20.396895,20.396895,0.117305,22,1450,14,0,0,30.097017,0.314380,30.097017
302,19:37:38.134490,20.470609,20.470609,0.073714,22,1477,14,0,0,30.259562,0.162546,30.259562
303,19:37:38.196568,20.532687,20.532687,0.062078,22,1483,14,0,0,30.402060,0.142497,30.402060
304,19:37:38.308335,20.644454,20.644454,0.111767,22,1491,14,0,0,30.657490,0.255430,30.657490
305,19:37:38.370323,20.706442,20.706442,0.061988,22,1492,14,41.997986795,-93.633212388,30.819363,0.161873,30.819363
306,19:37:38.430203,20.766322,20.766322,0.059880,22,1498,14,0,0,30.992351,0.172988,30.992351
307,19:37:38.467682,20.803801,20.803801,0.037479,22,1502,16,0,0,31.129020,0.136670,31.129020
308,19:37:38.514227,20.850346,20.850346,0.046545,22,1506,16,0,0,31.233082,0.104062,31.233082
309,19:37:38.581174,20.917293,20.917293,0.066947,22,1510,16,0,0,31.396300,0.163218,31.396300
310,19:37:38.649930,20.986049,20.986049,0.068756,22,1515,16,0,0,31.642780,0.246480,31.642780
311,19:37:38.705487,21.041606,21.041606,0.055557,22,1516,16,0,0,31.780679,0.137898,31.780679
312,19:37:38.783436,21.119555,21.119555,0.077949,22,1512,16,0,0,31.954678,0.173999,31.954678
313,19:37:38.858649,21.194768,21.194768,0.075213,22,1501,16,0,0,32.186571,0.231894,32.186571
314,19:37:38.922387,21.258506,21.258506,0.063738,22,1490,16,0,0,32.373343,0.186772,32.373343
315,19:37:39.005576,21.341695,21.341695,0.083189,22,1480,18,0,0,32.615204,0.241860,32.615204
316,19:37:39.075263,21.411382,21.411382,0.069687,21,1468,18,0,0,32.838176,0.222973,32.838176
317,19:37:39.125679,21.461798,21.461798,0.050416,21,1455,18,0,0,33.020837,0.182661,33.020837
318,19:37:39.207176,21.543295,21.543295,0.081497,21,1442,18,0,0,33.282536,0.261698,33.282536
319,19:37:39.255646,21.591765,21.591765,0.048470,20,1422,18,0,0,33.491929,0.209393,33.491929
320,19:37:39.365369,21.701488,21.701488,0.109723,19,1408,18,41.998031027,-93.633186982,33.648920,0.156991,33.648920
321,19:37:39.472798,21.808917,21.808917,0.107429,19,1336,20,0,0,34.089853,0.440934,34.089853
322,19:37:39.540861,21.876980,21.876980,0.068063,18,1262,20,0,0,34.468732,0.378879,34.468732
323,19:37:39.614783,21.950902,21.950902,0.073922,18,1233,20,0,0,34.642393,0.173661,34.642393
324,19:37:39.662666,21.998785,21.998785,0.047883,18,1200,20,0,0,34.904060,0.261667,34.904060
325,19:37:39.716311,22.052430,22.052430,0.053645,18,1188,20,0,0,35.078527,0.174467,35.078527
326,19:37:39.771977,22.108096,22.108096,0.055666,18,1177,20,0,0,35.298110,0.219583,35.298110
327,19:37:39.838521,22.174640,22.174640,0.066544,18,1176,20,0,0,35.485624,0.187514,35.485624
328,19:37:39.908863,22.244982,22.244982,0.070342,18,1177,20,0,0,35.732788,0.247164,35.732788
329,19:37:39.956578,22.292697,22.292697,0.047715,18,1177,20,0,0,35.936342,0.203554,35.936342
330,19:37:40.030059,22.366178,22.366178,0.073481,18,1174,20,0,0,36.155041,0.218699,36.155041
331,19:37:40.086752,22.422871,22.422871,0.056693,18,1172,20,0,0,36.389154,0.234114,36.389154
332,19:37:40.125325,22.461444,22.461444,0.038573,18,1172,20,0,0,36.561527,0.172372,36.561527
333,19:37:40.175220,22.511339,22.511339,0.049895,18,1171,20,0,0,36.663351,0.101825,36.663351
334,19:37:40.263197,22.599316,22.599316,0.087977,18,1168,20,0,0,36.983165,0.319814,36.983165
335,19:37:40.333771,22.669890,22.669890,0.070574,18,1163,20,41.998077397,-93.633157745,37.274044,0.290879,37.274044
336,19:37:40.390351,22.726470,22.726470,0.056580,18,1164,20,0,0,37.462960,0.188916,37.462960
337,19:37:40.442193,22.778312,22.778312,0.051842,18,1162,20,0,0,37.637433,0.174473,37.637433
338,19:37:40.517663,22.853782,22.853782,0.075470,18,1161,20,0,0,37.913764,0.276331,37.913764
339,19:37:40.574429,22.910548,22.910548,0.056766,18,1162,20,0,0,38.074501,0.160737,38.074501
340,19:37:40.613777,22.949896,22.949896,0.039348,18,1161,20,0,0,38.262625,0.188124,38.262625
341,19:37:40.689326,23.025445,23.025445,0.075549,18,1162,20,0,0,38.528119,0.265494,38.528119
342,19:37:40.734840,23.070959,23.070959,0.045514,18,1158,20,0,0,38.685112,0.156993,38.685112
343,19:37:40.790277,23.126396,23.126396,0.055437,18,1157,20,0,0,38.902380,0.217268,38.902380
344,19:37:40.824291,23.160410,23.160410,0.034014,18,1154,20,0,0,39.033217,0.130837,39.033217
345,19:37:40.873676,23.209795,23.209795,0.049385,18,1152,20,0,0,39.208372,0.175155,39.208372
346,19:37:40.921126,23.257245,23.257245,0.047450,18,1148,20,0,0,39.353918,0.145546,39.353918
347,19:37:40.986974,23.323093,23.323093,0.065848,18,1145,20,0,0,39.527529,0.173611,39.527529
348,19:37:41.077674,23.413793,23.413793,0.090700,18,1143,20,0,0,39.789275,0.261746,39.789275
349,19:37:41.143952,23.480071,23.480071,0.066278,18,1141,20,0,0,40.123560,0.334285,40.123560
350,19:37:41.176189,23.512308,23.512308,0.032237,18,1140,20,0,0,40.283562,0.160003,40.283562
351,19:37:41.234288,23.570407,23.570407,0.058099,18,1141,20,0,0,40.443423,0.159860,40.443423
352,19:37:41.286696,23.622815,23.622815,0.052408,18,1139,19,0,0,40.653038,0.209616,40.653038
353,19:37:41.331353,23.667472,23.667472,0.044657,18,1138,19,0,0,40.778235,0.125196,40.778235
354,19:37:41.363978,23.700097,23.700097,0.032625,18,1134,19,41.998124283,-93.633125708,40.929289,0.151055,40.929289
355,19:37:41.421250,23.757369,23.757369,0.057272,18,1133,19,41.998124333,-93.633125667,41.054445,0.125155,41.054445
356,19:37:41.469689,23.805808,23.805808,0.048439,18,1130,19,0,0,41.260991,0.206546,41.260991
357,19:37:41.528803,23.864922,23.864922,0.059114,18,1128,19,0,0,41.482630,0.221639,41.482630
358,19:37:41.616052,23.952171,23.952171,0.087249,18,1123,19,0,0,41.690711,0.208080,41.690711
359,19:37:41.708419,24.044538,24.044538,0.092367,18,1116,19,0,0,42.062640,0.371929,42.062640
360,19:37:41.783205,24.119324,24.119324,0.074786,18,1112,19,0,0,42.282883,0.220244,42.282883
361,19:37:41.830716,24.166835,24.166835,0.047511,18,1107,19,0,0,42.477086,0.194202,42.477086
362,19:37:41.906668,24.242787,24.242787,0.075952,18,1104,19,0,0,42.724881,0.247795,42.724881
363,19:37:41.932953,24.269072,24.269072,0.026285,18,1104,19,0,0,42.849985,0.125105,42.849985
364,19:37:42.000799,24.336918,24.336918,0.067846,18,1101,19,0,0,43.001134,0.151149,43.001134
365,19:37:42.059718,24.395837,24.395837,0.058919,18,1098,19,0,0,43.166888,0.165754,43.166888
366,19:37:42.095781,24.431900,24.431900,0.036063,18,1094,19,0,0,43.375518,0.208630,43.375518
367,19:37:42.143404,24.479523,24.479523,0.047623,18,1091,19,0,0,43.542428,0.166910,43.542428
368,19:37:42.232868,24.568987,24.568987,0.089464,18,1088,21,0,0,43.793753,0.251325,43.793753
369,19:37:42.294788,24.630907,24.630907,0.061920,18,1083,21,0,0,44.053395,0.259643,44.053395
370,19:37:42.324470,24.660589,24.660589,0.029682,18,1075,21,0,0,44.221849,0.168454,44.221849
371,19:37:42.355857,24.691976,24.691976,0.031387,18,1076,21,41.998170542,-93.633098497,44.344362,0.122512,44.344362
372,19:37:42.417349,24.753468,24.753468,0.061492,18,1075,21,0,0,44.526545,0.182183,44.526545
373,19:37:42.449018,24.785137,24.785137,0.031669,18,1071,21,41.998170667,-93.6330985,44.663913,0.137368,44.663913
374,19:37:42.484799,24.820918,24.820918,0.035781,18,1070,21,0,0,44.816618,0.152705,44.816618
375,19:37:42.522836,24.858955,24.858955,0.038037,18,1068,21,0,0,44.953971,0.137353,44.953971
376,19:37:42.562593,24.898712,24.898712,0.039757,18,1066,21,0,0,45.091413,0.137442,45.091413
377,19:37:42.606959,24.943078,24.943078,0.044366,18,1064,21,0,0,45.274565,0.183153,45.274565
378,19:37:42.643412,24.979531,24.979531,0.036453,18,1060,21,0,0,45.411955,0.137390,45.411955
379,19:37:42.695566,25.031685,25.031685,0.052154,18,1055,20,0,0,45.588372,0.176417,45.588372
380,19:37:42.757313,25.093432,25.093432,0.061747,18,1051,20,0,0,45.777352,0.188980,45.777352
381,19:37:42.869415,25.205534,25.205534,0.112102,18,1038,20,0,0,46.127800,0.350449,46.127800
382,19:37:42.917460,25.253579,25.253579,0.048045,18,1029,20,0,0,46.315325,0.187525,46.315325
383,19:37:42.952782,25.288901,25.288901,0.035322,18,1020,20,0,0,46.491832,0.176507,46.491832
384,19:37:43.005670,25.341789,25.341789,0.052888,18,1008,20,0,0,46.664289,0.172458,46.664289
385,19:37:43.041660,25.377779,25.377779,0.035990,18,1001,20,0,0,46.824803,0.160514,46.824803
386,19:37:43.094859,25.430978,25.430978,0.053199,18,998,20,0,0,46.970427,0.145624,46.970427
387,19:37:43.130046,25.466165,25.466165,0.035187,18,989,20,0,0,47.114955,0.144527,47.114955
388,19:37:43.168855,25.504974,25.504974,0.038809,18,984,19,0,0,47.268625,0.153670,47.268625
389,19:37:43.238825,25.574944,25.574944,0.069970,18,979,19,0,0,47.462018,0.193393,47.462018
390,19:37:43.303331,25.639450,25.639450,0.064506,18,972,19,0,0,47.724460,0.262443,47.724460
391,19:37:43.347484,25.683603,25.683603,0.044153,18,964,19,41.998216187,-93.633088742,47.848783,0.124322,47.848783
392,19:37:43.400744,25.736863,25.736863,0.053260,18,957,19,0,0,48.028940,0.180158,48.028940
393,19:37:43.435152,25.771271,25.771271,0.034408,18,957,19,0,0,48.152646,0.123706,48.152646
394,19:37:43.477775,25.813894,25.813894,0.042623,18,960,19,0,0,48.291168,0.138521,48.291168
395,19:37:43.534451,25.870570,25.870570,0.056676,18,962,19,0,0,48.428876,0.137709,48.428876
396,19:37:43.590539,25.926658,25.926658,0.056088,18,970,19,0,0,48.664250,0.235374,48.664250
397,19:37:43.630733,25.966852,25.966852,0.040194,18,979,17,0,0,48.803130,0.138880,48.803130
398,19:37:43.698713,26.034832,26.034832,0.067980,18,990,17,0,0,49.000889,0.197759,49.000889
399,19:37:43.776321,26.112440,26.112440,0.077608,18,1002,17,0,0,49.224164,0.223275,49.224164
400,19:37:43.824246,26.160365,26.160365,0.047925,18,1021,17,0,0,49.396322,0.172158,49.396322
401,19:37:43.886788,26.222907,26.222907,0.062542,18,1026,17,0,0,49.569388,0.173066,49.569388
402,19:37:43.946681,26.282800,26.282800,0.059893,18,1043,17,0,0,49.718375,0.148987,49.718375
403,19:37:43.984821,26.320940,26.320940,0.038140,18,1053,17,0,0,49.853586,0.135212,49.853586
404,19:37:44.044447,26.380566,26.380566,0.059626,18,1066,17,0,0,50.041291,0.187704,50.041291
405,19:37:44.100587,26.436706,26.436706,0.056140,18,1076,17,0,0,50.187300,0.146009,50.187300
406,19:37:44.136322,26.472441,26.472441,0.035735,18,1088,16,0,0,50.328743,0.141444,50.328743
407,19:37:44.191562,26.527681,26.527681,0.055240,18,1093,16,0,0,50.445884,0.117141,50.445884
408,19:37:44.262667,26.598786,26.598786,0.071105,18,1106,16,0,0,50.677710,0.231826,50.677710
409,19:37:44.308966,26.645085,26.645085,0.046299,18,1114,16,0,0,50.805656,0.127945,50.805656
410,19:37:44.379148,26.715267,26.715267,0.070182,18,1122,16,41.998254753,-93.633098474,51.015742,0.210087,51.015742
411,19:37:44.419311,26.755430,26.755430,0.040163,18,1132,16,41.998254833,-93.6330985,51.120060,0.104318,51.120060
412,19:37:44.452226,26.788345,26.788345,0.032915,18,1136,16,0,0,51.212790,0.092730,51.212790
413,19:37:44.517051,26.853170,26.853170,0.064825,18,1142,16,0,0,51.387609,0.174819,51.387609
414,19:37:44.574064,26.910183,26.910183,0.057013,18,1148,16,0,0,51.515123,0.127514,51.515123
415,19:37:44.660556,26.996675,26.996675,0.086492,18,1157,15,0,0,51.780637,0.265514,51.780637
416,19:37:44.715160,27.051279,27.051279,0.054604,18,1167,15,0,0,51.923064,0.142427,51.923064
417,19:37:44.747623,27.083742,27.083742,0.032463,18,1169,15,0,0,52.032104,0.109040,52.032104
418,19:37:44.796957,27.133076,27.133076,0.049334,18,1176,15,0,0,52.162296,0.130192,52.162296
419,19:37:44.870070,27.206189,27.206189,0.073113,18,1178,15,0,0,52.261111,0.098814,52.261111
420,19:37:44.972323,27.308442,27.308442,0.102253,18,1186,15,0,0,52.576661,0.315550,52.576661
421,19:37:45.024619,27.360738,27.360738,0.052296,18,1194,15,0,0,52.772954,0.196293,52.772954
422,19:37:45.097915,27.434034,27.434034,0.073296,18,1198,14,0,0,52.959589,0.186635,52.959589
423,19:37:45.206427,27.542546,27.542546,0.108512,18,1190,14,0,0,53.111721,0.152132,53.111721
424,19:37:45.285263,27.621382,27.621382,0.078836,18,1169,14,0,0,53.416975,0.305254,53.416975
425,19:37:45.400053,27.736172,27.736172,0.114790,18,1157,14,41.998284266,-93.63311791,53.630703,0.213728,53.630703
426,19:37:45.481389,27.817508,27.817508,0.081336,18,1161,14,0,0,53.895317,0.264614,53.895317
427,19:37:45.542274,27.878393,27.878393,0.060885,18,1161,13,0,0,54.030398,0.135080,54.030398
428,19:37:45.612595,27.948714,27.948714,0.070321,18,1143,13,0,0,54.210739,0.180341,54.210739
429,19:37:45.687721,28.023840,28.023840,0.075126,18,1134,13,0,0,54.390420,0.179682,54.390420
430,19:37:45.729657,28.065776,28.065776,0.041936,18,1133,13,0,0,54.474036,0.083616,54.474036
431,19:37:45.818794,28.154913,28.154913,0.089137,18,1131,13,0,0,54.663048,0.189012,54.663048
432,19:37:45.873966,28.210085,28.210085,0.055172,18,1131,13,0,0,54.804791,0.141743,54.804791
433,19:37:45.920847,28.256966,28.256966,0.046881,18,1131,13,0,0,54.918404,0.113613,54.918404
434,19:37:45.958291,28.294410,28.294410,0.037444,18,1129,13,0,0,55.012700,0.094296,55.012700
435,19:37:46.026661,28.362780,28.362780,0.068370,18,1128,11,0,0,55.145702,0.133001,55.145702
436,19:37:46.065862,28.401981,28.401981,0.039201,20,1123,11,0,0,55.217674,0.071972,55.217674
437,19:37:46.102166,28.438285,28.438285,0.036304,20,1119,11,0,0,55.281678,0.064003,55.281678
438,19:37:46.164706,28.500825,28.500825,0.062540,20,1119,11,0,0,55.393617,0.111939,55.393617
439,19:37:46.231307,28.567426,28.567426,0.066601,20,1120,11,0,0,55.481557,0.087941,55.481557
440,19:37:46.283944,28.620063,28.620063,0.052637,20,1147,11,0,0,55.633506,0.151948,55.633506
441,19:37:46.397888,28.734007,28.734007,0.113944,20,1158,11,41.998304852,-93.633144701,55.761462,0.127956,55.761462
442,19:37:46.481090,28.817209,28.817209,0.083202,21,1204,11,0,0,56.001347,0.239885,56.001347
443,19:37:46.580369,28.916488,28.916488,0.099279,23,1236,11,0,0,56.201249,0.199901,56.201249
444,19:37:46.639554,28.975673,28.975673,0.059185,24,1297,11,0,0,56.337219,0.135970,56.337219
445,19:37:46.749542,29.085661,29.085661,0.109988,24,1360,11,0,0,56.513321,0.176102,56.513321
446,19:37:46.882555,29.218674,29.218674,0.133013,24,1543,11,0,0,56.690868,0.177547,56.690868
447,19:37:46.961049,29.297168,29.297168,0.078494,24,1646,11,0,0,56.976916,0.286048,56.976916
448,19:37:47.050251,29.386370,29.386370,0.089202,23,1688,11,0,0,57.137320,0.160403,57.137320
449,19:37:47.115567,29.451686,29.451686,0.065316,23,1690,11,0,0,57.249268,0.111948,57.249268
450,19:37:47.172679,29.508798,29.508798,0.057112,23,1684,11,0,0,57.376736,0.127468,57.376736
451,19:37:47.220068,29.556187,29.556187,0.047389,23,1682,11,0,0,57.472730,0.095994,57.472730
452,19:37:47.260371,29.596490,29.596490,0.040303,23,1680,11,0,0,57.544675,0.071945,57.544675
453,19:37:47.295674,29.631793,29.631793,0.035303,23,1679,11,0,0,57.616647,0.071972,57.616647
454,19:37:47.346616,29.682735,29.682735,0.050942,23,1680,11,0,0,57.720678,0.104031,57.720678
455,19:37:47.410614,29.746733,29.746733,0.063998,23,1683,11,41.998320537,-93.633180108,57.824556,0.103878,57.824556
456,19:37:47.503701,29.839820,29.839820,0.093087,22,1688,11,0,0,58.016574,0.192018,58.016574
457,19:37:47.544752,29.880871,29.880871,0.041051,22,1686,11,0,0,58.096453,0.079879,58.096453
458,19:37:47.605822,29.941941,29.941941,0.061070,22,1679,11,0,0,58.232866,0.136413,58.232866
459,19:37:47.656933,29.993052,29.993052,0.051111,22,1668,11,0,0,58.304350,0.071484,58.304350
460,19:37:47.713887,30.050006,30.050006,0.056954,22,1653,11,0,0,58.448623,0.144273,58.448623
461,19:37:47.740498,30.076617,30.076617,0.026611,22,1648,11,0,0,58.496330,0.047707,58.496330
462,19:37:47.795142,30.131261,30.131261,0.054644,22,1644,11,0,0,58.592228,0.095898,58.592228
463,19:37:47.876157,30.212276,30.212276,0.081015,22,1634,11,0,0,58.712389,0.120161,58.712389
464,19:37:47.910432,30.246551,30.246551,0.034275,22,1622,13,0,0,58.832244,0.119854,58.832244
465,19:37:47.954707,30.290826,30.290826,0.044275,22,1618,13,0,0,58.944272,0.112028,58.944272
466,19:37:48.028615,30.364734,30.364734,0.073908,22,1610,13,0,0,59.124117,0.179846,59.124117
467,19:37:48.070297,30.406416,30.406416,0.041682,22,1599,13,0,0,59.218311,0.094194,59.218311
468,19:37:48.145435,30.481554,30.481554,0.075138,22,1588,13,0,0,59.360775,0.142463,59.360775
469,19:37:48.197391,30.533510,30.533510,0.051956,22,1555,13,0,0,59.492381,0.131606,59.492381
470,19:37:48.241451,30.577570,30.577570,0.044060,21,1529,13,0,0,59.615241,0.122860,59.615241
471,19:37:48.275745,30.611864,30.611864,0.034294,21,1515,13,0,0,59.691147,0.075906,59.691147
472,19:37:48.343064,30.679183,30.679183,0.067319,21,1493,13,41.998335823,-93.633224448,59.785345,0.094199,59.785345
473,19:37:48.394749,30.730868,30.730868,0.051685,21,1448,15,0,0,59.975947,0.190601,59.975947
474,19:37:48.479869,30.815988,30.815988,0.085120,21,1404,15,41.998335833,-93.633224333,60.140175,0.164229,60.140175
475,19:37:48.544934,30.881053,30.881053,0.065065,21,1336,15,0,0,60.346694,0.206518,60.346694
476,19:37:48.594654,30.930773,30.930773,0.049720,21,1316,15,0,0,60.477567,0.130873,60.477567
477,19:37:48.637489,30.973608,30.973608,0.042835,21,1301,15,0,0,60.630219,0.152652,60.630219
478,19:37:48.701699,31.037818,31.037818,0.064210,21,1297,15,0,0,60.739695,0.109476,60.739695
479,19:37:48.734783,31.070902,31.070902,0.033084,21,1296,15,0,0,60.870098,0.130402,60.870098
480,19:37:48.775796,31.111915,31.111915,0.041013,21,1297,15,0,0,61.000963,0.130866,61.000963
481,19:37:48.841887,31.178006,31.178006,0.066091,21,1296,15,0,0,61.101067,0.100103,61.101067
482,19:37:48.916089,31.252208,31.252208,0.074202,20,1295,15,0,0,61.317850,0.216783,61.317850
483,19:37:48.950067,31.286186,31.286186,0.033978,20,1293,15,0,0,61.437860,0.120010,61.437860
484,19:37:48.985797,31.321916,31.321916,0.035730,20,1290,15,0,0,61.557074,0.119214,61.557074
485,19:37:49.026823,31.362942,31.362942,0.041026,20,1284,15,0,0,61.666111,0.109037,61.666111
486,19:37:49.087934,31.424053,31.424053,0.061111,20,1282,15,0,0,61.807907,0.141796,61.807907
487,19:37:49.163832,31.499951,31.499951,0.075898,20,1267,15,0,0,62.025970,0.218063,62.025970
488,19:37:49.202613,31.538732,31.538732,0.038781,20,1260,15,0,0,62.136288,0.110318,62.136288
489,19:37:49.253670,31.589789,31.589789,0.051057,20,1254,15,0,0,62.233175,0.096887,62.233175
490,19:37:49.301693,31.637812,31.637812,0.048023,20,1248,15,0,0,62.364007,0.130831,62.364007
491,19:37:49.346123,31.682242,31.682242,0.044430,20,1239,15,41.998352027,-93.633271748,62.495125,0.131118,62.495125
492,19:37:49.397936,31.734055,31.734055,0.051813,20,1232,15,0,0,62.625743,0.130618,62.625743
493,19:37:49.439651,31.775770,31.775770,0.041715,19,1224,15,0,0,62.745660,0.119917,62.745660
494,19:37:49.464836,31.800955,31.800955,0.025185,19,1220,15,0,0,62.843812,0.098152,62.843812
495,19:37:49.514109,31.850228,31.850228,0.049273,19,1207,15,0,0,62.941959,0.098147,62.941959
496,19:37:49.556921,31.893040,31.893040,0.042812,19,1186,15,0,0,63.072816,0.130857,63.072816
497,19:37:49.605089,31.941208,31.941208,0.048168,18,1165,15,0,0,63.182189,0.109373,63.182189
498,19:37:49.638789,31.974908,31.974908,0.033700,18,1140,15,0,0,63.290891,0.108701,63.290891
499,19:37:49.670950,32.007069,32.007069,0.032161,18,1124,15,0,0,63.378112,0.087221,63.378112
500,19:37:49.709337,32.045456,32.045456,0.038387,18,1102,15,0,0,63.465347,0.087235,63.465347
501,19:37:49.744539,32.080658,32.080658,0.035202,18,1086,15,0,0,63.563502,0.098154,63.563502
502,19:37:49.779048,32.115167,32.115167,0.034509,18,1070,17,0,0,63.671878,0.108376,63.671878
503,19:37:49.815910,32.152029,32.152029,0.036862,18,1055,17,0,0,63.758371,0.086493,63.758371
504,19:37:49.867178,32.203297,32.203297,0.051268,18,1041,17,0,0,63.919071,0.160699,63.919071
505,19:37:49.907458,32.243577,32.243577,0.040280,18,1023,17,0,0,64.054980,0.135909,64.054980
506,19:37:49.935760,32.271879,32.271879,0.028302,18,1012,17,0,0,64.141492,0.086512,64.141492
507,19:37:49.968755,32.304874,32.304874,0.032995,18,1002,17,0,0,64.265510,0.124019,64.265510
508,19:37:50.004418,32.340537,32.340537,0.035663,18,997,17,0,0,64.351633,0.086123,64.351633
509,19:37:50.034477,32.370596,32.370596,0.030059,18,983,17,0,0,64.450444,0.098811,64.450444
510,19:37:50.098582,32.434701,32.434701,0.064105,18,972,17,0,0,64.598753,0.148309,64.598753
511,19:37:50.120862,32.456981,32.456981,0.022280,18,963,17,0,0,64.711540,0.112787,64.711540
512,19:37:50.153208,32.489327,32.489327,0.032346,18,954,17,0,0,64.821243,0.109703,64.821243
513,19:37:50.198414,32.534533,32.534533,0.045206,18,948,17,0,0,64.944779,0.123536,64.944779
514,19:37:50.232073,32.568192,32.568192,0.033659,18,940,16,0,0,65.039117,0.094338,65.039117
515,19:37:50.276313,32.612432,32.612432,0.044240,18,938,16,0,0,65.167051,0.127934,65.167051
516,19:37:50.312021,32.648140,32.648140,0.035708,19,932,16,0,0,65.260142,0.093090,65.260142
517,19:37:50.343968,32.680087,32.680087,0.031947,19,926,16,41.998371404,-93.633315723,65.353152,0.093010,65.353152
518,19:37:50.373361,32.709480,32.709480,0.029393,19,926,16,0,0,65.446228,0.093076,65.446228
519,19:37:50.430793,32.766912,32.766912,0.057432,20,927,16,0,0,65.527626,0.081397,65.527626
520,19:37:50.480200,32.816319,32.816319,0.049407,19,929,16,0,0,65.748625,0.220999,65.748625
521,19:37:50.560785,32.896904,32.896904,0.080585,19,938,16,0,0,65.877231,0.128607,65.877231
522,19:37:50.606291,32.942410,32.942410,0.045506,19,948,16,0,0,66.086620,0.209389,66.086620
523,19:37:50.682998,33.019117,33.019117,0.076707,19,964,16,0,0,66.283917,0.197297,66.283917
524,19:37:50.761794,33.097913,33.097913,0.078796,19,984,15,0,0,66.462123,0.178206,66.462123
525,19:37:50.811176,33.147295,33.147295,0.049382,19,997,15,0,0,66.646059,0.183936,66.646059
526,19:37:50.947458,33.283577,33.283577,0.136282,20,1020,15,0,0,66.896857,0.250799,66.896857
527,19:37:51.010721,33.346840,33.346840,0.063263,20,1045,15,0,0,67.137212,0.240355,67.137212
528,19:37:51.090944,33.427063,33.427063,0.080223,20,1067,15,0,0,67.398473,0.261261,67.398473
529,19:37:51.172688,33.508807,33.508807,0.081744,20,1095,15,0,0,67.529320,0.130847,67.529320
530,19:37:51.213690,33.549809,33.549809,0.041002,20,1129,15,0,0,67.725605,0.196285,67.725605
531,19:37:51.306684,33.642803,33.642803,0.092994,20,1142,15,0,0,67.976401,0.250796,67.976401
532,19:37:51.337543,33.673662,33.673662,0.030859,20,1171,15,41.998395426,-93.633350722,68.074545,0.098144,68.074545
533,19:37:51.388212,33.724331,33.724331,0.050669,20,1174,15,0,0,68.195479,0.120934,68.195479
534,19:37:51.428547,33.764666,33.764666,0.040335,20,1188,15,0,0,68.292625,0.097146,68.292625
535,19:37:51.491448,33.827567,33.827567,0.062901,20,1194,15,0,0,68.435557,0.142932,68.435557
536,19:37:51.571730,33.907849,33.907849,0.080282,20,1211,15,0,0,68.664676,0.229119,68.664676
537,19:37:51.625865,33.961984,33.961984,0.054135,20,1223,15,0,0,68.750612,0.085936,68.750612
538,19:37:51.664122,34.000241,34.000241,0.038257,20,1233,15,0,0,68.925087,0.174476,68.925087
539,19:37:51.706338,34.042457,34.042457,0.042216,20,1236,15,0,0,69.045059,0.119972,69.045059
540,19:37:51.791278,34.127397,34.127397,0.084940,20,1244,15,0,0,69.252241,0.207181,69.252241
541,19:37:51.835298,34.171417,34.171417,0.044020,20,1244,15,0,0,69.372165,0.119925,69.372165
542,19:37:51.902801,34.238920,34.238920,0.067503,19,1239,15,0,0,69.503023,0.130857,69.503023
543,19:37:51.939209,34.275328,34.275328,0.036408,19,1233,15,0,0,69.668959,0.165936,69.668959
544,19:37:51.980809,34.316928,34.316928,0.041600,19,1225,15,0,0,69.764805,0.095847,69.764805
545,19:37:52.036739,34.372858,34.372858,0.055930,19,1216,15,0,0,69.895604,0.130799,69.895604
546,19:37:52.074485,34.410604,34.410604,0.037746,19,1198,15,0,0,70.026462,0.130858,70.026462
547,19:37:52.166254,34.502373,34.502373,0.091769,19,1178,15,0,0,70.233633,0.207170,70.233633
548,19:37:52.225811,34.561930,34.561930,0.059557,19,1169,15,0,0,70.364477,0.130845,70.364477
549,19:37:52.270868,34.606987,34.606987,0.045057,18,1158,15,0,0,70.495958,0.131481,70.495958
550,19:37:52.321733,34.657852,34.657852,0.050865,19,1153,15,0,0,70.680698,0.184740,70.680698
551,19:37:52.403339,34.739458,34.739458,0.081606,18,1136,15,41.998429273,-93.633373107,70.866077,0.185379,70.866077
552,19:37:52.452288,34.788407,34.788407,0.048949,18,1121,15,41.998429333,-93.633373167,71.018737,0.152660,71.018737
553,19:37:52.497969,34.834088,34.834088,0.045681,18,1111,15,0,0,71.116870,0.098133,71.116870
554,19:37:52.541585,34.877704,34.877704,0.043616,19,1102,15,0,0,71.237277,0.120407,71.237277
555,19:37:52.597157,34.933276,34.933276,0.055572,19,1090,17,0,0,71.429478,0.192202,71.429478
556,19:37:52.644688,34.980807,34.980807,0.047531,19,1077,17,0,0,71.565417,0.135939,71.565417
557,19:37:52.682603,35.018722,35.018722,0.037915,19,1070,17,0,0,71.690163,0.124746,71.690163
558,19:37:52.722110,35.058229,35.058229,0.039507,19,1070,17,0,0,71.787847,0.097684,71.787847
559,19:37:52.756562,35.092681,35.092681,0.034452,19,1071,17,0,0,71.911444,0.123597,71.911444
560,19:37:52.798949,35.135068,35.135068,0.042387,19,1071,17,0,0,72.035227,0.123783,72.035227
561,19:37:52.842539,35.178658,35.178658,0.043590,19,1076,17,0,0,72.170970,0.135743,72.170970
562,19:37:52.886907,35.223026,35.223026,0.044368,19,1079,17,0,0,72.271812,0.100843,72.271812
563,19:37:52.948961,35.285080,35.285080,0.062054,18,1084,17,0,0,72.492274,0.220462,72.492274
564,19:37:53.010240,35.346359,35.346359,0.061279,18,1089,17,0,0,72.653957,0.161683,72.653957
565,19:37:53.054084,35.390203,35.390203,0.043844,18,1090,17,0,0,72.813637,0.159680,72.813637
566,19:37:53.077819,35.413938,35.413938,0.023735,18,1093,17,0,0,72.900523,0.086886,72.900523
567,19:37:53.112574,35.448693,35.448693,0.034755,18,1090,17,0,0,72.986609,0.086086,72.986609
568,19:37:53.156651,35.492770,35.492770,0.044077,18,1090,17,0,0,73.134908,0.148299,73.134908
569,19:37:53.194101,35.530220,35.530220,0.037450,18,1090,17,0,0,73.209048,0.074139,73.209048
570,19:37:53.231674,35.567793,35.567793,0.037573,18,1088,17,0,0,73.345041,0.135993,73.345041
571,19:37:53.283135,35.619254,35.619254,0.051461,18,1088,17,0,0,73.480938,0.135897,73.480938
572,19:37:53.323468,35.659587,35.659587,0.040333,18,1088,17,0,0,73.617434,0.136496,73.617434
573,19:37:53.388846,35.724965,35.724965,0.065378,18,1083,17,41.998470896,-93.633377286,73.816187,0.198753,73.816187
574,19:37:53.438335,35.774454,35.774454,0.049489,18,1081,17,0,0,73.938190,0.122003,73.938190
575,19:37:53.470222,35.806341,35.806341,0.031887,18,1080,17,0,0,74.049429,0.111239,74.049429
576,19:37:53.514685,35.850804,35.850804,0.044463,18,1081,17,0,0,74.199134,0.149706,74.199134
577,19:37:53.558923,35.895042,35.895042,0.044238,18,1080,17,0,0,74.333667,0.134533,74.333667
578,19:37:53.620005,35.956124,35.956124,0.061082,18,1081,17,0,0,74.470469,0.136802,74.470469
579,19:37:53.672071,36.008190,36.008190,0.052066,19,1080,17,0,0,74.655011,0.184542,74.655011
580,19:37:53.805063,36.141182,36.141182,0.132992,20,1089,17,0,0,74.963935,0.308923,74.963935
581,19:37:53.849248,36.185367,36.185367,0.044185,20,1108,17,0,0,75.211873,0.247938,75.211873
582,19:37:53.886297,36.222416,36.222416,0.037049,20,1118,17,0,0,75.309973,0.098100,75.309973
583,19:37:53.949229,36.285348,36.285348,0.062932,20,1132,17,0,0,75.495345,0.185372,75.495345
584,19:37:53.997164,36.333283,36.333283,0.047935,20,1151,17,0,0,75.643656,0.148311,75.643656
585,19:37:54.048616,36.384735,36.384735,0.051452,20,1166,17,0,0,75.791944,0.148288,75.791944
586,19:37:54.082972,36.419091,36.419091,0.034356,20,1178,17,0,0,75.915546,0.123602,75.915546
587,19:37:54.215307,36.551426,36.551426,0.132335,21,1190,17,0,0,76.237569,0.322023,76.237569
588,19:37:54.304168,36.640287,36.640287,0.088861,21,1223,17,0,0,76.521976,0.284407,76.521976
589,19:37:54.354057,36.690176,36.690176,0.049889,21,1267,17,41.998516677,-93.633364395,76.731188,0.209212,76.731188
590,19:37:54.393241,36.729360,36.729360,0.039184,21,1284,17,0,0,76.854769,0.123581,76.854769
591,19:37:54.430871,36.766990,36.766990,0.037630,21,1296,17,0,0,76.966114,0.111345,76.966114
592,19:37:54.462189,36.798308,36.798308,0.031318,21,1313,19,0,0,77.087466,0.121353,77.087466
593,19:37:54.499810,36.835929,36.835929,0.037621,21,1326,19,0,0,77.197944,0.110477,77.197944
594,19:37:54.526501,36.862620,36.862620,0.026691,21,1343,19,0,0,77.294630,0.096687,77.294630
595,19:37:54.557215,36.893334,36.893334,0.030714,21,1354,19,0,0,77.405853,0.111222,77.405853
596,19:37:54.604690,36.940809,36.940809,0.047475,21,1368,19,0,0,77.543285,0.137432,77.543285
597,19:37:54.635393,36.971512,36.971512,0.030703,21,1381,19,0,0,77.639948,0.096663,77.639948
598,19:37:54.682680,37.018799,37.018799,0.047287,21,1386,19,0,0,77.791967,0.152019,77.791967
599,19:37:54.718013,37.054132,37.054132,0.035333,21,1396,19,0,0,77.932943,0.140977,77.932943
600,19:37:54.746280,37.082399,37.082399,0.028267,21,1401,19,0,0,78.040494,0.107551,78.040494
601,19:37:54.773757,37.109876,37.109876,0.027477,21,1407,19,0,0,78.109720,0.069225,78.109720
602,19:37:54.804726,37.140845,37.140845,0.030969,21,1412,19,0,0,78.233883,0.124163,78.233883
603,19:37:54.833038,37.169157,37.169157,0.028312,22,1410,19,0,0,78.317594,0.083711,78.317594
604,19:37:54.881803,37.217922,37.217922,0.048765,22,1412,19,0,0,78.455344,0.137750,78.455344
605,19:37:54.912732,37.248851,37.248851,0.030929,22,1417,19,0,0,78.579178,0.123834,78.579178
606,19:37:54.945970,37.282089,37.282089,0.033238,22,1422,19,0,0,78.689685,0.110508,78.689685
607,19:37:54.986927,37.323046,37.323046,0.040957,22,1423,19,0,0,78.841613,0.151928,78.841613
608,19:37:55.023345,37.359464,37.359464,0.036418,22,1429,19,0,0,78.979724,0.138111,78.979724
609,19:37:55.063223,37.399342,37.399342,0.039878,22,1434,19,0,0,79.076434,0.096710,79.076434
610,19:37:55.093944,37.430063,37.430063,0.030721,22,1438,19,0,0,79.214574,0.138140,79.214574
611,19:37:55.123375,37.459494,37.459494,0.029431,22,1452,19,0,0,79.315819,0.101245,79.315819
612,19:37:55.160552,37.496671,37.496671,0.037177,22,1462,19,0,0,79.422547,0.106728,79.422547
613,19:37:55.206817,37.542936,37.542936,0.046265,22,1474,19,0,0,79.573676,0.151129,79.573676
614,19:37:55.238129,37.574248,37.574248,0.031312,22,1484,19,0,0,79.699176,0.125499,79.699176
615,19:37:55.275090,37.611209,37.611209,0.036961,22,1498,19,0,0,79.794658,0.095482,79.794658
616,19:37:55.311232,37.647351,37.647351,0.036142,22,1514,19,0,0,79.946650,0.151992,79.946650
617,19:37:55.390266,37.726385,37.726385,0.079034,22,1519,19,41.998566591,-93.633343586,80.181396,0.234746,80.181396
618,19:37:55.428860,37.764979,37.764979,0.038594,22,1530,21,0,0,80.332662,0.151266,80.332662
619,19:37:55.499683,37.835802,37.835802,0.070823,22,1536,21,0,0,80.620918,0.288257,80.620918
620,19:37:55.570912,37.907031,37.907031,0.071229,22,1532,21,0,0,80.849911,0.228993,80.849911
621,19:37:55.624711,37.960830,37.960830,0.053799,22,1527,21,0,0,81.048366,0.198455,81.048366
622,19:37:55.671491,38.007610,38.007610,0.046780,22,1526,21,0,0,81.216335,0.167969,81.216335
623,19:37:55.713413,38.049532,38.049532,0.041922,22,1523,21,0,0,81.414760,0.198425,81.414760
624,19:37:55.765848,38.101967,38.101967,0.052435,22,1521,21,0,0,81.567457,0.152697,81.567457
625,19:37:55.824795,38.160914,38.160914,0.058947,22,1513,21,0,0,81.782168,0.214711,81.782168
626,19:37:55.876268,38.212387,38.212387,0.051473,22,1513,21,0,0,82.010133,0.227965,82.010133
627,19:37:55.914905,38.251024,38.251024,0.038637,22,1510,21,0,0,82.132776,0.122643,82.132776
628,19:37:55.967322,38.303441,38.303441,0.052417,22,1510,21,0,0,82.361314,0.228538,82.361314
629,19:37:56.028076,38.364195,38.364195,0.060754,22,1513,21,0,0,82.483889,0.122576,82.483889
630,19:37:56.084152,38.420271,38.420271,0.056076,22,1522,21,0,0,82.742973,0.259084,82.742973
631,19:37:56.114727,38.450846,38.450846,0.030575,22,1527,21,0,0,82.865057,0.122084,82.865057
632,19:37:56.160912,38.497031,38.497031,0.046185,22,1530,21,0,0,83.035042,0.169985,83.035042
633,19:37:56.238500,38.574619,38.574619,0.077588,22,1531,21,0,0,83.231437,0.196395,83.231437
634,19:37:56.302918,38.639037,38.639037,0.064418,22,1536,21,0,0,83.613103,0.381666,83.613103
635,19:37:56.336808,38.672927,38.672927,0.033890,22,1540,21,41.998623016,-93.633320036,83.735136,0.122033,83.735136
636,19:37:56.376860,38.712979,38.712979,0.040052,22,1543,23,0,0,83.852287,0.117151,83.852287
637,19:37:56.431190,38.767309,38.767309,0.054330,22,1544,23,41.998623,-93.63332,84.000439,0.148152,84.000439
638,19:37:56.466668,38.802787,38.802787,0.035478,22,1547,23,0,0,84.235575,0.235136,84.235575
639,19:37:56.583487,38.919606,38.919606,0.116819,22,1552,23,0,0,84.518872,0.283297,84.518872
640,19:37:56.684694,39.020813,39.020813,0.101207,21,1555,23,0,0,85.104695,0.585823,85.104695
641,19:37:56.742784,39.078903,39.078903,0.058090,21,1548,23,0,0,85.354871,0.250177,85.354871
642,19:37:56.816816,39.152935,39.152935,0.074032,21,1538,23,0,0,85.656781,0.301910,85.656781
643,19:37:56.890276,39.226395,39.226395,0.073460,22,1536,25,0,0,85.908110,0.251328,85.908110
644,19:37:56.942772,39.278891,39.278891,0.052496,21,1536,25,0,0,86.251615,0.343505,86.251615
645,19:37:57.033718,39.369837,39.369837,0.090946,21,1540,25,0,0,86.432766,0.181151,86.432766
646,19:37:57.082713,39.418832,39.418832,0.048995,21,1552,25,0,0,86.870823,0.438057,86.870823
647,19:37:57.159611,39.495730,39.495730,0.076898,21,1558,25,0,0,87.123419,0.252596,87.123419
648,19:37:57.201912,39.538031,39.538031,0.042301,21,1561,25,0,0,87.397063,0.273644,87.397063
649,19:37:57.270357,39.606476,39.606476,0.068445,21,1562,25,0,0,87.704976,0.307914,87.704976
650,19:37:57.307870,39.643989,39.643989,0.037513,21,1564,25,0,0,87.850341,0.145365,87.850341
651,19:37:57.407410,39.743529,39.743529,0.099540,21,1565,25,41.998685602,-93.633298365,88.177470,0.327129,88.177470
652,19:37:57.455955,39.792074,39.792074,0.048545,21,1562,25,0,0,88.469336,0.291866,88.469336
653,19:37:57.540776,39.876895,39.876895,0.084821,21,1570,25,0,0,88.851014,0.381678,88.851014
654,19:37:57.615210,39.951329,39.951329,0.074434,21,1570,25,0,0,89.213388,0.362374,89.213388
655,19:37:57.671088,40.007207,40.007207,0.055878,21,1572,25,0,0,89.449657,0.236269,89.449657
656,19:37:57.724707,40.060826,40.060826,0.053619,21,1571,25,0,0,89.652651,0.202994,89.652651
657,19:37:57.763852,40.099971,40.099971,0.039145,21,1574,25,0,0,89.831309,0.178658,89.831309
658,19:37:57.873433,40.209552,40.209552,0.109581,21,1579,25,0,0,90.231129,0.399820,90.231129
659,19:37:57.913824,40.249943,40.249943,0.040391,21,1584,25,0,0,90.521939,0.290810,90.521939
660,19:37:57.974176,40.310295,40.310295,0.060352,21,1584,25,0,0,90.740031,0.218092,90.740031
661,19:37:58.026791,40.362910,40.362910,0.052615,21,1586,25,0,0,91.048943,0.308912,91.048943
662,19:37:58.080598,40.416717,40.416717,0.053807,21,1552,25,0,0,91.267651,0.218708,91.267651
663,19:37:58.155948,40.492067,40.492067,0.075350,21,1506,25,0,0,91.557844,0.290193,91.557844
664,19:37:58.205535,40.541654,40.541654,0.049587,21,1428,25,0,0,91.812264,0.254420,91.812264
665,19:37:58.275400,40.611519,40.611519,0.069865,21,1366,27,0,0,92.179171,0.366907,92.179171
666,19:37:58.355934,40.692053,40.692053,0.080534,20,1306,27,41.998752992,-93.633282156,92.552125,0.372954,92.552125
667,19:37:58.444084,40.780203,40.780203,0.088150,21,1286,27,0,0,92.826893,0.274769,92.826893
668,19:37:58.564474,40.900593,40.900593,0.120390,21,1263,27,0,0,93.356852,0.529958,93.356852
669,19:37:58.594734,40.930853,40.930853,0.030260,21,1273,27,0,0,93.710151,0.353300,93.710151
670,19:37:58.701730,41.037849,41.037849,0.106996,21,1290,27,0,0,94.220540,0.510389,94.220540
671,19:37:58.751941,41.088060,41.088060,0.050211,21,1302,27,0,0,94.456026,0.235486,94.456026
672,19:37:58.797912,41.134031,41.134031,0.045971,21,1309,27,0,0,94.692792,0.236766,94.692792
673,19:37:58.889189,41.225308,41.225308,0.091277,21,1319,27,0,0,95.025249,0.332456,95.025249
674,19:37:58.948689,41.284808,41.284808,0.059500,21,1333,27,0,0,95.378595,0.353347,95.378595
675,19:37:59.001446,41.337565,41.337565,0.052757,21,1340,27,0,0,95.594566,0.215970,95.594566
676,19:37:59.082796,41.418915,41.418915,0.081350,21,1344,27,0,0,96.026328,0.431763,96.026328
677,19:37:59.137189,41.473308,41.473308,0.054393,21,1347,27,0,0,96.301077,0.274749,96.301077
678,19:37:59.257807,41.593926,41.593926,0.120618,21,1352,29,0,0,96.695647,0.394570,96.695647
679,19:37:59.425288,41.761407,41.761407,0.167481,21,1354,29,41.998824112,-93.633270408,97.395936,0.700289,97.395936
680,19:37:59.511423,41.847542,41.847542,0.086135,21,1348,29,0,0,98.150288,0.754352,98.150288
681,19:37:59.550559,41.886678,41.886678,0.039136,21,1347,29,0,0,98.424336,0.274047,98.424336
682,19:37:59.608258,41.944377,41.944377,0.057699,20,1344,29,0,0,98.719493,0.295157,98.719493
683,19:37:59.671462,42.007581,42.007581,0.063204,20,1341,28,0,0,99.027959,0.308466,99.027959
684,19:37:59.714003,42.050122,42.050122,0.042541,21,1336,28,0,0,99.271476,0.243517,99.271476
685,19:37:59.792205,42.128324,42.128324,0.078202,21,1330,28,0,0,99.617497,0.346021,99.617497
686,19:37:59.903720,42.239839,42.239839,0.111515,21,1328,28,0,0,99.986102,0.368605,99.986102
687,19:38:00.055457,42.391576,42.391576,0.151737,20,1318,28,0,0,100.859975,0.873873,100.859975
688,19:38:00.131544,42.467663,42.467663,0.076087,20,1304,28,0,0,101.164434,0.304459,101.164434
689,19:38:00.197560,42.533679,42.533679,0.066016,20,1289,28,0,0,101.530827,0.366393,101.530827
690,19:38:00.306307,42.642426,42.642426,0.108747,20,1276,28,0,0,101.857722,0.326895,101.857722
691,19:38:00.366977,42.703096,42.703096,0.060670,20,1271,28,41.998897916,-93.633261509,102.426449,0.568727,102.426449
692,19:38:00.514736,42.850855,42.850855,0.147759,21,1273,28,0,0,103.077848,0.651399,103.077848
693,19:38:00.574717,42.910836,42.910836,0.059981,20,1280,28,0,0,103.487618,0.409770,103.487618
694,19:38:00.669376,43.005495,43.005495,0.094659,20,1282,30,0,0,104.027127,0.539508,104.027127
695,19:38:00.727204,43.063323,43.063323,0.057828,20,1281,30,0,0,104.327330,0.300203,104.327330
696,19:38:00.813867,43.149986,43.149986,0.086663,20,1276,30,0,0,104.719949,0.392619,104.719949
697,19:38:00.950158,43.286277,43.286277,0.136291,20,1276,30,0,0,105.352433,0.632484,105.352433
698,19:38:01.041977,43.378096,43.378096,0.091819,20,1274,30,0,0,105.832159,0.479726,105.832159
699,19:38:01.129961,43.466080,43.466080,0.087984,20,1268,30,0,0,106.273652,0.441493,106.273652
700,19:38:01.195030,43.531149,43.531149,0.065069,20,1260,30,0,0,106.750855,0.477203,106.750855
701,19:38:01.277554,43.613673,43.613673,0.082524,20,1250,30,0,0,107.118886,0.368031,107.118886
702,19:38:01.348316,43.684435,43.684435,0.070762,20,1248,30,41.998972876,-93.633256223,107.576996,0.458110,107.576996
703,19:38:01.401226,43.737345,43.737345,0.052910,20,1246,30,0,0,107.842343,0.265347,107.842343
704,19:38:01.441558,43.777677,43.777677,0.040332,20,1249,30,0,0,108.122059,0.279716,108.122059
705,19:38:01.491005,43.827124,43.827124,0.049447,20,1254,30,0,0,108.361951,0.239892,108.361951
706,19:38:01.566703,43.902822,43.902822,0.075698,20,1258,30,0,0,108.712216,0.350265,108.712216
707,19:38:01.613815,43.949934,43.949934,0.047112,20,1258,30,0,0,109.059985,0.347769,109.059985
708,19:38:01.654718,43.990837,43.990837,0.040903,20,1257,30,0,0,109.278693,0.218708,109.278693
709,19:38:01.735574,44.071693,44.071693,0.080856,19,1248,30,0,0,109.671141,0.392449,109.671141
710,19:38:01.812671,44.148790,44.148790,0.077097,19,1240,30,0,0,110.041271,0.370130,110.041271
711,19:38:01.868561,44.204680,44.204680,0.055890,19,1226,30,0,0,110.304291,0.263020,110.304291
712,19:38:01.936833,44.272952,44.272952,0.068272,19,1220,30,0,0,110.652596,0.348306,110.652596
713,19:38:02.014900,44.351019,44.351019,0.078067,20,1213,30,0,0,111.088064,0.435467,111.088064
714,19:38:02.094802,44.430921,44.430921,0.079902,20,1207,30,0,0,111.589724,0.501661,111.589724
715,19:38:02.143436,44.479555,44.479555,0.048634,20,1204,30,0,0,111.829621,0.239897,111.829621
716,19:38:02.195874,44.531993,44.531993,0.052438,20,1206,30,0,0,112.069503,0.239882,112.069503
717,19:38:02.231407,44.567526,44.567526,0.035533,20,1205,30,0,0,112.352973,0.283469,112.352973
718,19:38:02.285342,44.621461,44.621461,0.053935,20,1208,30,0,0,112.592918,0.239946,112.592918
719,19:38:02.317159,44.653278,44.653278,0.031817,20,1208,30,0,0,112.767394,0.174476,112.767394
720,19:38:02.356230,44.692349,44.692349,0.039071,20,1210,30,41.999048453,-93.633253934,112.985425,0.218031,112.985425
721,19:38:02.421740,44.757859,44.757859,0.065510,20,1210,30,0,0,113.357418,0.371993,113.357418
722,19:38:02.456060,44.792179,44.792179,0.034320,20,1215,30,0,0,113.530658,0.173239,113.530658
723,19:38:02.512769,44.848888,44.848888,0.056709,20,1215,30,0,0,113.776560,0.245903,113.776560
724,19:38:02.607998,44.944117,44.944117,0.095229,20,1214,30,0,0,114.272222,0.495662,114.272222
725,19:38:02.656904,44.993023,44.993023,0.048906,19,1211,30,0,0,114.621114,0.348892,114.621114
726,19:38:02.689874,45.025993,45.025993,0.032970,19,1209,30,0,0,114.796414,0.175300,114.796414
727,19:38:02.734344,45.070463,45.070463,0.044470,19,1209,30,0,0,115.036861,0.240447,115.036861
728,19:38:02.798653,45.134772,45.134772,0.064309,20,1208,30,0,0,115.362597,0.325736,115.362597
729,19:38:02.869000,45.205119,45.205119,0.070347,20,1202,30,0,0,115.667987,0.305390,115.667987
730,19:38:02.908876,45.244995,45.244995,0.039876,20,1202,30,0,0,115.885880,0.217893,115.885880
731,19:38:02.958210,45.294329,45.294329,0.049334,20,1208,30,0,0,116.236129,0.350249,116.236129
732,19:38:03.001921,45.338040,45.338040,0.043711,20,1207,30,0,0,116.322070,0.085942,116.322070
733,19:38:03.052766,45.388885,45.388885,0.050845,20,1213,30,0,0,116.672416,0.350345,116.672416
734,19:38:03.107312,45.443431,45.443431,0.054546,20,1216,30,0,0,117.020115,0.347699,117.020115
735,19:38:03.166984,45.503103,45.503103,0.059672,20,1219,30,0,0,117.283086,0.262972,117.283086
736,19:38:03.221924,45.558043,45.558043,0.054940,19,1218,30,0,0,117.565279,0.282192,117.565279
737,19:38:03.257730,45.593849,45.593849,0.035806,19,1216,30,0,0,117.783433,0.218154,117.783433
738,19:38:03.345229,45.681348,45.681348,0.087499,19,1208,30,41.999125341,-93.633253801,118.243470,0.460037,118.243470
739,19:38:03.389094,45.725213,45.725213,0.043865,19,1190,30,0,0,118.482542,0.239072,118.482542
740,19:38:03.429406,45.765525,45.765525,0.040312,19,1186,30,0,0,118.721151,0.238609,118.721151
741,19:38:03.530793,45.866912,45.866912,0.101387,19,1184,30,0,0,119.224622,0.503471,119.224622
742,19:38:03.573147,45.909266,45.909266,0.042354,19,1184,30,0,0,119.419473,0.194852,119.419473
743,19:38:03.637826,45.973945,45.973945,0.064679,19,1188,30,0,0,119.747543,0.328069,119.747543
744,19:38:03.691912,46.028031,46.028031,0.054086,19,1190,30,0,0,120.029729,0.282186,120.029729
745,19:38:03.774715,46.110834,46.110834,0.082803,19,1186,30,0,0,120.316419,0.286691,120.316419
746,19:38:03.854051,46.190170,46.190170,0.079336,19,1184,30,0,0,120.771234,0.454815,120.771234
747,19:38:03.951052,46.287171,46.287171,0.097001,19,1179,30,0,0,121.344190,0.572955,121.344190
748,19:38:04.001800,46.337919,46.337919,0.050748,19,1177,30,0,0,121.688103,0.343914,121.688103
749,19:38:04.081677,46.417796,46.417796,0.079877,20,1174,30,0,0,122.081036,0.392932,122.081036
750,19:38:04.123130,46.459249,46.459249,0.041453,19,1169,30,0,0,122.385040,0.304005,122.385040
751,19:38:04.189601,46.525720,46.525720,0.066471,19,1170,30,0,0,122.758359,0.373318,122.758359
752,19:38:04.236118,46.572237,46.572237,0.046517,19,1171,30,0,0,123.017493,0.259134,123.017493
753,19:38:04.290014,46.626133,46.626133,0.053896,19,1170,30,0,0,123.279261,0.261768,123.279261
754,19:38:04.363210,46.699329,46.699329,0.073196,19,1166,30,41.99920323,-93.633256302,123.606399,0.327138,123.606399
755,19:38:04.429444,46.765563,46.765563,0.066234,19,1166,30,41.999203167,-93.633256333,123.911703,0.305303,123.911703
756,19:38:04.489145,46.825264,46.825264,0.059701,19,1164,30,0,0,124.326811,0.415108,124.326811
757,19:38:04.534846,46.870965,46.870965,0.045701,19,1162,30,0,0,124.566953,0.240142,124.566953
758,19:38:04.616677,46.952796,46.952796,0.081831,18,1155,30,0,0,125.002159,0.435206,125.002159
759,19:38:04.670602,47.006721,47.006721,0.053925,18,1147,30,0,0,125.242034,0.239876,125.242034
760,19:38:04.748199,47.084318,47.084318,0.077597,18,1136,30,0,0,125.634557,0.392522,125.634557
761,19:38:04.810288,47.146407,47.146407,0.062089,18,1129,30,0,0,126.048988,0.414431,126.048988
762,19:38:04.858619,47.194738,47.194738,0.048331,18,1123,32,0,0,126.257921,0.208932,126.257921
763,19:38:04.905992,47.242111,47.242111,0.047373,18,1120,32,0,0,126.534710,0.276789,126.534710
764,19:38:04.995786,47.331905,47.331905,0.089794,18,1116,32,0,0,126.953310,0.418600,126.953310
765,19:38:05.132249,47.468368,47.468368,0.136463,18,1111,32,0,0,127.489017,0.535707,127.489017
766,19:38:05.194058,47.530177,47.530177,0.061809,18,1104,32,0,0,128.210627,0.721610,128.210627
767,19:38:05.226413,47.562532,47.562532,0.032355,18,1102,32,0,0,128.442171,0.231544,128.442171
768,19:38:05.274712,47.610831,47.610831,0.048299,18,1096,32,0,0,128.698028,0.255857,128.698028
769,19:38:05.368821,47.704940,47.704940,0.094109,18,1094,31,41.999280586,-93.633263132,129.061116,0.363088,129.061116
770,19:38:05.460427,47.796546,47.796546,0.091606,18,1091,31,0,0,129.692121,0.631005,129.692121
771,19:38:05.572450,47.908569,47.908569,0.112023,18,1091,31,0,0,129.962577,0.270456,129.962577
772,19:38:05.725348,48.061467,48.061467,0.152898,18,1089,31,0,0,131.134439,1.171862,131.134439
773,19:38:05.788940,48.125059,48.125059,0.063592,18,1084,30,0,0,131.467508,0.333069,131.467508
774,19:38:05.863579,48.199698,48.199698,0.074639,18,1081,30,0,0,131.856495,0.388987,131.856495
775,19:38:05.988549,48.324668,48.324668,0.124970,18,1073,30,0,0,132.426975,0.570480,132.426975
776,19:38:06.210799,48.546918,48.546918,0.222250,18,1071,30,0,0,133.538429,1.111454,133.538429
777,19:38:06.314449,48.650568,48.650568,0.103650,18,1076,30,0,0,134.103532,0.565103,134.103532
778,19:38:06.355577,48.691696,48.691696,0.041128,18,1077,30,41.999356377,-93.633274365,134.560699,0.457167,134.560699
779,19:38:06.398244,48.734363,48.734363,0.042667,18,1077,30,0,0,134.713329,0.152630,134.713329
780,19:38:06.449316,48.785435,48.785435,0.051072,18,1076,30,0,0,134.996975,0.283646,134.996975
781,19:38:06.560190,48.896309,48.896309,0.110874,18,1072,30,0,0,135.454968,0.457993,135.454968
782,19:38:06.616155,48.952274,48.952274,0.055965,18,1066,30,0,0,135.912955,0.457987,135.912955
783,19:38:06.716917,49.053036,49.053036,0.100762,18,1064,29,0,0,136.445230,0.532275,136.445230
784,19:38:06.802351,49.138470,49.138470,0.085434,18,1066,29,0,0,136.889480,0.444250,136.889480
785,19:38:06.864890,49.201009,49.201009,0.062539,18,1063,29,0,0,137.077094,0.187614,137.077094
786,19:38:06.916182,49.252301,49.252301,0.051292,18,1064,29,0,0,137.499327,0.422233,137.499327
787,19:38:06.960279,49.296398,49.296398,0.044097,18,1062,29,0,0,137.708866,0.209539,137.708866
788,19:38:07.049442,49.385561,49.385561,0.089163,18,1062,29,0,0,137.961811,0.252946,137.961811
789,19:38:07.145300,49.481419,49.481419,0.095858,18,1058,29,0,0,138.552152,0.590341,138.552152
790,19:38:07.252720,49.588839,49.588839,0.107420,18,1054,29,0,0,139.163497,0.611345,139.163497
791,19:38:07.320152,49.656271,49.656271,0.067432,18,1054,29,0,0,139.542977,0.379480,139.542977
792,19:38:07.431355,49.767474,49.767474,0.111203,18,1053,29,41.999430377,-93.633289488,139.776139,0.233162,139.776139
793,19:38:07.590478,49.926597,49.926597,0.159123,18,1050,29,0,0,140.871145,1.095006,140.871145
794,19:38:07.678501,50.014620,50.014620,0.088023,18,1050,29,0,0,141.314161,0.443015,141.314161
795,19:38:07.778410,50.114529,50.114529,0.099909,18,1054,29,0,0,141.819891,0.505731,141.819891
796,19:38:07.830288,50.166407,50.166407,0.051878,18,1060,29,0,0,142.178234,0.358343,142.178234
797,19:38:07.865915,50.202034,50.202034,0.035627,18,1060,29,0,0,142.390356,0.212122,142.390356
798,19:38:07.933374,50.269493,50.269493,0.067459,18,1063,29,0,0,142.578758,0.188402,142.578758
799,19:38:08.042572,50.378691,50.378691,0.109198,18,1061,29,0,0,143.253402,0.674644,143.253402
800,19:38:08.127370,50.463489,50.463489,0.084798,18,1058,29,0,0,143.551606,0.298204,143.551606
801,19:38:08.241685,50.577804,50.577804,0.114315,18,1056,29,0,0,144.181004,0.629399,144.181004
802,19:38:08.293426,50.629545,50.629545,0.051741,18,1056,29,0,0,144.581554,0.400550,144.581554
803,19:38:08.333247,50.669366,50.669366,0.039821,18,1055,29,0,0,144.730739,0.149186,144.730739
804,19:38:08.445863,50.781982,50.781982,0.112616,18,1058,29,41.999502652,-93.633308736,145.235101,0.504361,145.235101
805,19:38:08.530308,50.866427,50.866427,0.084445,18,1054,29,0,0,145.720463,0.485362,145.720463
806,19:38:08.684715,51.020834,51.020834,0.154407,18,1054,28,0,0,146.376418,0.655955,146.376418
807,19:38:08.755407,51.091526,51.091526,0.070692,18,1045,28,0,0,146.885327,0.508910,146.885327
808,19:38:08.819788,51.155907,51.155907,0.064381,18,1044,28,0,0,147.193736,0.308409,147.193736
809,19:38:08.882444,51.218563,51.218563,0.062656,18,1043,28,0,0,147.434898,0.241162,147.434898
810,19:38:08.923596,51.259715,51.259715,0.041152,18,1040,28,0,0,147.761351,0.326452,147.761351
811,19:38:08.993454,51.329573,51.329573,0.069858,18,1035,28,0,0,148.065864,0.304513,148.065864
812,19:38:09.075612,51.411731,51.411731,0.082158,18,1034,28,0,0,148.411895,0.346031,148.411895
813,19:38:09.126818,51.462937,51.462937,0.051206,18,1030,28,0,0,148.719242,0.307346,148.719242
814,19:38:09.174115,51.510234,51.510234,0.047297,18,1031,28,0,0,148.941167,0.221926,148.941167
815,19:38:09.246041,51.582160,51.582160,0.071926,18,1023,28,0,0,149.266800,0.325633,149.266800
816,19:38:09.318768,51.654887,51.654887,0.072727,18,1024,28,0,0,149.634009,0.367210,149.634009
817,19:38:09.410859,51.746978,51.746978,0.092091,18,1015,28,41.99957223,-93.633331957,149.999584,0.365575,149.999584
818,19:38:09.541443,51.877562,51.877562,0.130584,18,1003,28,0,0,150.569524,0.569940,150.569524
819,19:38:09.644699,51.980818,51.980818,0.103256,18,992,28,0,0,151.322815,0.753291,151.322815
820,19:38:09.717241,52.053360,52.053360,0.072542,18,988,28,0,0,151.627974,0.305159,151.627974
821,19:38:09.802669,52.138788,52.138788,0.085428,18,985,28,0,0,152.035116,0.407142,152.035116
822,19:38:09.848340,52.184459,52.184459,0.045671,18,980,28,0,0,152.279701,0.244585,152.279701
823,19:38:09.939038,52.275157,52.275157,0.090698,18,976,28,0,0,152.686445,0.406744,152.686445
824,19:38:10.023667,52.359786,52.359786,0.084629,18,962,26,0,0,153.166882,0.480437,153.166882
825,19:38:10.059172,52.395291,52.395291,0.035505,18,954,26,0,0,153.336990,0.170108,153.336990
826,19:38:10.117214,52.453333,52.453333,0.058042,18,951,26,0,0,153.507101,0.170111,153.507101
827,19:38:10.152915,52.489034,52.489034,0.035701,18,948,26,0,0,153.771720,0.264619,153.771720
828,19:38:10.252130,52.588249,52.588249,0.099215,18,942,26,0,0,154.111935,0.340215,154.111935
829,19:38:10.353585,52.689704,52.689704,0.101455,18,930,26,0,0,154.679241,0.567306,154.679241
830,19:38:10.419242,52.755361,52.755361,0.065657,18,926,26,41.999635484,-93.633356309,154.906891,0.227650,154.906891
831,19:38:10.536302,52.872421,52.872421,0.117060,18,920,25,0,0,155.365181,0.458290,155.365181
832,19:38:10.616308,52.952427,52.952427,0.080006,18,911,25,0,0,155.783187,0.418006,155.783187
833,19:38:10.708912,53.045031,53.045031,0.092604,18,909,25,0,0,156.127433,0.344246,156.127433
834,19:38:10.764098,53.100217,53.100217,0.055186,18,894,25,0,0,156.509116,0.381683,156.509116
835,19:38:11.012596,53.348715,53.348715,0.248498,18,890,25,0,0,157.218944,0.709827,157.218944
836,19:38:11.092246,53.428365,53.428365,0.079650,18,868,24,0,0,157.974939,0.755995,157.974939
837,19:38:11.125466,53.461585,53.461585,0.033220,18,862,24,0,0,158.083426,0.108487,158.083426
838,19:38:11.171986,53.508105,53.508105,0.046520,18,862,24,0,0,158.257170,0.173744,158.257170
839,19:38:11.251811,53.587930,53.587930,0.079825,18,864,24,0,0,158.585588,0.328419,158.585588
840,19:38:11.282683,53.618802,53.618802,0.030872,18,861,24,0,0,158.777463,0.191875,158.777463
841,19:38:11.318896,53.655015,53.655015,0.036213,18,860,24,0,0,158.934537,0.157073,158.934537
842,19:38:11.402248,53.738367,53.738367,0.083352,18,858,24,41.999690411,-93.633374367,159.231109,0.296572,159.231109
843,19:38:11.452479,53.788598,53.788598,0.050231,18,854,23,0,0,159.467387,0.236278,159.467387
844,19:38:11.531775,53.867894,53.867894,0.079296,18,854,23,0,0,159.751639,0.284252,159.751639
845,19:38:11.601704,53.937823,53.937823,0.069929,18,848,23,0,0,159.969007,0.217368,159.969007
846,19:38:11.635832,53.971951,53.971951,0.034128,18,850,23,0,0,160.236564,0.267557,160.236564
847,19:38:11.690572,54.026691,54.026691,0.054740,18,845,23,0,0,160.387007,0.150443,160.387007
848,19:38:11.741666,54.077785,54.077785,0.051094,18,848,23,0,0,160.655090,0.268083,160.655090
849,19:38:11.786041,54.122160,54.122160,0.044375,18,849,23,0,0,160.788610,0.133520,160.788610
850,19:38:11.834199,54.170318,54.170318,0.048158,18,846,23,0,0,161.039631,0.251022,161.039631
851,19:38:11.912175,54.248294,54.248294,0.077976,18,848,23,0,0,161.256444,0.216813,161.256444
852,19:38:12.009670,54.345789,54.345789,0.097495,18,846,21,0,0,161.677160,0.420716,161.677160
853,19:38:12.106969,54.443088,54.443088,0.097299,18,844,21,0,0,162.043554,0.366394,162.043554
854,19:38:12.155266,54.491385,54.491385,0.048297,18,841,21,0,0,162.257263,0.213709,162.257263
855,19:38:12.189924,54.526043,54.526043,0.034658,18,840,21,0,0,162.379400,0.122137,162.379400
856,19:38:12.280601,54.616720,54.616720,0.090677,18,834,21,0,0,162.715268,0.335868,162.715268
857,19:38:12.337739,54.673858,54.673858,0.057138,18,834,21,41.999737815,-93.633377813,162.852710,0.137442,162.852710
858,19:38:12.405568,54.741687,54.741687,0.067829,18,838,20,0,0,163.118097,0.265387,163.118097
859,19:38:12.485800,54.821919,54.821919,0.080232,18,840,20,0,0,163.437343,0.319246,163.437343
860,19:38:12.523581,54.859700,54.859700,0.037781,18,838,20,0,0,163.583382,0.146039,163.583382
861,19:38:12.589857,54.925976,54.925976,0.066276,18,840,20,0,0,163.772355,0.188973,163.772355
862,19:38:12.653922,54.990041,54.990041,0.064065,18,844,20,0,0,164.004144,0.231789,164.004144
863,19:38:12.715627,55.051746,55.051746,0.061705,18,840,20,0,0,164.280314,0.276171,164.280314
864,19:38:12.764712,55.100831,55.100831,0.049085,18,840,20,0,0,164.441503,0.161188,164.441503
865,19:38:12.888059,55.224178,55.224178,0.123347,18,834,19,0,0,164.817997,0.376494,164.817997
866,19:38:12.987780,55.323899,55.323899,0.099721,18,833,19,0,0,165.177223,0.359227,165.177223
867,19:38:13.065868,55.401987,55.401987,0.078088,18,833,19,0,0,165.494366,0.317143,165.494366
868,19:38:13.167730,55.503849,55.503849,0.101862,18,836,19,0,0,165.784401,0.290035,165.784401
869,19:38:13.246249,55.582368,55.582368,0.078519,18,842,19,0,0,166.047666,0.263265,166.047666
870,19:38:13.287251,55.623370,55.623370,0.041002,18,841,19,0,0,166.214026,0.166360,166.214026
871,19:38:13.328459,55.664578,55.664578,0.041208,18,846,18,0,0,166.359109,0.145082,166.359109
872,19:38:13.356087,55.692206,55.692206,0.027628,18,846,18,41.999777612,-93.633359629,166.463024,0.103915,166.463024
873,19:38:13.412419,55.748538,55.748538,0.056332,18,844,18,0,0,166.607751,0.144727,166.607751
874,19:38:13.448035,55.784154,55.784154,0.035616,18,844,18,0,0,166.750888,0.143136,166.750888
875,19:38:13.503650,55.839769,55.839769,0.055615,18,848,18,0,0,166.855573,0.104685,166.855573
876,19:38:13.578596,55.914715,55.914715,0.074946,18,842,18,0,0,167.117272,0.261698,167.117272
877,19:38:13.644443,55.980562,55.980562,0.065847,18,838,18,0,0,167.352846,0.235574,167.352846
878,19:38:13.690023,56.026142,56.026142,0.045580,18,833,18,0,0,167.536009,0.183163,167.536009
879,19:38:13.728192,56.064311,56.064311,0.038169,18,834,18,0,0,167.653765,0.117756,167.653765
880,19:38:13.796815,56.132934,56.132934,0.068623,18,840,18,0,0,167.771539,0.117773,167.771539
881,19:38:13.871806,56.207925,56.207925,0.074991,18,872,17,0,0,168.084458,0.312919,168.084458
882,19:38:13.932574,56.268693,56.268693,0.060768,18,912,17,0,0,168.245118,0.160661,168.245118
883,19:38:13.985885,56.322004,56.322004,0.053311,18,948,17,0,0,168.418123,0.173005,168.418123
884,19:38:14.024150,56.360269,56.360269,0.038265,18,977,17,0,0,168.541713,0.123590,168.541713
885,19:38:14.138837,56.474956,56.474956,0.114687,18,1007,17,0,0,168.863030,0.321317,168.863030
886,19:38:14.224124,56.560243,56.560243,0.085287,18,1060,17,0,0,168.999688,0.136657,168.999688
887,19:38:14.279627,56.615746,56.615746,0.055503,18,1104,17,0,0,169.270890,0.271202,169.270890
888,19:38:14.311707,56.647826,56.647826,0.032080,18,1126,17,0,0,169.406786,0.135896,169.406786
889,19:38:14.362600,56.698719,56.698719,0.050893,18,1141,17,41.999807732,-93.633323677,169.568179,0.161393,169.568179
890,19:38:14.425578,56.761697,56.761697,0.062978,18,1162,17,0,0,169.691034,0.122855,169.691034
891,19:38:14.456142,56.792261,56.792261,0.030564,18,1184,17,0,0,169.852436,0.161402,169.852436
892,19:38:14.509314,56.845433,56.845433,0.053172,18,1194,17,0,0,169.987653,0.135217,169.987653
893,19:38:14.589838,56.925957,56.925957,0.080524,18,1219,17,0,0,170.249871,0.262218,170.249871
894,19:38:14.657402,56.993521,56.993521,0.067564,18,1228,17,0,0,170.358430,0.108559,170.358430
895,19:38:14.725241,57.061360,57.061360,0.067839,18,1244,17,0,0,170.631835,0.273405,170.631835
896,19:38:14.801316,57.137435,57.137435,0.076075,18,1256,17,0,0,170.903604,0.271769,170.903604
897,19:38:14.851399,57.187518,57.187518,0.050083,18,1263,17,0,0,171.038104,0.134500,171.038104
898,19:38:14.911030,57.247149,57.247149,0.059631,18,1266,17,0,0,171.198757,0.160653,171.198757
899,19:38:14.955939,57.292058,57.292058,0.044909,18,1272,17,0,0,171.322529,0.123772,171.322529
900,19:38:15.039694,57.375813,57.375813,0.083755,18,1276,17,0,0,171.569511,0.246981,171.569511
901,19:38:15.124895,57.461014,57.461014,0.085201,18,1279,17,0,0,171.795784,0.226273,171.795784
902,19:38:15.345818,57.681937,57.681937,0.220923,18,1291,16,41.99982737,-93.633277388,172.322664,0.526880,172.322664
903,19:38:15.391968,57.728087,57.728087,0.046150,18,1297,16,0,0,172.601816,0.279152,172.601816
904,19:38:15.484799,57.820918,57.820918,0.092831,18,1295,16,0,0,172.857714,0.255899,172.857714
905,19:38:15.538742,57.874861,57.874861,0.053943,18,1298,16,0,0,173.033426,0.175712,173.033426
906,19:38:15.589273,57.925392,57.925392,0.050531,18,1295,16,0,0,173.160120,0.126693,173.160120
907,19:38:15.632707,57.968826,57.968826,0.043434,18,1297,16,0,0,173.289584,0.129464,173.289584
908,19:38:15.705918,58.042037,58.042037,0.073211,18,1296,16,0,0,173.474887,0.185303,173.474887
909,19:38:15.758924,58.095043,58.095043,0.053006,18,1292,16,0,0,173.626080,0.151192,173.626080
910,19:38:15.844710,58.180829,58.180829,0.085786,18,1293,16,0,0,173.871106,0.245027,173.871106
911,19:38:15.926130,58.262249,58.262249,0.081420,18,1290,16,0,0,174.137156,0.266050,174.137156
912,19:38:15.963930,58.300049,58.300049,0.037800,18,1290,16,0,0,174.230639,0.093482,174.230639
913,19:38:15.999354,58.335473,58.335473,0.035424,18,1290,16,0,0,174.312343,0.081704,174.312343
914,19:38:16.127659,58.463778,58.463778,0.128305,18,1289,16,0,0,174.602415,0.290072,174.602415
915,19:38:16.171780,58.507899,58.507899,0.044121,18,1288,16,0,0,174.823783,0.221368,174.823783
916,19:38:16.223629,58.559748,58.559748,0.051849,18,1284,16,0,0,174.962990,0.139207,174.962990
917,19:38:16.289035,58.625154,58.625154,0.065406,18,1284,16,0,0,175.114205,0.151215,175.114205
918,19:38:16.334206,58.670325,58.670325,0.045171,18,1281,16,0,0,175.277766,0.163562,175.277766
919,19:38:16.367913,58.704032,58.704032,0.033707,18,1281,16,41.999839393,-93.633229819,175.394345,0.116579,175.394345
920,19:38:16.412877,58.748996,58.748996,0.044964,18,1280,16,0,0,175.521302,0.126957,175.521302
921,19:38:16.448636,58.784755,58.784755,0.035759,18,1280,16,0,0,175.614364,0.093062,175.614364
922,19:38:16.485749,58.821868,58.821868,0.037113,18,1276,16,0,0,175.730665,0.116300,175.730665
923,19:38:16.522473,58.858592,58.858592,0.036724,18,1278,16,0,0,175.835348,0.104684,175.835348
924,19:38:16.637379,58.973498,58.973498,0.114906,18,1280,16,0,0,176.010492,0.175144,176.010492
925,19:38:16.792370,59.128489,59.128489,0.154991,18,1272,14,0,0,176.503735,0.493243,176.503735
926,19:38:16.836509,59.172628,59.172628,0.044139,18,1251,14,0,0,176.625539,0.121804,176.625539
927,19:38:16.871643,59.207762,59.207762,0.035134,18,1236,14,0,0,176.747973,0.122435,176.747973
928,19:38:16.905763,59.241882,59.241882,0.034120,18,1231,14,0,0,176.818622,0.070649,176.818622
929,19:38:16.946282,59.282401,59.282401,0.040519,18,1220,14,0,0,176.930562,0.111940,176.930562
930,19:38:16.972019,59.308138,59.308138,0.025737,18,1211,14,0,0,177.001797,0.071235,177.001797
931,19:38:17.016045,59.352164,59.352164,0.044026,18,1203,14,0,0,177.094314,0.092518,177.094314
932,19:38:17.060020,59.396139,59.396139,0.043975,18,1193,14,0,0,177.174805,0.080490,177.174805
933,19:38:17.109634,59.445753,59.445753,0.049614,18,1182,13,0,0,177.319242,0.144437,177.319242
934,19:38:17.177274,59.513393,59.513393,0.067640,18,1172,13,0,0,177.395166,0.075924,177.395166
935,19:38:17.239426,59.575545,59.575545,0.062152,18,1151,13,0,0,177.565229,0.170063,177.565229
936,19:38:17.292406,59.628525,59.628525,0.052980,18,1134,13,0,0,177.707261,0.142032,177.707261
937,19:38:17.359029,59.695148,59.695148,0.066623,18,1116,13,41.999848298,-93.633188918,177.904860,0.197599,177.904860
938,19:38:17.413117,59.749236,59.749236,0.054088,18,1091,13,41.999848333,-93.633188833,178.028550,0.123690,178.028550
939,19:38:17.447359,59.783478,59.783478,0.034242,18,1082,13,0,0,178.103328,0.074778,178.103328
940,19:38:17.492460,59.828579,59.828579,0.045101,18,1069,13,0,0,178.197834,0.094506,178.197834
941,19:38:17.536651,59.872770,59.872770,0.044191,18,1049,13,0,0,178.311225,0.113392,178.311225
942,19:38:17.574985,59.911104,59.911104,0.038334,18,1039,12,0,0,178.384599,0.073374,178.384599
943,19:38:17.603793,59.939912,59.939912,0.028808,18,1025,12,0,0,178.452120,0.067520,178.452120
944,19:38:17.653028,59.989147,59.989147,0.049235,18,1008,12,0,0,178.551249,0.099130,178.551249
945,19:38:17.700738,60.036857,60.036857,0.047710,18,979,12,0,0,178.661486,0.110236,178.661486
946,19:38:17.741763,60.077882,60.077882,0.041025,18,966,12,0,0,178.749145,0.087660,178.749145
947,19:38:17.829169,60.165288,60.165288,0.087406,18,951,12,0,0,178.821210,0.072065,178.821210
948,19:38:17.858400,60.194519,60.194519,0.029231,18,917,12,0,0,179.001988,0.180778,179.001988
949,19:38:17.911182,60.247301,60.247301,0.052782,18,904,12,0,0,179.090065,0.088077,179.090065
950,19:38:17.977293,60.313412,60.313412,0.066111,18,892,12,0,0,179.193648,0.103583,179.193648
951,19:38:18.016093,60.352212,60.352212,0.038800,18,866,12,0,0,179.315752,0.122104,179.315752
952,19:38:18.046388,60.382507,60.382507,0.030295,18,851,11,0,0,179.397512,0.081760,179.397512
953,19:38:18.092140,60.428259,60.428259,0.045752,18,842,11,0,0,179.461278,0.063765,179.461278
954,19:38:18.140650,60.476769,60.476769,0.048510,18,822,11,0,0,179.573228,0.111951,179.573228
955,19:38:18.174857,60.510976,60.510976,0.034207,18,809,11,0,0,179.637210,0.063982,179.637210
956,19:38:18.222777,60.558896,60.558896,0.047920,18,797,11,0,0,179.725157,0.087947,179.725157
957,19:38:18.305522,60.641641,60.641641,0.082745,18,784,11,0,0,179.821125,0.095968,179.821125
958,19:38:18.343654,60.679773,60.679773,0.038132,18,769,11,41.99985411,-93.633160646,179.973056,0.151931,179.973056
959,19:38:18.374685,60.710804,60.710804,0.031031,18,762,11,0,0,180.029052,0.055996,180.029052
960,19:38:18.439645,60.775764,60.775764,0.064960,18,754,11,0,0,180.134103,0.105052,180.134103
961,19:38:18.473598,60.809717,60.809717,0.033953,18,748,11,0,0,180.220981,0.086877,180.220981
962,19:38:18.503875,60.839994,60.839994,0.030277,18,744,9,0,0,180.277126,0.056145,180.277126
963,19:38:18.546654,60.882773,60.882773,0.042779,18,741,9,0,0,180.334779,0.057653,180.334779
964,19:38:18.607678,60.943797,60.943797,0.061024,18,731,9,0,0,180.440116,0.105337,180.440116
965,19:38:18.645643,60.981762,60.981762,0.037965,18,728,9,0,0,180.499023,0.058907,180.499023
966,19:38:18.678031,61.014150,61.014150,0.032388,18,725,9,0,0,180.550693,0.051670,180.550693
967,19:38:18.718290,61.054409,61.054409,0.040259,18,724,9,0,0,180.609829,0.059136,180.609829
968,19:38:18.791783,61.127902,61.127902,0.073493,18,722,9,0,0,180.674986,0.065157,180.674986
969,19:38:18.832764,61.168883,61.168883,0.040981,18,723,9,0,0,180.799296,0.124310,180.799296
970,19:38:18.894387,61.230506,61.230506,0.061623,18,723,9,0,0,180.897436,0.098139,180.897436
971,19:38:18.960798,61.296917,61.296917,0.066411,18,722,9,0,0,180.962858,0.065422,180.962858
972,19:38:18.999937,61.336056,61.336056,0.039139,18,728,7,0,0,181.043940,0.081082,181.043940
973,19:38:19.052444,61.388563,61.388563,0.052507,18,733,7,0,0,181.110082,0.066142,181.110082
974,19:38:19.090472,61.426591,61.426591,0.038028,18,730,7,0,0,181.160975,0.050893,181.160975
975,19:38:19.157754,61.493873,61.493873,0.067282,18,733,7,0,0,181.222038,0.061063,181.222038
976,19:38:19.223290,61.559409,61.559409,0.065536,18,744,7,0,0,181.329020,0.106982,181.329020
977,19:38:19.246030,61.582149,61.582149,0.022740,18,747,7,0,0,181.359451,0.030431,181.359451
978,19:38:19.283408,61.619527,61.619527,0.037378,18,751,7,0,0,181.400338,0.040887,181.400338
979,19:38:19.357716,61.693835,61.693835,0.074308,18,763,7,41.999856076,-93.6331487,181.492047,0.091709,181.492047
980,19:38:19.387644,61.723763,61.723763,0.029928,18,765,7,0,0,181.532455,0.040408,181.532455
981,19:38:19.428778,61.764897,61.764897,0.041134,18,770,4,0,0,181.566273,0.033818,181.566273
982,19:38:19.452518,61.788637,61.788637,0.023740,18,773,4,0,0,181.581168,0.014895,181.581168
983,19:38:19.494756,61.830875,61.830875,0.042238,18,779,4,0,0,181.609893,0.028725,181.609893
984,19:38:19.530759,61.866878,61.866878,0.036003,18,788,4,0,0,181.636574,0.026681,181.636574
985,19:38:19.571510,61.907629,61.907629,0.040751,18,790,4,0,0,181.665148,0.028575,181.665148
986,19:38:19.597761,61.933880,61.933880,0.026251,18,797,4,0,0,181.682590,0.017442,181.682590
987,19:38:19.628527,61.964646,61.964646,0.030766,18,800,4,0,0,181.706029,0.023439,181.706029
988,19:38:19.654264,61.990383,61.990383,0.025737,18,798,4,0,0,181.726617,0.020589,181.726617
989,19:38:19.681527,62.017646,62.017646,0.027263,18,797,4,0,0,181.743828,0.017210,181.743828
990,19:38:19.748641,62.084760,62.084760,0.067114,18,793,4,0,0,181.793085,0.049258,181.793085
991,19:38:19.800403,62.136522,62.136522,0.051762,18,796,4,0,0,181.822183,0.029098,181.822183
992,19:38:19.833024,62.169143,62.169143,0.032621,18,796,4,0,0,181.854366,0.032183,181.854366
993,19:38:19.855265,62.191384,62.191384,0.022241,18,793,4,0,0,181.871613,0.017247,181.871613
994,19:38:19.912637,62.248756,62.248756,0.057372,18,789,3,0,0,181.899670,0.028057,181.899670
995,19:38:19.963642,62.299761,62.299761,0.051005,18,791,3,0,0,181.919299,0.019629,181.919299
996,19:38:19.993807,62.329926,62.329926,0.030165,18,786,3,0,0,181.943296,0.023997,181.943296
997,19:38:20.031405,62.367524,62.367524,0.037598,18,786,3,0,0,181.960735,0.017439,181.960735
998,19:38:20.062040,62.398159,62.398159,0.030635,18,788,3,0,0,181.982601,0.021866,181.982601
999,19:38:20.092389,62.428508,62.428508,0.030349,18,790,3,0,0,181.999994,0.017393,181.999994
1000,19:38:20.108850,62.444969,62.444969,0.016461,18,790,3,0,0,182.008726,0.008731,182.008726
1001,19:38:20.145988,62.482107,62.482107,0.037138,18,790,3,0,0,182.026161,0.017435,182.026161
1002,19:38:20.176680,62.512799,62.512799,0.030692,18,786,3,0,0,182.041564,0.015403,182.041564
1003,19:38:20.223579,62.559698,62.559698,0.046899,18,788,3,0,0,182.063305,0.021741,182.063305
1004,19:38:20.274265,62.610384,62.610384,0.050686,18,791,3,0,0,182.091596,0.028291,182.091596
1005,19:38:20.314276,62.650395,62.650395,0.040011,18,790,3,0,0,182.113817,0.022221,182.113817
1006,19:38:20.350772,62.686891,62.686891,0.036496,18,790,3,41.999856284,-93.633146834,182.130854,0.017036,182.130854
1007,19:38:20.399386,62.735505,62.735505,0.048614,18,790,3,0,0,182.159204,0.028350,182.159204
1008,19:38:20.453652,62.789771,62.789771,0.054266,18,782,3,0,0,182.189731,0.030527,182.189731
1009,19:38:20.520046,62.856165,62.856165,0.066394,18,779,3,0,0,182.218080,0.028349,182.218080
1010,19:38:20.574671,62.910790,62.910790,0.054625,18,780,3,0,0,182.248616,0.030536,182.248616
1011,19:38:20.610690,62.946809,62.946809,0.036019,18,774,3,0,0,182.272605,0.023989,182.272605
1012,19:38:20.658899,62.995018,62.995018,0.048209,18,773,3,0,0,182.296654,0.024049,182.296654
1013,19:38:20.698840,63.034959,63.034959,0.039941,18,775,3,0,0,182.316237,0.019584,182.316237
1014,19:38:20.727590,63.063709,63.063709,0.028750,18,777,3,0,0,182.333667,0.017430,182.333667
1015,19:38:20.763307,63.099426,63.099426,0.035717,18,777,3,0,0,182.351119,0.017451,182.351119
1016,19:38:20.814781,63.150900,63.150900,0.051474,18,780,3,0,0,182.377289,0.026170,182.377289
1017,19:38:20.852398,63.188517,63.188517,0.037617,18,784,3,0,0,182.401276,0.023988,182.401276
1018,19:38:20.908657,63.244776,63.244776,0.056259,18,784,3,0,0,182.423083,0.021806,182.423083
1019,19:38:20.942742,63.278861,63.278861,0.034085,18,776,3,0,0,182.449254,0.026171,182.449254
1020,19:38:20.993169,63.329288,63.329288,0.050427,18,777,3,0,0,182.477605,0.028351,182.477605
1021,19:38:21.018117,63.354236,63.354236,0.024948,18,779,3,0,0,182.490678,0.013073,182.490678
1022,19:38:21.051963,63.388082,63.388082,0.033846,18,780,3,0,0,182.508499,0.017821,182.508499
1023,19:38:21.082369,63.418488,63.418488,0.030406,18,776,3,0,0,182.521444,0.012945,182.521444
1024,19:38:21.114684,63.450803,63.450803,0.032315,18,776,3,0,0,182.543038,0.021593,182.543038
1025,19:38:21.216410,63.552529,63.552529,0.101726,18,774,3,0,0,182.595462,0.052425,182.595462
1026,19:38:21.242220,63.578339,63.578339,0.025810,18,771,3,0,0,182.610900,0.015438,182.610900
1027,19:38:21.299823,63.635942,63.635942,0.057603,18,772,3,0,0,182.630302,0.019403,182.630302
1028,19:38:21.377575,63.713694,63.713694,0.077752,18,772,3,41.999856132,-93.63314697,182.658990,0.028687,182.658990
1029,19:38:21.427396,63.763515,63.763515,0.049821,18,770,3,0,0,182.706881,0.047892,182.706881
1030,19:38:21.457924,63.794043,63.794043,0.030528,18,772,3,0,0,182.726317,0.019436,182.726317
1031,19:38:21.489877,63.825996,63.825996,0.031953,18,776,3,0,0,182.741517,0.015200,182.741517
1032,19:38:21.511137,63.847256,63.847256,0.021260,18,778,3,0,0,182.754581,0.013065,182.754581
1033,19:38:21.547711,63.883830,63.883830,0.036574,18,777,3,0,0,182.774208,0.019627,182.774208
1034,19:38:21.590064,63.926183,63.926183,0.042353,18,777,3,0,0,182.789474,0.015266,182.789474
1035,19:38:21.639901,63.976020,63.976020,0.049837,18,781,3,0,0,182.809695,0.020220,182.809695
1036,19:38:21.692238,64.028357,64.028357,0.052337,18,782,3,0,0,182.848410,0.038715,182.848410
1037,19:38:21.723347,64.059466,64.059466,0.031109,18,777,3,0,0,182.865871,0.017461,182.865871
1038,19:38:21.755774,64.091893,64.091893,0.032427,18,776,3,0,0,182.881074,0.015203,182.881074
1039,19:38:21.794685,64.130804,64.130804,0.038911,18,775,3,0,0,182.902967,0.021894,182.902967
1040,19:38:21.861282,64.197401,64.197401,0.066597,18,771,3,0,0,182.938102,0.035135,182.938102
1041,19:38:21.887379,64.223498,64.223498,0.026097,18,771,3,0,0,182.953039,0.014937,182.953039
1042,19:38:21.922553,64.258672,64.258672,0.035174,18,772,3,0,0,182.972665,0.019626,182.972665
1043,19:38:22.012822,64.348941,64.348941,0.090269,18,772,3,0,0,183.005468,0.032803,183.005468
1044,19:38:22.038681,64.374800,64.374800,0.025859,18,766,3,0,0,183.034471,0.029002,183.034471
1045,19:38:22.078642,64.414761,64.414761,0.039961,18,769,3,0,0,183.053573,0.019103,183.053573
1046,19:38:22.117807,64.453926,64.453926,0.039165,18,773,3,0,0,183.073159,0.019586,183.073159
1047,19:38:22.152705,64.488824,64.488824,0.034898,18,769,3,0,0,183.095163,0.022003,183.095163
1048,19:38:22.199884,64.536003,64.536003,0.047179,18,769,3,0,0,183.116673,0.021510,183.116673
1049,19:38:22.263758,64.599877,64.599877,0.063874,18,772,3,0,0,183.153679,0.037005,183.153679
1050,19:38:22.292175,64.628294,64.628294,0.028417,18,774,3,0,0,183.169146,0.015467,183.169146
1051,19:38:22.353367,64.689486,64.689486,0.061192,18,773,3,41.999856068,-93.633147083,183.197778,0.028633,183.197778
1052,19:38:22.431552,64.767671,64.767671,0.078185,18,777,3,0,0,183.240918,0.043139,183.240918
1053,19:38:22.490889,64.827008,64.827008,0.059337,18,777,3,0,0,183.265288,0.024370,183.265288
1054,19:38:22.548521,64.884640,64.884640,0.057632,18,775,3,0,0,183.291079,0.025790,183.291079
1055,19:38:22.596653,64.932772,64.932772,0.048132,18,774,3,0,0,183.321609,0.030530,183.321609
1056,19:38:22.669509,65.005628,65.005628,0.072856,18,769,3,0,0,183.367923,0.046315,183.367923
1057,19:38:22.749099,65.085218,65.085218,0.079590,18,772,0,0,0,183.374450,0.006527,183.374450
