1,17:29:09.075247,736,0,18,0.000000,0.000000
2,17:29:09.106115,734,0,18,0.000000,0.000000
3,17:29:09.136125,734,0,18,0.000000,0.000000
4,17:29:09.166587,736,0,18,0.000000,0.000000
5,17:29:09.200709,736,0,18,0.000000,0.000000
6,17:29:09.237283,736,0,18,0.000000,0.000000
7,17:29:09.275185,735,0,18,0.000000,0.000000
8,17:29:09.311363,738,0,18,0.000000,0.000000
9,17:29:09.352483,740,0,18,0.000000,0.000000
10,17:29:09.387476,739,0,18,0.000000,0.000000
11,17:29:09.422734,741,0,18,0.000000,0.000000
12,17:29:09.458722,740,0,18,0.000000,0.000000
13,17:29:09.492282,742,0,18,0.000000,0.000000
14,17:29:09.524292,740,0,18,0.000000,0.000000
15,17:29:09.562471,740,0,18,0.000000,0.000000
16,17:29:09.593864,739,0,18,0.000000,0.000000
17,17:29:09.632274,738,0,18,0.000000,0.000000
18,17:29:09.663490,740,0,18,0.000000,0.000000
19,17:29:09.698717,739,0,18,0.000000,0.000000
20,17:29:09.721091,738,0,18,0.000000,0.000000
21,17:29:09.751082,738,0,18,0.000000,0.000000
22,17:29:09.785095,739,0,18,0.000000,0.000000
23,17:29:09.814509,742,0,18,0.000000,0.000000
24,17:29:09.849751,740,0,18,0.000000,0.000000
25,17:29:09.872516,738,0,18,0.000000,0.000000
26,17:29:09.899051,739,0,18,0.000000,0.000000
27,17:29:09.930926,738,0,18,0.000000,0.000000
28,17:29:09.964031,739,0,18,0.000000,0.000000
29,17:29:09.998097,739,0,18,0.000000,0.000000
30,17:29:10.038275,736,0,18,0.000000,0.000000
31,17:29:10.078313,738,0,18,0.000000,0.000000
32,17:29:10.131265,738,0,18,0.000000,0.000000
33,17:29:10.169750,738,0,18,0.000000,0.000000
34,17:29:10.201384,739,0,18,0.000000,0.000000
35,17:29:10.245912,740,0,18,0.000000,0.000000
36,17:29:10.275712,740,0,18,0.000000,0.000000
37,17:29:10.308878,740,0,18,0.000000,0.000000
38,17:29:10.335414,739,0,18,0.000000,0.000000
39,17:29:10.366414,738,0,18,0.000000,0.000000
40,17:29:10.387848,738,0,18,0.000000,0.000000
41,17:29:10.423768,736,0,18,0.000000,0.000000
42,17:29:10.449380,738,0,18,0.000000,0.000000
43,17:29:10.477914,739,0,18,0.000000,0.000000
44,17:29:10.515085,736,0,18,0.000000,0.000000
45,17:29:10.549463,738,0,18,0.000000,0.000000
46,17:29:10.580198,738,0,18,0.000000,0.000000
47,17:29:10.623232,740,0,18,0.000000,0.000000
48,17:29:10.650814,739,0,18,0.000000,0.000000
49,17:29:10.705258,738,0,18,0.000000,0.000000
50,17:29:10.767556,738,0,18,0.000000,0.000000
51,17:29:10.793612,742,0,18,0.000000,0.000000
52,17:29:10.824963,742,0,18,0.000000,0.000000
53,17:29:10.866382,742,0,18,0.000000,0.000000
54,17:29:10.906032,738,0,18,0.000000,0.000000
55,17:29:10.947528,738,0,18,0.000000,0.000000
56,17:29:10.998457,740,0,18,0.000000,0.000000
57,17:29:11.018718,740,0,18,0.000000,0.000000
58,17:29:11.068324,740,0,18,0.000000,0.000000
59,17:29:11.108184,742,0,18,0.000000,0.000000
60,17:29:11.142688,743,0,18,0.000000,0.000000
61,17:29:11.169143,744,0,18,0.000000,0.000000
62,17:29:11.215683,742,0,18,0.000000,0.000000
63,17:29:11.248851,743,0,18,0.000000,0.000000
64,17:29:11.288952,746,0,18,0.000000,0.000000
65,17:29:11.317708,744,0,18,0.000000,0.000000
66,17:29:11.344566,744,0,18,0.000000,0.000000
67,17:29:11.391404,743,0,18,0.000000,0.000000
68,17:29:11.425626,743,0,18,0.000000,0.000000
69,17:29:11.458824,742,0,18,0.000000,0.000000
70,17:29:11.496234,741,0,18,0.000000,0.000000
71,17:29:11.523241,741,0,18,0.000000,0.000000
72,17:29:11.554939,739,0,18,0.000000,0.000000
73,17:29:11.589715,740,0,18,0.000000,0.000000
74,17:29:11.626438,740,0,18,0.000000,0.000000
75,17:29:11.654949,740,0,18,0.000000,0.000000
76,17:29:11.685244,738,0,18,0.000000,0.000000
77,17:29:11.733979,736,0,18,0.000000,0.000000
78,17:29:11.768600,740,0,18,0.000000,0.000000
79,17:29:11.821588,740,0,18,0.000000,0.000000
80,17:29:11.851088,734,0,18,0.000000,0.000000
81,17:29:11.880567,736,0,17,0.000000,0.000000
82,17:29:11.900244,739,0,17,0.000000,0.000000
83,17:29:11.926545,740,0,17,0.000000,0.000000
84,17:29:11.956686,739,0,17,0.000000,0.000000
85,17:29:11.992511,736,0,17,0.000000,0.000000
86,17:29:12.024358,736,0,17,0.000000,0.000000
87,17:29:12.053989,734,0,17,0.000000,0.000000
88,17:29:12.112085,729,0,17,0.000000,0.000000
89,17:29:12.139471,720,0,17,0.000000,0.000000
90,17:29:12.179801,714,0,17,0.000000,0.000000
91,17:29:12.213550,711,0,17,0.000000,0.000000
92,17:29:12.237449,706,0,17,0.000000,0.000000
93,17:29:12.254357,702,0,17,0.000000,0.000000
94,17:29:12.278440,698,0,17,0.000000,0.000000
95,17:29:12.320424,694,0,17,0.000000,0.000000
96,17:29:12.351520,690,0,17,0.000000,0.000000
97,17:29:12.381591,693,0,17,0.000000,0.000000
98,17:29:12.414521,702,0,17,0.000000,0.000000
99,17:29:12.434293,711,0,17,0.000000,0.000000
100,17:29:12.461502,717,0,17,0.000000,0.000000
101,17:29:12.495522,729,0,17,0.000000,0.000000
102,17:29:12.515714,734,0,17,0.000000,0.000000
103,17:29:12.548580,736,0,17,0.000000,0.000000
104,17:29:12.569405,744,0,17,0.000000,0.000000
105,17:29:12.603268,747,0,17,0.000000,0.000000
106,17:29:12.626514,749,0,17,0.000000,0.000000
107,17:29:12.651207,751,0,17,0.000000,0.000000
108,17:29:12.672317,752,0,17,0.000000,0.000000
109,17:29:12.694414,753,0,17,0.000000,0.000000
110,17:29:12.717928,756,0,17,0.000000,0.000000
111,17:29:12.736366,758,0,17,0.000000,0.000000
112,17:29:12.761615,758,0,17,0.000000,0.000000
113,17:29:12.782570,761,0,17,0.000000,0.000000
114,17:29:12.807487,762,0,16,0.000000,0.000000
115,17:29:12.838619,761,0,16,0.000000,0.000000
116,17:29:12.867368,758,0,16,0.000000,0.000000
117,17:29:12.892310,758,0,16,0.000000,0.000000
118,17:29:13.074247,754,0,16,0.000000,0.000000
119,17:29:13.390004,717,0,16,0.000000,0.000000
120,17:29:13.426739,716,0,16,0.000000,0.000000
121,17:29:13.494655,712,0,16,0.000000,0.000000
122,17:29:13.534779,705,0,16,0.000000,0.000000
123,17:29:13.569673,704,0,16,0.000000,0.000000
124,17:29:13.610997,700,0,16,0.000000,0.000000
125,17:29:13.751662,694,0,16,0.000000,0.000000
126,17:29:13.841707,686,0,16,0.000000,0.000000
127,17:29:13.915085,680,0,16,0.000000,0.000000
128,17:29:13.968155,673,0,16,0.000000,0.000000
129,17:29:14.071050,668,0,16,0.000000,0.000000
130,17:29:14.147360,666,0,16,0.000000,0.000000
131,17:29:14.277297,662,0,16,0.000000,0.000000
132,17:29:14.391104,659,0,16,0.000000,0.000000
133,17:29:14.498835,657,0,16,0.000000,0.000000
134,17:29:14.614028,660,0,16,0.000000,0.000000
135,17:29:14.652979,660,0,16,0.000000,0.000000
136,17:29:14.757829,659,0,16,0.000000,0.000000
137,17:29:14.856138,662,0,16,0.000000,0.000000
138,17:29:14.931171,662,0,16,0.000000,0.000000
139,17:29:15.056564,665,0,16,0.000000,0.000000
140,17:29:15.260412,668,0,16,0.000000,0.000000
141,17:29:15.387397,667,0,16,0.000000,0.000000
142,17:29:15.456856,669,0,16,0.000000,0.000000
143,17:29:15.644677,669,0,16,0.000000,0.000000
144,17:29:15.709425,670,0,16,0.000000,0.000000
145,17:29:15.779112,670,0,16,0.000000,0.000000
146,17:29:15.834704,665,0,16,0.000000,0.000000
147,17:29:15.918976,667,0,16,0.000000,0.000000
148,17:29:15.951652,664,0,16,0.000000,0.000000
149,17:29:16.039165,664,0,16,0.000000,0.000000
150,17:29:16.104867,666,0,16,0.000000,0.000000
151,17:29:16.189052,664,0,16,0.000000,0.000000
152,17:29:16.250760,665,0,16,0.000000,0.000000
153,17:29:16.297433,664,0,16,0.000000,0.000000
154,17:29:16.368665,661,0,16,0.000000,0.000000
155,17:29:16.421342,664,0,16,0.000000,0.000000
156,17:29:16.456245,664,0,16,0.000000,0.000000
157,17:29:16.520298,662,0,16,0.000000,0.000000
158,17:29:16.576025,662,0,16,0.000000,0.000000
159,17:29:16.626380,662,0,16,0.000000,0.000000
160,17:29:16.704380,662,0,16,0.000000,0.000000
161,17:29:16.751373,660,0,16,0.000000,0.000000
162,17:29:16.807695,664,0,16,0.000000,0.000000
163,17:29:16.906357,662,0,16,0.000000,0.000000
164,17:29:16.944784,662,0,16,0.000000,0.000000
165,17:29:16.988022,663,0,16,0.000000,0.000000
166,17:29:17.048715,662,0,16,0.000000,0.000000
167,17:29:17.119063,662,0,16,0.000000,0.000000
168,17:29:17.210629,666,0,16,0.000000,0.000000
169,17:29:17.236040,666,0,16,0.000000,0.000000
170,17:29:17.267972,665,0,16,0.000000,0.000000
171,17:29:17.319068,665,0,16,0.000000,0.000000
172,17:29:17.365647,665,0,16,0.000000,0.000000
173,17:29:17.413103,662,0,16,0.000000,0.000000
174,17:29:17.486361,661,0,16,0.000000,0.000000
175,17:29:17.536353,661,0,17,0.000000,0.000000
176,17:29:17.580254,658,0,18,0.000000,0.000000
177,17:29:17.646629,654,0,18,0.000000,0.000000
178,17:29:17.705938,661,0,18,0.000000,0.000000
179,17:29:17.742426,666,0,18,0.000000,0.000000
180,17:29:17.856317,688,0,18,0.000000,0.000000
181,17:29:17.917290,702,0,18,0.000000,0.000000
182,17:29:17.993889,716,0,18,0.000000,0.000000
183,17:29:18.056595,728,0,18,0.000000,0.000000
184,17:29:18.118720,741,0,18,0.000000,0.000000
185,17:29:18.180657,751,0,18,0.000000,0.000000
186,17:29:18.218332,757,0,18,0.000000,0.000000
187,17:29:18.295489,761,0,18,0.000000,0.000000
188,17:29:18.368749,755,0,18,0.000000,0.000000
189,17:29:18.420245,754,0,18,0.000000,0.000000
190,17:29:18.487174,753,0,18,0.000000,0.000000
191,17:29:18.532349,755,0,18,0.000000,0.000000
192,17:29:18.571214,757,0,18,0.000000,0.000000
193,17:29:18.637203,762,0,18,0.000000,0.000000
194,17:29:18.666308,768,0,18,0.000000,0.000000
195,17:29:18.721665,770,0,18,0.000000,0.000000
196,17:29:18.782899,770,0,18,0.000000,0.000000
197,17:29:18.822772,764,0,18,0.000000,0.000000
198,17:29:18.871909,766,0,18,0.000000,0.000000
199,17:29:18.944783,771,0,18,0.000000,0.000000
200,17:29:18.984868,774,0,18,0.000000,0.000000
201,17:29:19.059225,773,0,18,0.000000,0.000000
202,17:29:19.116746,771,0,18,0.000000,0.000000
203,17:29:19.167286,772,0,18,0.000000,0.000000
204,17:29:19.766424,769,0,18,0.000000,0.000000
205,17:29:19.825906,764,0,18,0.000000,0.000000
206,17:29:19.868753,766,0,18,0.000000,0.000000
207,17:29:20.041255,769,0,18,0.000000,0.000000
208,17:29:20.084914,774,0,18,0.000000,0.000000
209,17:29:20.193976,774,0,18,0.000000,0.000000
210,17:29:20.246380,772,0,18,0.000000,0.000000
211,17:29:20.318450,772,0,18,0.000000,0.000000
212,17:29:20.414964,771,0,18,0.000000,0.000000
213,17:29:20.456999,771,0,18,0.000000,0.000000
214,17:29:20.527026,772,0,18,0.000000,0.000000
215,17:29:20.588532,771,0,18,0.000000,0.000000
216,17:29:20.640652,773,0,18,0.000000,0.000000
217,17:29:20.687695,771,0,18,0.000000,0.000000
218,17:29:20.743986,771,0,18,0.000000,0.000000
219,17:29:20.788202,772,0,18,0.000000,0.000000
220,17:29:20.858238,774,0,18,0.000000,0.000000
221,17:29:20.924101,773,0,18,0.000000,0.000000
222,17:29:20.984352,771,0,18,0.000000,0.000000
223,17:29:21.038572,772,0,19,0.000000,0.000000
224,17:29:21.101499,766,0,19,0.000000,0.000000
225,17:29:21.149040,765,0,19,0.000000,0.000000
226,17:29:21.195121,775,0,19,0.000000,0.000000
227,17:29:21.230770,779,0,19,0.000000,0.000000
228,17:29:21.270246,780,0,19,0.000000,0.000000
229,17:29:21.303522,784,0,19,0.000000,0.000000
230,17:29:21.339079,786,0,19,0.000000,0.000000
231,17:29:21.479126,784,0,19,0.000000,0.000000
232,17:29:21.511715,791,0,19,0.000000,0.000000
233,17:29:21.576384,798,0,19,0.000000,0.000000
234,17:29:21.627236,796,0,19,0.000000,0.000000
235,17:29:21.675664,793,0,19,0.000000,0.000000
236,17:29:21.726373,788,0,19,0.000000,0.000000
237,17:29:21.790411,785,0,18,0.000000,0.000000
238,17:29:21.835041,777,0,18,0.000000,0.000000
239,17:29:21.967297,766,0,18,0.000000,0.000000
240,17:29:22.069870,726,0,19,0.000000,0.000000
241,17:29:22.099498,720,0,18,0.000000,0.000000
242,17:29:22.239367,708,0,18,0.000000,0.000000
243,17:29:22.333611,712,0,18,0.000000,0.000000
244,17:29:22.464810,715,0,18,0.000000,0.000000
245,17:29:22.549362,717,0,18,0.000000,0.000000
246,17:29:22.685330,720,0,18,0.000000,0.000000
247,17:29:22.744803,721,0,18,0.000000,0.000000
248,17:29:22.786757,724,0,18,0.000000,0.000000
249,17:29:22.927234,722,0,18,0.000000,0.000000
250,17:29:23.023831,720,0,18,0.000000,0.000000
251,17:29:23.128546,720,0,18,0.000000,0.000000
252,17:29:23.239575,723,0,18,0.000000,0.000000
253,17:29:23.374597,721,0,18,0.000000,0.000000
254,17:29:23.478673,720,0,18,0.000000,0.000000
255,17:29:23.525971,721,0,18,0.000000,0.000000
256,17:29:23.685446,722,0,18,0.000000,0.000000
257,17:29:23.810351,718,0,18,0.000000,0.000000
258,17:29:23.906461,721,0,18,0.000000,0.000000
259,17:29:24.050942,725,0,18,0.000000,0.000000
260,17:29:24.143736,730,0,18,0.000000,0.000000
261,17:29:24.193720,732,0,18,0.000000,0.000000
262,17:29:24.286383,731,0,18,0.000000,0.000000
263,17:29:24.460796,731,0,18,0.000000,0.000000
264,17:29:24.663817,726,0,18,0.000000,0.000000
265,17:29:24.734905,720,0,18,0.000000,0.000000
266,17:29:24.836378,722,0,18,0.000000,0.000000
267,17:29:24.998969,717,0,18,0.000000,0.000000
268,17:29:25.107973,712,0,18,0.000000,0.000000
269,17:29:25.185689,713,0,18,0.000000,0.000000
270,17:29:25.243959,710,0,18,0.000000,0.000000
271,17:29:25.285747,709,0,18,0.000000,0.000000
272,17:29:25.373106,710,0,18,0.000000,0.000000
273,17:29:25.423549,710,0,18,0.000000,0.000000
274,17:29:25.481734,710,0,18,0.000000,0.000000
275,17:29:25.534211,707,0,18,0.000000,0.000000
276,17:29:25.584854,704,0,18,0.000000,0.000000
277,17:29:25.631396,708,0,18,0.000000,0.000000
278,17:29:25.685598,709,0,18,0.000000,0.000000
279,17:29:25.749495,708,0,19,0.000000,0.000000
280,17:29:25.795177,710,0,19,0.000000,0.000000
281,17:29:25.837128,708,0,19,0.000000,0.000000
282,17:29:25.878364,711,0,19,0.000000,0.000000
283,17:29:25.946977,717,0,19,0.000000,0.000000
284,17:29:25.996716,723,0,19,0.000000,0.000000
285,17:29:26.090995,730,0,19,0.000000,0.000000
286,17:29:26.211442,763,0,19,0.000000,0.000000
287,17:29:26.306514,788,0,19,0.000000,0.000000
288,17:29:26.365127,812,0,20,0.000000,0.000000
289,17:29:26.456884,833,0,20,0.000000,0.000000
290,17:29:26.607423,890,0,21,0.000000,0.000000
291,17:29:26.668068,946,0,22,0.000000,0.000000
292,17:29:26.747790,988,0,22,0.000000,0.000000
293,17:29:26.871764,1053,0,22,0.000000,0.000000
294,17:29:26.934085,1104,0,22,0.000000,0.000000
295,17:29:27.037003,1121,0,22,0.000000,0.000000
296,17:29:27.099265,1143,0,21,0.000000,0.000000
297,17:29:27.152496,1145,0,20,0.000000,0.000000
298,17:29:27.206313,1143,0,20,0.000000,0.000000
299,17:29:27.294415,1126,0,20,0.000000,0.000000
300,17:29:27.336136,1102,0,20,0.000000,0.000000
301,17:29:27.406400,1081,0,20,0.000000,0.000000
302,17:29:27.442652,1050,0,19,0.000000,0.000000
303,17:29:27.498580,1021,0,19,0.000000,0.000000
304,17:29:27.571401,971,0,18,0.000000,0.000000
305,17:29:27.647432,904,0,19,0.000000,0.000000
306,17:29:27.691085,852,0,19,0.000000,0.000000
307,17:29:27.727274,828,0,20,0.000000,0.000000
308,17:29:27.796902,801,0,19,0.000000,0.000000
309,17:29:27.840547,788,0,19,0.000000,0.000000
310,17:29:27.891670,778,0,18,0.000000,0.000000
311,17:29:27.996217,762,0,18,0.000000,0.000000
312,17:29:28.051340,753,0,18,0.000000,0.000000
313,17:29:28.090786,748,0,18,0.000000,0.000000
314,17:29:28.135154,744,0,18,0.000000,0.000000
315,17:29:28.160548,742,0,18,0.000000,0.000000
316,17:29:28.224771,738,0,18,0.000000,0.000000
317,17:29:28.254948,734,0,19,0.000000,0.000000
318,17:29:28.297508,730,4,19,0.020376,0.020376
319,17:29:28.327872,731,4,19,0.043610,0.043610
320,17:29:28.353282,728,4,19,0.061046,0.061046
321,17:29:28.377783,727,4,19,0.078484,0.078484
322,17:29:28.403677,727,4,18,0.098978,0.098978
323,17:29:28.451473,727,4,18,0.122155,0.122155
324,17:29:28.476351,730,4,18,0.151150,0.151150
325,17:29:28.530011,731,4,18,0.183117,0.183117
326,17:29:28.569026,732,4,18,0.215088,0.215088
327,17:29:28.612659,734,4,18,0.241485,0.241485
328,17:29:28.646896,736,4,18,0.267430,0.267430
329,17:29:28.683687,734,4,18,0.296721,0.296721
330,17:29:28.706329,734,4,18,0.313946,0.313946
331,17:29:28.739788,734,4,18,0.331350,0.331350
332,17:29:28.771476,735,4,18,0.361171,0.361171
333,17:29:28.804860,738,4,18,0.380755,0.380755
334,17:29:28.845966,735,4,18,0.412731,0.412731
335,17:29:28.879261,729,4,18,0.430160,0.430160
336,17:29:28.921190,729,4,18,0.459224,0.459224
337,17:29:28.955548,730,4,18,0.488508,0.488508
338,17:29:28.987092,730,4,18,0.514487,0.514487
339,17:29:29.020901,730,4,18,0.534791,0.534791
340,17:29:29.074235,728,4,18,0.563862,0.563862
341,17:29:29.106463,727,4,18,0.598733,0.598733
342,17:29:29.135794,728,4,18,0.613268,0.613268
343,17:29:29.163320,726,4,18,0.636691,0.636691
344,17:29:29.195940,726,4,18,0.656861,0.656861
345,17:29:29.248800,724,3,18,0.689594,0.689594
346,17:29:29.286698,724,3,18,0.707165,0.707165
347,17:29:29.312242,724,3,18,0.722289,0.722289
348,17:29:29.345069,722,3,18,0.739730,0.739730
349,17:29:29.373894,721,3,18,0.754990,0.754990
350,17:29:29.417939,720,3,18,0.781144,0.781144
351,17:29:29.454339,720,3,18,0.798589,0.798589
352,17:29:29.500896,720,3,18,0.822562,0.822562
353,17:29:29.541896,716,3,18,0.844361,0.844361
354,17:29:29.589241,715,3,18,0.866156,0.866156
355,17:29:29.630679,715,3,18,0.892315,0.892315
356,17:29:29.666115,713,3,18,0.911933,0.911933
357,17:29:29.706471,712,3,18,0.929402,0.929402
358,17:29:29.737187,712,5,18,0.962526,0.962526
359,17:29:29.770311,712,5,18,0.987934,0.987934
360,17:29:29.800221,713,5,18,1.017000,1.017000
361,17:29:29.822704,712,5,18,1.035164,1.035164
362,17:29:29.846572,710,5,18,1.056962,1.056962
363,17:29:29.910997,707,5,18,1.108058,1.108058
364,17:29:30.037200,707,5,18,1.216837,1.216837
365,17:29:30.079337,708,5,18,1.256846,1.256846
366,17:29:30.118615,710,5,18,1.296766,1.296766
367,17:29:30.151741,713,5,18,1.329470,1.329470
368,17:29:30.178031,713,3,18,1.344589,1.344589
369,17:29:30.211094,713,3,18,1.361909,1.361909
370,17:29:30.250378,713,3,18,1.383721,1.383721
371,17:29:30.287807,716,3,18,1.403312,1.403312
372,17:29:30.316621,720,3,18,1.418576,1.418576
373,17:29:30.346798,721,3,18,1.433829,1.433829
374,17:29:30.382319,723,3,18,1.453721,1.453721
375,17:29:30.411621,725,3,18,1.470888,1.470888
376,17:29:30.456539,726,3,18,1.488326,1.488326
377,17:29:30.511911,729,3,18,1.514483,1.514483
378,17:29:30.546522,730,3,18,1.538463,1.538463
379,17:29:30.594414,730,3,18,1.566799,1.566799
380,17:29:30.655898,729,3,18,1.592964,1.592964
381,17:29:30.685659,728,3,18,1.614961,1.614961
382,17:29:30.743574,728,3,18,1.645485,1.645485
383,17:29:30.787486,730,3,18,1.667093,1.667093
384,17:29:30.850854,731,3,18,1.686903,1.686903
385,17:29:30.897803,728,3,18,1.719384,1.719384
386,17:29:30.925608,726,3,18,1.743364,1.743364
387,17:29:30.969800,727,3,18,1.760831,1.760831
388,17:29:31.024815,727,3,18,1.793504,1.793504
389,17:29:31.059387,728,3,18,1.810940,1.810940
390,17:29:31.099749,730,3,18,1.834915,1.834915
391,17:29:31.166956,731,3,18,1.871975,1.871975
392,17:29:31.226859,725,3,18,1.893776,1.893776
393,17:29:31.258625,722,3,18,1.917748,1.917748
394,17:29:31.290753,726,3,18,1.935192,1.935192
395,17:29:31.333626,731,3,18,1.952754,1.952754
396,17:29:31.374055,744,3,18,1.983266,1.983266
397,17:29:31.404214,754,3,18,1.996222,1.996222
398,17:29:31.438687,766,3,18,2.013660,2.013660
399,17:29:31.467743,786,3,18,2.031099,2.031099
400,17:29:31.513110,795,3,18,2.048552,2.048552
401,17:29:31.550997,798,3,18,2.074694,2.074694
402,17:29:31.578858,802,3,18,2.092135,2.092135
403,17:29:31.621539,806,3,18,2.107397,2.107397
404,17:29:31.656357,804,3,18,2.133555,2.133555
405,17:29:31.686170,804,3,18,2.146628,2.146628
406,17:29:31.735346,803,3,18,2.166246,2.166246
407,17:29:31.768987,799,3,18,2.190226,2.190226
408,17:29:31.803549,788,3,18,2.207665,2.207665
409,17:29:31.847695,768,3,18,2.233848,2.233848
410,17:29:31.880742,743,3,18,2.249084,2.249084
411,17:29:31.928602,728,3,18,2.275356,2.275356
412,17:29:31.964867,719,3,18,2.294858,2.294858
413,17:29:31.994502,714,3,18,2.310325,2.310325
414,17:29:32.038159,713,3,18,2.331916,2.331916
415,17:29:32.090505,715,3,18,2.351854,2.351854
416,17:29:32.139776,713,3,18,2.386414,2.386414
417,17:29:32.174393,713,3,18,2.408206,2.408206
418,17:29:32.222825,713,3,18,2.432202,2.432202
419,17:29:32.258117,713,3,18,2.451928,2.451928
420,17:29:32.293451,713,3,18,2.471419,2.471419
421,17:29:32.322765,714,3,18,2.486686,2.486686
422,17:29:32.351265,716,3,18,2.502213,2.502213
423,17:29:32.382736,716,3,18,2.517201,2.517201
424,17:29:32.416440,718,3,18,2.534634,2.534634
425,17:29:32.443432,718,3,18,2.549894,2.549894
426,17:29:32.484697,716,3,18,2.571706,2.571706
427,17:29:32.518841,717,3,18,2.591588,2.591588
428,17:29:32.546241,719,3,18,2.604420,2.604420
429,17:29:32.587008,721,3,18,2.624141,2.624141
430,17:29:32.614234,720,3,20,2.641446,2.641446
431,17:29:32.653648,721,3,20,2.658899,2.658899
432,17:29:32.680841,715,3,20,2.676323,2.676323
433,17:29:32.726870,714,3,21,2.700331,2.700331
434,17:29:32.766325,725,3,22,2.722101,2.722101
435,17:29:32.809171,740,3,22,2.741717,2.741717
436,17:29:32.841227,762,3,22,2.761341,2.761341
437,17:29:32.864193,793,3,23,2.774424,2.774424
438,17:29:32.890336,811,3,23,2.787493,2.787493
439,17:29:32.923850,841,3,23,2.804937,2.804937
440,17:29:32.954390,880,3,23,2.822373,2.822373
441,17:29:32.988317,919,3,23,2.841988,2.841988
442,17:29:33.019222,965,0,23,2.845305,2.845305
443,17:29:33.044981,988,0,24,2.845305,2.845305
444,17:29:33.086692,1026,0,24,2.845305,2.845305
445,17:29:33.119272,1076,0,24,2.845305,2.845305
446,17:29:33.181129,1120,0,24,2.845305,2.845305
447,17:29:33.221692,1149,0,24,2.845305,2.845305
448,17:29:33.255184,1185,0,24,2.845305,2.845305
449,17:29:33.290006,1213,0,24,2.845305,2.845305
450,17:29:33.315464,1229,0,23,2.845305,2.845305
451,17:29:33.349106,1244,0,23,2.845305,2.845305
452,17:29:33.389393,1252,0,23,2.845305,2.845305
453,17:29:33.419166,1262,0,23,2.845305,2.845305
454,17:29:33.462323,1270,0,23,2.845305,2.845305
455,17:29:33.497948,1277,0,23,2.845305,2.845305
456,17:29:33.522936,1279,0,23,2.845305,2.845305
457,17:29:33.681478,1282,0,22,2.845305,2.845305
458,17:29:33.713584,1279,0,21,2.845305,2.845305
459,17:29:33.747048,1275,0,20,2.845305,2.845305
460,17:29:33.777541,1270,0,20,2.845305,2.845305
461,17:29:33.807723,1262,0,19,2.845305,2.845305
462,17:29:33.843094,1245,0,18,2.845305,2.845305
463,17:29:33.881346,1231,0,18,2.845305,2.845305
464,17:29:33.908142,1204,0,18,2.845305,2.845305
465,17:29:33.952645,1136,4,18,2.865827,2.865827
466,17:29:33.993326,1071,4,19,2.892089,2.892089
467,17:29:34.026384,992,4,19,2.920981,2.920981
468,17:29:34.058282,970,4,19,2.941327,2.941327
469,17:29:34.093730,952,4,19,2.970390,2.970390
470,17:29:34.131522,941,4,19,2.993959,2.993959
471,17:29:34.162233,934,4,18,3.019835,3.019835
472,17:29:34.185923,930,4,18,3.034332,3.034332
473,17:29:34.215146,926,4,18,3.054674,3.054674
474,17:29:34.248485,922,4,18,3.077925,3.077925
475,17:29:34.286962,918,4,18,3.101177,3.101177
476,17:29:34.313732,912,4,18,3.127337,3.127337
477,17:29:34.338916,908,4,18,3.141869,3.141869
478,17:29:34.381059,904,4,18,3.173850,3.173850
479,17:29:34.399445,901,4,18,3.188372,3.188372
480,17:29:34.421054,900,7,18,3.211926,3.211926
481,17:29:34.467922,897,7,18,3.246987,3.246987
482,17:29:34.502632,892,7,18,3.313301,3.313301
483,17:29:34.543116,888,7,18,3.358899,3.358899
484,17:29:34.593476,886,7,18,3.419927,3.419927
485,17:29:34.631261,893,7,18,3.465663,3.465663
486,17:29:34.657943,902,7,18,3.506351,3.506351
487,17:29:34.701104,915,7,18,3.536867,3.536867
488,17:29:34.727437,939,7,18,3.587761,3.587761
489,17:29:34.758913,954,7,18,3.628462,3.628462
490,17:29:34.786303,962,7,18,3.658985,3.658985
491,17:29:34.808375,971,7,18,3.689486,3.689486
492,17:29:34.841268,972,7,18,3.730179,3.730179
493,17:29:34.881249,974,7,18,3.771172,3.771172
494,17:29:34.920038,969,7,18,3.826818,3.826818
495,17:29:34.956392,964,7,18,3.867516,3.867516
496,17:29:34.987095,956,7,18,3.898034,3.898034
497,17:29:35.019586,950,7,18,3.949437,3.949437
498,17:29:35.058477,948,7,18,3.999745,3.999745
499,17:29:35.100464,944,7,18,4.055711,4.055711
500,17:29:35.134658,943,7,18,4.081128,4.081128
501,17:29:35.191608,940,7,18,4.162510,4.162510
502,17:29:35.245635,936,7,18,4.228626,4.228626
503,17:29:35.272264,933,7,18,4.269317,4.269317
504,17:29:35.314708,930,7,18,4.315106,4.315106
505,17:29:35.344600,926,7,18,4.355778,4.355778
506,17:29:35.398601,921,7,18,4.411927,4.411927
507,17:29:35.414753,917,7,18,4.442306,4.442306
508,17:29:35.451139,916,7,18,4.482955,4.482955
509,17:29:35.493133,911,7,18,4.543971,4.543971
510,17:29:35.529182,905,7,18,4.579578,4.579578
511,17:29:35.555027,902,7,18,4.615479,4.615479
512,17:29:35.599628,898,7,18,4.671129,4.671129
513,17:29:35.631271,890,7,18,4.711830,4.711830
514,17:29:35.687063,888,7,18,4.777948,4.777948
515,17:29:35.720104,881,7,18,4.823744,4.823744
516,17:29:35.751915,876,7,18,4.854347,4.854347
517,17:29:35.780465,872,7,18,4.894921,4.894921
518,17:29:35.834143,863,7,18,4.961044,4.961044
519,17:29:35.874492,858,7,18,5.016990,5.016990
520,17:29:35.904078,854,7,18,5.047533,5.047533
521,17:29:35.935193,852,7,18,5.093298,5.093298
522,17:29:35.957967,850,7,18,5.118717,5.118717
523,17:29:35.986532,847,7,18,5.149236,5.149236
524,17:29:36.012885,846,7,18,5.184837,5.184837
525,17:29:36.044980,844,7,18,5.225525,5.225525
526,17:29:36.117402,844,7,18,5.317390,5.317390
527,17:29:36.209710,846,7,18,5.352720,5.352720
528,17:29:36.240827,851,7,18,5.469684,5.469684
529,17:29:36.288914,854,7,18,5.520544,5.520544
530,17:29:36.317542,856,7,18,5.561276,5.561276
531,17:29:36.372157,858,7,18,5.617171,5.617171
532,17:29:36.400447,861,7,22,5.663246,5.663246
533,17:29:36.442931,859,7,24,5.713806,5.713806
534,17:29:36.472385,863,7,25,5.744349,5.744349
535,17:29:36.505949,872,7,26,5.795187,5.795187
536,17:29:36.546375,897,7,27,5.836079,5.836079
537,17:29:36.582081,976,7,27,5.896928,5.896928
538,17:29:36.616992,1020,7,27,5.927425,5.927425
539,17:29:36.652621,1070,7,27,5.968433,5.968433
540,17:29:36.675017,1122,7,27,6.008859,6.008859
541,17:29:36.712390,1148,7,27,6.044896,6.044896
542,17:29:36.748974,1212,7,27,6.090206,6.090206
543,17:29:36.867518,1276,7,27,6.141049,6.141049
544,17:29:36.916121,1471,7,26,6.288568,6.288568
545,17:29:36.980444,1547,7,26,6.364842,6.364842
546,17:29:37.060900,1622,7,25,6.446222,6.446222
547,17:29:37.108389,1666,7,24,6.532684,6.532684
548,17:29:37.164876,1661,7,23,6.604826,6.604826
549,17:29:37.200168,1650,7,23,6.659849,6.659849
550,17:29:37.222930,1639,7,22,6.690358,6.690358
551,17:29:37.257301,1626,7,22,6.731074,6.731074
552,17:29:37.282265,1615,7,22,6.766957,6.766957
553,17:29:37.306046,1610,7,22,6.792079,6.792079
554,17:29:37.326930,1600,7,22,6.817526,6.817526
555,17:29:37.350520,1594,7,22,6.843167,6.843167
556,17:29:37.377662,1586,7,22,6.878552,6.878552
557,17:29:37.425705,1570,7,22,6.929427,6.929427
558,17:29:37.460242,1561,7,22,6.980281,6.980281
559,17:29:37.488069,1548,7,23,7.015881,7.015881
560,17:29:37.538693,1543,7,24,7.066944,7.066944
561,17:29:37.582390,1544,7,24,7.122691,7.122691
562,17:29:37.631783,1561,7,24,7.183730,7.183730
563,17:29:37.673832,1576,7,24,7.229820,7.229820
564,17:29:37.727779,1595,10,23,7.344860,7.344860
565,17:29:37.762973,1616,10,23,7.410248,7.410248
566,17:29:37.808065,1632,10,24,7.482908,7.482908
567,17:29:37.867686,1652,10,24,7.585210,7.585210
568,17:29:37.913600,1670,10,24,7.672272,7.672272
569,17:29:37.981949,1692,10,24,7.780816,7.780816
570,17:29:38.051679,1708,10,24,7.912038,7.912038
571,17:29:38.117638,1722,10,24,8.020556,8.020556
572,17:29:38.171543,1735,10,24,8.086292,8.086292
573,17:29:38.205688,1751,12,24,8.211989,8.211989
574,17:29:38.246132,1761,12,24,8.290464,8.290464
575,17:29:38.290156,1769,12,24,8.360231,8.360231
576,17:29:38.341694,1779,12,24,8.473574,8.473574
577,17:29:38.390472,1789,12,24,8.569503,8.569503
578,17:29:38.421310,1795,12,24,8.665939,8.665939
579,17:29:38.471041,1808,12,24,8.761383,8.761383
580,17:29:38.506349,1819,12,24,8.848546,8.848546
581,17:29:38.548952,1834,12,24,8.900839,8.900839
582,17:29:38.577926,1845,12,24,8.996741,8.996741
583,17:29:38.629801,1862,12,24,9.101361,9.101361
584,17:29:38.677521,1880,14,24,9.220720,9.220720
585,17:29:38.746342,1890,14,24,9.362010,9.362010
586,17:29:38.812717,1918,14,24,9.545147,9.545147
587,17:29:38.846179,1927,14,24,9.646853,9.646853
588,17:29:38.880295,1930,14,24,9.728218,9.728218
589,17:29:38.924180,1936,14,25,9.829998,9.829998
590,17:29:38.965842,1947,14,25,9.931709,9.931709
591,17:29:38.997115,1958,14,25,10.002882,10.002882
592,17:29:39.052563,1965,14,25,10.105110,10.105110
593,17:29:39.087538,1953,14,24,10.247043,10.247043
594,17:29:39.148166,1933,16,24,10.372100,10.372100
595,17:29:39.185197,1880,16,24,10.522583,10.522583
596,17:29:39.213675,1846,16,24,10.604423,10.604423
597,17:29:39.284547,1816,16,24,10.708627,10.708627
598,17:29:39.326639,1729,16,24,10.917816,10.917816
599,17:29:39.389136,1698,16,24,10.999293,10.999293
600,17:29:39.422746,1638,16,24,11.196843,11.196843
601,17:29:39.477139,1614,16,24,11.337089,11.337089
602,17:29:39.526123,1581,16,25,11.487481,11.487481
603,17:29:39.571916,1562,16,25,11.616045,11.616045
604,17:29:39.618760,1562,18,25,11.768480,11.768480
605,17:29:39.655920,1565,18,25,11.859982,11.859982
606,17:29:39.721682,1573,18,25,12.003850,12.003850
607,17:29:39.762732,1595,18,26,12.186955,12.186955
608,17:29:39.804825,1622,18,26,12.356980,12.356980
609,17:29:39.843168,1638,18,27,12.449041,12.449041
610,17:29:39.881652,1655,18,27,12.579330,12.579330
611,17:29:39.929354,1666,18,26,12.736681,12.736681
612,17:29:39.962228,1680,18,26,12.867059,12.867059
613,17:29:40.017868,1694,18,26,13.037806,13.037806
614,17:29:40.063671,1704,18,26,13.128640,13.128640
615,17:29:40.161056,1716,18,26,13.481772,13.481772
616,17:29:40.241432,1726,18,26,13.664897,13.664897
617,17:29:40.286856,1731,18,26,13.874175,13.874175
618,17:29:40.332131,1729,18,26,13.978764,13.978764
619,17:29:40.379918,1730,18,26,14.161882,14.161882
620,17:29:40.413497,1735,18,26,14.305767,14.305767
621,17:29:40.445721,1736,18,26,14.397297,14.397297
622,17:29:40.485795,1736,18,26,14.515038,14.515038
623,17:29:40.521301,1740,18,26,14.645815,14.645815
624,17:29:40.568550,1741,20,25,14.787958,14.787958
625,17:29:40.613774,1739,20,25,14.947822,14.947822
626,17:29:40.663731,1735,20,24,15.122192,15.122192
627,17:29:40.725893,1721,20,24,15.383793,15.383793
628,17:29:40.768973,1710,20,24,15.514616,15.514616
629,17:29:40.799966,1694,20,24,15.630879,15.630879
630,17:29:40.834042,1686,20,24,15.761638,15.761638
631,17:29:40.876707,1681,20,25,15.906986,15.906986
632,17:29:40.915422,1681,20,25,16.052265,16.052265
633,17:29:40.965429,1679,20,25,16.168628,16.168628
634,17:29:41.027800,1688,20,25,16.401873,16.401873
635,17:29:41.067073,1706,20,25,16.546344,16.546344
636,17:29:41.107293,1719,20,25,16.720898,16.720898
637,17:29:41.151357,1722,20,25,16.837038,16.837038
638,17:29:41.191399,1726,20,25,17.025889,17.025889
639,17:29:41.238581,1729,20,25,17.185832,17.185832
640,17:29:41.288535,1736,20,25,17.360298,17.360298
641,17:29:41.327384,1735,20,25,17.505465,17.505465
642,17:29:41.351802,1736,20,25,17.607183,17.607183
643,17:29:41.416028,1741,20,25,17.781567,17.781567
644,17:29:41.452982,1744,20,25,17.941411,17.941411
645,17:29:41.488523,1748,22,25,18.098224,18.098224
646,17:29:41.519918,1749,22,25,18.210681,18.210681
647,17:29:41.566772,1754,22,25,18.353899,18.353899
648,17:29:41.616830,1757,22,25,18.481742,18.481742
649,17:29:41.699129,1769,22,25,18.881365,18.881365
650,17:29:41.733085,1775,22,25,19.041247,19.041247
651,17:29:41.781771,1773,22,24,19.201067,19.201067
652,17:29:41.826922,1779,22,25,19.409077,19.409077
653,17:29:41.872177,1773,22,25,19.568748,19.568748
654,17:29:41.902879,1773,22,25,19.712610,19.712610
655,17:29:41.928520,1775,22,25,19.808524,19.808524
656,17:29:41.973776,1774,24,25,19.945517,19.945517
657,17:29:42.021024,1775,24,25,20.207104,20.207104
658,17:29:42.054986,1776,24,25,20.330188,20.330188
659,17:29:42.081164,1775,24,24,20.451236,20.451236
660,17:29:42.124607,1772,24,24,20.590739,20.590739
661,17:29:42.151865,1771,24,24,20.749316,20.749316
662,17:29:42.238641,1771,24,24,21.096496,21.096496
663,17:29:42.290524,1769,24,24,21.340586,21.340586
664,17:29:42.329262,1772,24,23,21.497553,21.497553
665,17:29:42.364534,1764,24,21,21.637039,21.637039
666,17:29:42.401704,1753,24,20,21.811417,21.811417
667,17:29:42.475353,1716,24,19,22.142660,22.142660
668,17:29:42.541125,1682,24,18,22.335711,22.335711
669,17:29:42.581647,1626,24,18,22.561350,22.561350
670,17:29:42.645198,1588,24,18,22.824852,22.824852
671,17:29:42.705095,1569,24,18,23.102105,23.102105
672,17:29:42.761909,1558,24,18,23.293690,23.293690
673,17:29:42.800416,1556,24,18,23.520415,23.520415
674,17:29:42.857814,1548,24,18,23.677438,23.677438
675,17:29:42.893271,1525,26,18,23.900292,23.900292
676,17:29:42.988011,1497,26,20,24.240321,24.240321
677,17:29:43.029080,1349,26,23,24.523674,24.523674
678,17:29:43.093389,1297,26,23,24.844882,24.844882
679,17:29:43.139756,1249,26,23,25.052646,25.052646
680,17:29:43.194955,1238,26,23,25.317145,25.317145
681,17:29:43.231504,1244,26,24,25.488005,25.488005
682,17:29:43.277615,1262,26,24,25.713999,25.713999
683,17:29:43.320765,1290,26,24,25.884604,25.884604
684,17:29:43.361406,1316,26,24,26.053904,26.053904
685,17:29:43.427384,1354,26,24,26.375324,26.375324
686,17:29:43.459659,1396,26,24,26.488543,26.488543
687,17:29:43.519968,1436,26,23,26.828508,26.828508
688,17:29:43.565758,1474,26,23,26.979641,26.979641
689,17:29:43.600096,1494,26,23,27.149896,27.149896
690,17:29:43.629882,1508,26,23,27.319777,27.319777
691,17:29:43.666385,1518,26,24,27.471999,27.471999
692,17:29:43.729512,1524,26,24,27.754185,27.754185
693,17:29:43.756933,1540,26,25,27.926581,27.926581
694,17:29:43.793126,1552,26,25,28.075334,28.075334
695,17:29:43.826041,1563,26,24,28.226462,28.226462
696,17:29:43.856087,1574,26,24,28.358687,28.358687
697,17:29:43.888327,1582,26,24,28.490948,28.490948
698,17:29:43.938485,1593,26,23,28.755522,28.755522
699,17:29:43.968202,1598,26,23,28.869030,28.869030
700,17:29:44.009692,1590,26,23,29.076568,29.076568
701,17:29:44.081875,1583,26,23,29.378858,29.378858
702,17:29:44.122165,1558,26,23,29.587559,29.587559
703,17:29:44.170393,1541,26,23,29.795640,29.795640
704,17:29:44.257757,1534,26,22,30.210152,30.210152
705,17:29:44.290336,1510,26,20,30.380111,30.380111
706,17:29:44.350621,1479,26,19,30.663557,30.663557
707,17:29:44.383036,1456,26,18,30.776886,30.776886
708,17:29:44.412150,1431,26,18,30.927964,30.927964
709,17:29:44.443623,1396,26,18,31.098076,31.098076
710,17:29:44.527000,1340,26,18,31.456940,31.456940
711,17:29:44.562574,1242,26,19,31.626983,31.626983
712,17:29:44.609561,1214,26,19,31.853716,31.853716
713,17:29:44.645619,1184,26,19,31.968521,31.968521
714,17:29:44.680409,1172,26,19,32.174882,32.174882
715,17:29:44.719743,1171,26,18,32.325946,32.325946
716,17:29:44.755130,1172,26,18,32.514879,32.514879
717,17:29:44.794376,1172,26,18,32.703812,32.703812
718,17:29:44.845619,1169,26,18,32.855426,32.855426
719,17:29:44.917470,1159,26,18,33.138377,33.138377
720,17:29:44.999481,1152,26,18,33.610590,33.610590
721,17:29:45.065615,1143,26,18,33.951745,33.951745
722,17:29:45.107740,1138,26,18,34.101780,34.101780
723,17:29:45.140187,1134,26,18,34.309590,34.309590
724,17:29:45.171688,1136,26,19,34.422955,34.422955
725,17:29:45.201191,1135,26,19,34.555249,34.555249
726,17:29:45.233298,1138,26,19,34.706337,34.706337
727,17:29:45.262198,1139,28,19,34.866539,34.866539
728,17:29:45.288284,1141,28,19,35.008974,35.008974
729,17:29:45.313990,1144,28,19,35.131006,35.131006
730,17:29:45.344706,1144,28,20,35.273466,35.273466
731,17:29:45.419633,1138,28,20,35.578765,35.578765
732,17:29:45.479628,1149,28,20,35.904174,35.904174
733,17:29:45.530702,1174,28,21,36.168706,36.168706
734,17:29:45.575200,1191,28,21,36.413013,36.413013
735,17:29:45.644615,1214,28,21,36.636560,36.636560
736,17:29:45.678885,1236,28,21,36.921386,36.921386
737,17:29:45.732736,1253,28,21,37.125488,37.125488
738,17:29:45.780046,1264,28,21,37.409519,37.409519
739,17:29:45.811672,1267,28,21,37.572765,37.572765
740,17:29:45.842332,1272,28,21,37.755381,37.755381
741,17:29:45.953989,1279,28,20,38.122913,38.122913
742,17:29:45.984790,1290,28,20,38.447303,38.447303
743,17:29:46.028913,1294,28,20,38.650730,38.650730
744,17:29:46.059719,1296,28,21,38.813539,38.813539
745,17:29:46.095783,1295,28,21,38.996567,38.996567
746,17:29:46.137351,1299,28,21,39.220351,39.220351
747,17:29:46.176383,1303,28,21,39.384319,39.384319
748,17:29:46.215837,1308,28,21,39.586597,39.586597
749,17:29:46.259628,1313,28,21,39.750458,39.750458
750,17:29:46.296356,1319,28,21,40.015036,40.015036
751,17:29:46.358354,1321,28,20,40.257982,40.257982
752,17:29:46.399606,1325,28,20,40.481732,40.481732
753,17:29:46.442317,1323,28,19,40.725875,40.725875
754,17:29:46.517938,1311,28,19,41.112405,41.112405
755,17:29:46.550554,1302,28,18,41.254831,41.254831
756,17:29:46.579607,1288,28,18,41.417599,41.417599
757,17:29:46.624788,1258,28,18,41.641380,41.641380
758,17:29:46.692589,1214,28,18,41.927392,41.927392
759,17:29:46.731602,1186,28,18,42.171496,42.171496
760,17:29:46.757610,1179,28,18,42.313977,42.313977
761,17:29:46.813467,1177,28,18,42.557141,42.557141
762,17:29:46.860975,1172,28,18,42.781925,42.781925
763,17:29:46.942997,1173,28,18,43.207969,43.207969
764,17:29:46.979664,1173,28,18,43.391748,43.391748
765,17:29:47.012701,1172,28,18,43.574314,43.574314
766,17:29:47.067205,1168,28,18,43.818323,43.818323
767,17:29:47.100340,1163,28,18,43.981132,43.981132
768,17:29:47.156964,1159,28,18,44.227129,44.227129
769,17:29:47.209332,1153,28,18,44.429830,44.429830
770,17:29:47.255258,1151,28,18,44.713463,44.713463
771,17:29:47.322067,1148,28,18,45.038971,45.038971
772,17:29:47.382587,1149,28,18,45.323822,45.323822
773,17:29:47.421335,1150,28,18,45.547657,45.547657
774,17:29:47.460329,1150,28,18,45.771407,45.771407
775,17:29:47.499371,1151,28,18,45.956139,45.956139
776,17:29:47.539266,1150,28,18,46.178369,46.178369
777,17:29:47.584130,1149,28,18,46.361477,46.361477
778,17:29:47.631578,1149,28,18,46.605541,46.605541
779,17:29:47.686846,1145,28,18,46.913344,46.913344
780,17:29:47.732584,1143,28,19,47.094057,47.094057
781,17:29:47.773110,1141,28,20,47.338051,47.338051
782,17:29:47.818106,1142,28,20,47.521184,47.521184
783,17:29:47.864211,1120,28,19,47.746256,47.746256
784,17:29:47.899593,1107,28,18,47.948758,47.948758
785,17:29:47.935116,1112,28,18,48.111060,48.111060
786,17:29:47.983771,1152,28,18,48.397078,48.397078
787,17:29:48.030654,1168,28,18,48.619691,48.619691
788,17:29:48.099848,1174,28,18,48.904601,48.904601
789,17:29:48.137756,1160,28,18,49.148704,49.148704
790,17:29:48.193074,1153,28,18,49.392789,49.392789
791,17:29:48.237435,1148,28,18,49.657519,49.657519
792,17:29:48.290339,1149,28,18,49.840553,49.840553
793,17:29:48.333913,1148,28,18,50.084518,50.084518
794,17:29:48.386696,1151,28,18,50.389756,50.389756
795,17:29:48.445582,1152,28,18,50.613735,50.613735
796,17:29:48.496558,1145,28,18,50.919883,50.919883
797,17:29:48.530509,1145,28,18,51.101793,51.101793
798,17:29:48.572072,1144,30,18,51.276720,51.276720
799,17:29:48.611346,1141,30,18,51.535438,51.535438
800,17:29:48.685446,1142,30,18,51.711416,51.711416
801,17:29:48.729582,1145,30,18,52.123764,52.123764
802,17:29:48.753876,1138,30,18,52.319920,52.319920
803,17:29:48.790203,1136,30,18,52.494544,52.494544
804,17:29:48.834707,1134,30,18,52.646866,52.646866
805,17:29:48.872701,1134,30,18,52.908427,52.908427
806,17:29:48.912161,1135,30,18,53.148388,53.148388
807,17:29:48.966630,1136,30,18,53.367527,53.367527
808,17:29:49.001181,1134,30,18,53.627789,53.627789
809,17:29:49.047590,1128,29,18,53.797614,53.797614
810,17:29:49.095837,1132,29,18,54.092684,54.092684
811,17:29:49.132028,1130,29,18,54.282270,54.282270
812,17:29:49.176951,1130,29,18,54.514099,54.514099
813,17:29:49.210836,1130,29,18,54.685156,54.685156
814,17:29:49.254360,1130,29,18,54.914510,54.914510
815,17:29:49.302404,1130,29,18,55.168485,55.168485
816,17:29:49.349316,1130,29,18,55.379187,55.379187
817,17:29:49.384310,1126,29,18,55.588865,55.588865
818,17:29:49.424668,1127,29,18,55.737266,55.737266
819,17:29:49.488340,1126,29,18,56.053290,56.053290
820,17:29:49.539246,1121,29,18,56.326245,56.326245
821,17:29:49.622653,1120,29,18,56.726548,56.726548
822,17:29:49.677041,1118,29,18,57.021576,57.021576
823,17:29:49.708331,1115,29,18,57.253338,57.253338
824,17:29:49.749678,1116,29,18,57.486238,57.486238
825,17:29:49.781694,1116,29,18,57.632617,57.632617
826,17:29:49.825834,1112,29,18,57.822260,57.822260
827,17:29:49.869446,1111,29,18,58.054062,58.054062
828,17:29:49.909092,1112,29,18,58.285819,58.285819
829,17:29:49.955696,1111,29,18,58.517699,58.517699
830,17:29:49.993695,1108,29,18,58.728412,58.728412
831,17:29:50.079079,1105,29,18,59.086620,59.086620
832,17:29:50.123029,1104,29,18,59.318373,59.318373
833,17:29:50.158863,1104,29,18,59.571194,59.571194
834,17:29:50.193024,1104,29,18,59.761063,59.761063
835,17:29:50.248268,1104,29,18,60.034646,60.034646
836,17:29:50.293952,1104,29,18,60.266624,60.266624
837,17:29:50.341439,1097,29,19,60.502956,60.502956
838,17:29:50.381623,1094,29,20,60.689150,60.689150
839,17:29:50.423939,1091,28,20,60.934052,60.934052
840,17:29:50.479898,1066,28,22,61.178310,61.178310
841,17:29:50.515693,1072,28,23,61.381642,61.381642
842,17:29:50.565332,1084,28,23,61.585371,61.585371
843,17:29:50.589578,1116,28,23,61.768465,61.768465
844,17:29:50.624067,1139,28,23,61.913186,61.913186
845,17:29:50.655900,1180,28,23,62.073366,62.073366
846,17:29:50.717702,1224,28,23,62.337887,62.337887
847,17:29:50.764115,1295,28,23,62.602474,62.602474
848,17:29:50.809083,1353,28,23,62.744786,62.744786
849,17:29:50.881428,1401,28,23,63.151693,63.151693
850,17:29:50.951153,1447,28,22,63.456843,63.456843
851,17:29:50.985741,1473,28,22,63.701171,63.701171
852,17:29:51.038023,1489,28,22,63.924762,63.924762
853,17:29:51.067560,1494,28,22,64.128203,64.128203
854,17:29:51.221318,1498,28,22,64.738557,64.738557
855,17:29:51.284535,1481,28,21,65.125121,65.125121
856,17:29:51.323156,1473,28,20,65.369269,65.369269
857,17:29:51.361848,1460,28,18,65.593065,65.593065
858,17:29:51.408165,1438,28,18,65.837203,65.837203
859,17:29:51.486437,1392,28,18,66.020326,66.020326
860,17:29:51.544303,1305,28,18,66.448750,66.448750
861,17:29:51.605992,1219,28,19,66.793394,66.793394
862,17:29:51.649951,1192,28,19,66.976517,66.976517
863,17:29:51.729488,1178,28,18,67.221997,67.221997
864,17:29:51.859125,1174,28,18,67.851571,67.851571
865,17:29:51.910626,1158,28,18,68.258220,68.258220
866,17:29:52.019520,1156,28,18,68.768247,68.768247
867,17:29:52.128977,1141,28,18,69.295801,69.295801
868,17:29:52.285334,1131,28,18,69.906155,69.906155
869,17:29:52.459414,1115,28,18,70.496170,70.496170
870,17:29:52.552316,1108,28,18,71.493123,71.493123
871,17:29:52.616386,1104,28,18,71.716898,71.716898
872,17:29:52.688862,1105,28,18,72.123736,72.123736
873,17:29:52.796387,1104,28,18,72.674257,72.674257
874,17:29:52.852399,1101,28,18,72.998651,72.998651
875,17:29:52.973327,1101,28,18,73.568229,73.568229
876,17:29:53.064767,1100,28,18,74.036187,74.036187
877,17:29:53.164849,1090,28,18,74.565187,74.565187
878,17:29:53.210863,1077,28,18,74.769682,74.769682
879,17:29:53.281800,1075,28,18,75.115708,75.115708
880,17:29:53.360008,1076,28,18,75.460387,75.460387
881,17:29:53.472077,1076,28,18,76.070691,76.070691
882,17:29:53.564712,1080,28,18,76.518257,76.518257
883,17:29:53.632362,1080,28,18,76.782744,76.782744
884,17:29:53.690079,1076,28,18,77.148824,77.148824
885,17:29:53.824761,1069,27,18,77.822755,77.822755
886,17:29:53.874415,1060,27,18,78.056800,78.056800
887,17:29:54.026487,1055,27,18,78.409878,78.409878
888,17:29:54.182418,1034,27,18,79.331982,79.331982
889,17:29:54.362355,1038,27,18,80.175526,80.175526
890,17:29:54.434462,1036,27,18,80.607135,80.607135
891,17:29:54.525053,1027,27,18,80.921023,80.921023
892,17:29:54.640961,1010,27,18,81.666520,81.666520
893,17:29:54.678252,1003,27,18,81.921566,81.921566
894,17:29:54.724983,1000,27,18,82.079882,82.079882
895,17:29:54.818205,991,27,18,82.529725,82.529725
896,17:29:54.893640,989,27,18,82.863229,82.863229
897,17:29:54.998139,974,27,18,83.255599,83.255599
898,17:29:55.095429,966,27,18,83.845343,83.845343
899,17:29:55.148751,948,26,18,84.112050,84.112050
900,17:29:55.220780,936,26,18,84.338206,84.338206
901,17:29:55.276389,919,26,18,84.696600,84.696600
902,17:29:55.348247,908,26,18,85.074502,85.074502
903,17:29:55.430317,897,26,18,85.357773,85.357773
904,17:29:55.561692,884,26,18,86.037859,86.037859
905,17:29:55.623309,894,25,18,86.312701,86.312701
906,17:29:55.713392,909,25,18,86.567028,86.567028
907,17:29:55.804782,940,25,18,87.021220,87.021220
908,17:29:55.896389,990,25,18,87.495053,87.495053
909,17:29:56.043830,994,25,18,88.183728,88.183728
910,17:29:56.182106,1003,22,18,88.595925,88.595925
911,17:29:56.434252,1007,22,18,89.554376,89.554376
912,17:29:56.475975,979,22,18,89.890148,89.890148
913,17:29:56.637690,965,20,18,90.201846,90.201846
914,17:29:56.710203,926,20,18,90.725159,90.725159
915,17:29:56.908194,884,20,18,91.422532,91.422532
916,17:29:57.024649,871,20,18,91.727875,91.727875
917,17:29:57.175191,868,17,18,92.150995,92.150995
918,17:29:57.229129,876,17,18,92.459828,92.459828
919,17:29:57.275204,878,17,18,92.595658,92.595658
920,17:29:57.321815,884,17,18,92.719987,92.719987
921,17:29:57.378839,885,17,18,92.879763,92.879763
922,17:29:57.411160,890,17,18,92.991144,92.991144
923,17:29:57.450630,894,17,18,93.126854,93.126854
924,17:29:57.487701,900,15,18,93.217436,93.217436
925,17:29:57.544618,903,15,18,93.336440,93.336440
926,17:29:57.585074,912,15,18,93.489702,93.489702
927,17:29:57.639348,919,15,18,93.641624,93.641624
928,17:29:57.684646,935,15,18,93.728867,93.728867
929,17:29:57.722237,944,15,18,93.849385,93.849385
930,17:29:57.755710,949,15,18,93.936149,93.936149
931,17:29:57.829584,956,15,18,94.099393,94.099393
932,17:29:57.888124,959,15,18,94.273889,94.273889
933,17:29:57.939855,958,15,18,94.426355,94.426355
934,17:29:57.985451,958,15,18,94.525100,94.525100
935,17:29:58.048765,962,15,18,94.688441,94.688441
936,17:29:58.104858,966,15,18,94.873245,94.873245
937,17:29:58.212187,967,15,18,95.145691,95.145691
938,17:29:58.248597,972,15,18,95.244024,95.244024
939,17:29:58.301045,976,15,18,95.363671,95.363671
940,17:29:58.353427,978,15,18,95.494457,95.494457
941,17:29:58.393051,979,15,20,95.625837,95.625837
942,17:29:58.428638,979,14,23,95.718257,95.718257
943,17:29:58.471974,994,14,25,95.819978,95.819978
944,17:29:58.524608,1027,14,25,95.952217,95.952217
945,17:29:58.560677,1105,14,25,96.043796,96.043796
946,17:29:58.598649,1172,14,25,96.156322,96.156322
947,17:29:58.644603,1262,14,25,96.257610,96.257610
948,17:29:58.687018,1388,14,25,96.379471,96.379471
949,17:29:58.751014,1458,14,25,96.461516,96.461516
950,17:29:58.809498,1633,14,25,96.643955,96.643955
951,17:29:58.847170,1784,14,25,96.755845,96.755845
952,17:29:58.904710,1841,13,25,96.890328,96.890328
953,17:29:58.933098,1839,13,24,96.965862,96.965862
954,17:29:59.005068,1809,13,24,97.116996,97.116996
955,17:29:59.064689,1763,13,23,97.258686,97.258686
956,17:29:59.113030,1744,13,23,97.381482,97.381482
957,17:29:59.166385,1746,13,23,97.466496,97.466496
958,17:29:59.225369,1768,13,23,97.627083,97.627083
959,17:29:59.267633,1793,13,24,97.730982,97.730982
960,17:29:59.329343,1820,13,24,97.872686,97.872686
961,17:29:59.376598,1834,13,24,97.986126,97.986126
962,17:29:59.412555,1848,13,24,98.071025,98.071025
963,17:29:59.471386,1862,13,24,98.184421,98.184421
964,17:29:59.513988,1876,13,24,98.307184,98.307184
965,17:29:59.539591,1889,13,24,98.363870,98.363870
966,17:29:59.604574,1903,13,24,98.486704,98.486704
967,17:29:59.639929,1930,13,24,98.599992,98.599992
968,17:29:59.677275,1944,13,25,98.675568,98.675568
969,17:29:59.720475,1967,13,25,98.779486,98.779486
970,17:29:59.755031,1980,13,25,98.855584,98.855584
971,17:29:59.792620,1991,13,25,98.958930,98.958930
972,17:29:59.833997,2002,13,25,99.034499,99.034499
973,17:29:59.863136,2016,16,25,99.134892,99.134892
974,17:29:59.927737,2027,16,25,99.239528,99.239528
975,17:29:59.976635,2042,16,25,99.448782,99.448782
976,17:30:00.013097,2038,16,25,99.565168,99.565168
977,17:30:00.056334,2034,16,25,99.669676,99.669676
978,17:30:00.097870,2030,16,25,99.774374,99.774374
979,17:30:00.152448,2004,16,25,99.902189,99.902189
980,17:30:00.192854,1964,16,25,100.030091,100.030091
981,17:30:00.245657,1916,16,25,100.216068,100.216068
982,17:30:00.295655,1866,16,24,100.343953,100.343953
983,17:30:00.324768,1821,16,24,100.448521,100.448521
984,17:30:00.360932,1790,16,24,100.529890,100.529890
985,17:30:00.396746,1756,16,24,100.634523,100.634523
986,17:30:00.439793,1723,16,24,100.739573,100.739573
987,17:30:00.509642,1676,16,24,100.949220,100.949220
988,17:30:00.560024,1643,16,24,101.076364,101.076364
989,17:30:00.619501,1630,16,24,101.250747,101.250747
990,17:30:00.668540,1622,16,24,101.390277,101.390277
991,17:30:00.745212,1625,16,24,101.576410,101.576410
992,17:30:00.794663,1634,18,24,101.781309,101.781309
993,17:30:00.840391,1642,18,24,101.911224,101.911224
994,17:30:00.873082,1652,18,24,102.055089,102.055089
995,17:30:00.917902,1658,18,24,102.159732,102.159732
996,17:30:00.973414,1659,18,24,102.317493,102.317493
997,17:30:01.026543,1658,18,24,102.499819,102.499819
998,17:30:01.107886,1655,18,24,102.709042,102.709042
999,17:30:01.167317,1652,18,24,102.944451,102.944451
1000,17:30:01.208945,1652,18,24,103.062160,103.062160
1001,17:30:01.255767,1647,20,23,103.275618,103.275618
1002,17:30:01.304466,1647,20,23,103.406296,103.406296
1003,17:30:01.342886,1641,20,23,103.595148,103.595148
1004,17:30:01.394782,1639,20,23,103.725900,103.725900
1005,17:30:01.429677,1630,20,23,103.900288,103.900288
1006,17:30:01.460486,1630,20,23,104.002102,104.002102
1007,17:30:01.529873,1627,20,23,104.234527,104.234527
1008,17:30:01.556872,1629,20,23,104.336248,104.336248
1009,17:30:01.588278,1623,20,22,104.437980,104.437980
1010,17:30:01.641263,1623,20,21,104.598090,104.598090
1011,17:30:01.703873,1605,20,20,104.830337,104.830337
1012,17:30:01.753256,1580,20,19,104.990200,104.990200
1013,17:30:01.826615,1527,20,19,105.295405,105.295405
1014,17:30:01.868030,1508,20,19,105.426154,105.426154
1015,17:30:01.910900,1488,20,19,105.601436,105.601436
1016,17:30:01.954060,1472,20,19,105.760399,105.760399
1017,17:30:02.000795,1466,20,20,105.905722,105.905722
1018,17:30:02.027462,1460,20,20,106.024412,106.024412
1019,17:30:02.069685,1458,20,20,106.167311,106.167311
1020,17:30:02.122942,1456,20,20,106.313467,106.313467
1021,17:30:02.160402,1464,20,20,106.487015,106.487015
1022,17:30:02.191622,1469,22,20,106.612423,106.612423
1023,17:30:02.268456,1473,22,20,106.740219,106.740219
1024,17:30:02.308576,1482,22,21,107.043975,107.043975
1025,17:30:02.354504,1488,22,21,107.187826,107.187826
1026,17:30:02.402747,1497,22,21,107.427664,107.427664
1027,17:30:02.433680,1505,22,21,107.571476,107.571476
1028,17:30:02.457070,1510,22,21,107.651374,107.651374
1029,17:30:02.488405,1514,22,21,107.764209,107.764209
1030,17:30:02.523746,1519,22,21,107.891159,107.891159
1031,17:30:02.572636,1518,22,21,108.083727,108.083727
1032,17:30:02.621965,1504,22,21,108.290805,108.290805
1033,17:30:02.682660,1470,24,21,108.530539,108.530539
1034,17:30:02.759433,1401,24,21,108.879356,108.879356
1035,17:30:02.845125,1330,24,21,109.123415,109.123415
1036,17:30:02.909380,1277,24,21,109.437318,109.437318
1037,17:30:03.037952,1262,24,21,109.927121,109.927121
1038,17:30:03.138572,1258,24,22,110.274365,110.274365
1039,17:30:03.253905,1288,24,22,110.695197,110.695197
1040,17:30:03.290475,1318,24,21,111.128935,111.128935
1041,17:30:03.336387,1324,24,21,111.268361,111.268361
1042,17:30:03.397846,1333,24,21,111.529935,111.529935
1043,17:30:03.433852,1338,24,21,111.722777,111.722777
1044,17:30:03.494125,1341,24,21,111.983363,111.983363
1045,17:30:03.608939,1345,24,21,112.332312,112.332312
1046,17:30:03.670820,1343,24,21,112.698305,112.698305
1047,17:30:03.726380,1341,24,21,112.977329,112.977329
1048,17:30:03.783019,1338,24,22,113.221363,113.221363
1049,17:30:03.866385,1336,24,22,113.413251,113.413251
1050,17:30:03.976233,1336,24,22,113.971436,113.971436
1051,17:30:04.031313,1344,24,22,114.302704,114.302704
1052,17:30:04.126396,1344,24,22,114.511914,114.511914
1053,17:30:04.197486,1347,24,21,115.017676,115.017676
1054,17:30:04.248649,1344,24,21,115.174574,115.174574
1055,17:30:04.373578,1338,24,21,115.715241,115.715241
1056,17:30:04.443030,1334,24,21,115.959318,115.959318
1057,17:30:04.491863,1332,24,21,116.238329,116.238329
1058,17:30:04.569878,1328,24,21,116.587099,116.587099
1059,17:30:04.674269,1317,24,20,116.970810,116.970810
1060,17:30:04.765124,1303,24,20,117.319546,117.319546
1061,17:30:04.808834,1293,24,20,117.599652,117.599652
1062,17:30:04.870105,1286,24,20,117.842719,117.842719
1063,17:30:04.948434,1272,24,20,118.174018,118.174018
1064,17:30:05.072694,1258,26,20,118.638469,118.638469
1065,17:30:05.136373,1254,26,20,119.054010,119.054010
1066,17:30:05.201709,1248,26,20,119.318731,119.318731
1067,17:30:05.325937,1242,26,20,119.828582,119.828582
1068,17:30:05.416141,1240,26,21,120.357544,120.357544
1069,17:30:05.499352,1244,26,21,120.603157,120.603157
1070,17:30:05.557614,1248,26,20,120.943330,120.943330
1071,17:30:05.593261,1248,26,19,121.172420,121.172420
1072,17:30:05.664873,1238,26,18,121.491091,121.491091
1073,17:30:05.704378,1223,26,18,121.661083,121.661083
1074,17:30:05.803582,1190,26,18,121.887778,121.887778
1075,17:30:05.909617,1129,26,18,122.624568,122.624568
1076,17:30:05.966635,1100,25,18,122.901577,122.901577
1077,17:30:06.024320,1088,25,18,123.117419,123.117419
1078,17:30:06.078990,1082,25,18,123.318274,123.318274
1079,17:30:06.183562,1076,25,18,123.789566,123.789566
1080,17:30:06.342430,1062,25,18,124.316285,124.316285
1081,17:30:06.433572,1050,25,18,124.788579,124.788579
1082,17:30:06.535615,1048,25,18,125.407326,125.407326
1083,17:30:06.593354,1047,25,18,125.642343,125.642343
1084,17:30:06.646135,1047,25,18,125.860325,125.860325
1085,17:30:06.722831,1045,25,18,126.223626,126.223626
1086,17:30:06.799829,1046,25,18,126.478259,126.478259
1087,17:30:06.906181,1045,25,18,127.004721,127.004721
1088,17:30:06.973228,1045,27,18,127.332854,127.332854
1089,17:30:07.050466,1041,27,18,127.646772,127.646772
1090,17:30:07.150055,1039,27,18,128.176337,128.176337
1091,17:30:07.189952,1036,27,18,128.352914,128.352914
1092,17:30:07.217265,1035,27,18,128.549166,128.549166
1093,17:30:07.294134,1034,27,18,128.843461,128.843461
1094,17:30:07.350170,1034,27,18,129.176962,129.176962
1095,17:30:07.391259,1036,27,18,129.392831,129.392831
1096,17:30:07.484371,1036,27,18,129.825873,129.825873
1097,17:30:07.599642,1034,27,18,130.197836,130.197836
1098,17:30:07.727188,1024,27,18,130.824912,130.824912
1099,17:30:07.795369,1020,27,18,131.315367,131.315367
1100,17:30:07.870888,1015,26,18,131.524980,131.524980
1101,17:30:07.944248,1008,26,18,131.940562,131.940562
1102,17:30:08.004675,1008,26,18,132.242805,132.242805
1103,17:30:08.066392,1009,26,18,132.526177,132.526177
1104,17:30:08.115175,1008,26,18,132.733987,132.733987
1105,17:30:08.246739,1013,26,18,133.301796,133.301796
1106,17:30:08.392384,1016,26,18,133.999776,133.999776
1107,17:30:08.444917,1008,26,18,134.207716,134.207716
1108,17:30:08.485519,1002,26,18,134.453181,134.453181
1109,17:30:08.553076,995,26,18,134.774293,134.774293
1110,17:30:08.690287,990,26,18,135.397726,135.397726
1111,17:30:08.739314,986,26,18,135.605527,135.605527
1112,17:30:08.825122,986,25,18,136.026958,136.026958
1113,17:30:08.876389,989,25,18,136.281280,136.281280
1114,17:30:08.997084,985,25,18,136.699074,136.699074
1115,17:30:09.064786,978,25,18,137.044242,137.044242
1116,17:30:09.099453,974,25,18,137.280422,137.280422
1117,17:30:09.216781,962,25,18,137.770827,137.770827
1118,17:30:09.298775,948,24,18,138.105143,138.105143
1119,17:30:09.353416,942,24,18,138.366755,138.366755
1120,17:30:09.476827,936,24,18,138.837553,138.837553
1121,17:30:09.530976,932,24,18,139.065338,139.065338
1122,17:30:09.595006,930,24,18,139.413025,139.413025
1123,17:30:09.652096,923,24,18,139.640747,139.640747
1124,17:30:09.723164,919,24,18,139.849948,139.849948
1125,17:30:09.834240,904,24,18,140.354692,140.354692
1126,17:30:09.963816,918,24,18,140.721985,140.721985
1127,17:30:10.025799,958,24,18,141.174344,141.174344
1128,17:30:10.075513,983,24,18,141.418454,141.418454
1129,17:30:10.150949,993,24,18,141.680097,141.680097
1130,17:30:10.218628,1001,22,18,141.990708,141.990708
1131,17:30:10.295724,1000,22,18,142.325503,142.325503
1132,17:30:10.348064,1001,22,18,142.549268,142.549268
1133,17:30:10.401801,1004,22,18,142.726044,142.726044
1134,17:30:10.463081,1006,22,18,142.948875,142.948875
1135,17:30:10.511126,1010,22,18,143.108734,143.108734
1136,17:30:10.567696,1004,22,18,143.364599,143.364599
1137,17:30:10.609874,998,22,18,143.540345,143.540345
1138,17:30:10.679051,998,22,18,143.716180,143.716180
1139,17:30:10.712677,1004,20,18,143.953958,143.953958
1140,17:30:10.765520,1002,20,18,144.113687,144.113687
1141,17:30:10.833769,994,20,18,144.317067,144.317067
1142,17:30:10.910603,982,20,18,144.593358,144.593358
1143,17:30:10.957719,977,20,18,144.783140,144.783140
1144,17:30:11.008120,966,20,18,144.971023,144.971023
1145,17:30:11.064666,954,20,18,145.116335,145.116335
1146,17:30:11.091876,940,20,18,145.305162,145.305162
1147,17:30:11.117787,935,20,18,145.377835,145.377835
1148,17:30:11.134635,926,18,18,145.444795,145.444795
1149,17:30:11.162356,920,18,18,145.523350,145.523350
1150,17:30:11.189290,911,18,18,145.614909,145.614909
1151,17:30:11.212887,901,18,18,145.693355,145.693355
1152,17:30:11.252176,885,18,18,145.798015,145.798015
1153,17:30:11.268907,874,18,18,145.877090,145.877090
1154,17:30:11.293505,866,18,18,145.956456,145.956456
1155,17:30:11.316833,859,18,18,146.020325,146.020325
1156,17:30:11.348474,852,18,18,146.111881,146.111881
1157,17:30:11.374669,838,18,18,146.203450,146.203450
1158,17:30:11.399317,830,18,18,146.295028,146.295028
1159,17:30:11.419295,826,18,18,146.348884,146.348884
1160,17:30:11.440488,823,18,18,146.425796,146.425796
1161,17:30:11.466176,822,18,18,146.491183,146.491183
1162,17:30:11.505124,820,18,18,146.621964,146.621964
1163,17:30:11.557902,822,18,18,146.779706,146.779706
1164,17:30:11.668017,834,18,18,146.897613,146.897613
1165,17:30:11.758643,870,16,18,147.351478,147.351478
1166,17:30:11.832631,893,16,18,147.594668,147.594668
1167,17:30:11.894451,920,16,18,147.722547,147.722547
1168,17:30:11.970027,930,16,18,147.966813,147.966813
1169,17:30:12.058744,943,16,18,148.164329,148.164329
1170,17:30:12.122020,954,13,18,148.382564,148.382564
1171,17:30:12.179279,956,13,18,148.505355,148.505355
1172,17:30:12.237930,961,13,18,148.628148,148.628148
1173,17:30:12.305873,960,13,18,148.742273,148.742273
1174,17:30:12.373142,963,13,18,148.939858,148.939858
1175,17:30:12.439109,962,13,18,149.043749,149.043749
1176,17:30:12.518489,961,13,18,149.270465,149.270465
1177,17:30:12.607226,962,12,22,149.421366,149.421366
1178,17:30:12.769404,1043,12,25,149.761455,149.761455
1179,17:30:12.883013,1268,12,25,149.970680,149.970680
1180,17:30:12.965049,1522,12,25,150.198438,150.198438
1181,17:30:13.051446,1633,12,25,150.380496,150.380496
1182,17:30:13.128938,1691,12,24,150.563588,150.563588
1183,17:30:13.285604,1696,12,23,150.772971,150.772971
1184,17:30:13.329763,1654,12,21,151.016999,151.016999
1185,17:30:13.408342,1634,12,21,151.130558,151.130558
1186,17:30:13.490374,1581,12,20,151.348331,151.348331
1187,17:30:13.592759,1572,12,20,151.531422,151.531422
1188,17:30:13.689070,1594,12,22,151.697088,151.697088
1189,17:30:13.740219,1623,12,22,151.862756,151.862756
1190,17:30:13.811228,1638,12,22,152.011490,152.011490
1191,17:30:13.892329,1647,12,22,152.176651,152.176651
1192,17:30:13.966377,1659,12,22,152.360807,152.360807
1193,17:30:14.077531,1667,12,21,152.473114,152.473114
1194,17:30:14.157486,1698,12,21,152.725970,152.725970
1195,17:30:14.238526,1708,12,21,152.943956,152.943956
1196,17:30:14.288248,1713,12,21,153.057289,153.057289
1197,17:30:14.357697,1720,12,21,153.205518,153.205518
1198,17:30:14.459487,1738,14,22,153.461902,153.461902
1199,17:30:14.518493,1743,14,21,153.563454,153.563454
1200,17:30:14.576230,1746,14,20,153.705864,153.705864
1201,17:30:14.637342,1726,14,20,153.858533,153.858533
1202,17:30:14.720607,1710,14,20,153.960241,153.960241
1203,17:30:14.801857,1630,14,20,154.316282,154.316282
1204,17:30:14.882297,1532,14,21,154.448546,154.448546
1205,17:30:14.945478,1428,14,21,154.611270,154.611270
1206,17:30:15.004980,1319,14,21,154.804679,154.804679
1207,17:30:15.074347,1247,14,21,154.977513,154.977513
1208,17:30:15.159878,1221,14,21,155.109731,155.109731
1209,17:30:15.225867,1194,14,21,155.323362,155.323362
1210,17:30:15.287219,1198,14,21,155.475952,155.475952
1211,17:30:15.410874,1217,14,21,155.709889,155.709889
1212,17:30:15.485505,1246,16,20,156.037895,156.037895
1213,17:30:15.537340,1246,16,18,156.154145,156.154145
1214,17:30:15.667390,1195,16,18,156.502930,156.502930
1215,17:30:15.795087,1145,16,18,156.723804,156.723804
1216,17:30:15.855329,1109,16,18,157.084603,157.084603
1217,17:30:15.909194,1098,16,18,157.246957,157.246957
1218,17:30:16.005259,1088,16,18,157.479501,157.479501
1219,17:30:16.106406,1076,16,18,157.665668,157.665668
1220,17:30:16.206522,1072,16,18,158.037495,158.037495
1221,17:30:16.328409,1068,16,18,158.328562,158.328562
1222,17:30:16.397697,1066,16,18,158.607183,158.607183
1223,17:30:16.497321,1062,16,18,158.793210,158.793210
1224,17:30:16.556351,1062,16,18,159.083879,159.083879
1225,17:30:16.621320,1064,16,18,159.258210,159.258210
1226,17:30:16.719602,1062,16,18,159.444216,159.444216
1227,17:30:16.776379,1062,16,18,159.665095,159.665095
1228,17:30:16.872859,1054,18,18,159.958693,159.958693
1229,17:30:16.945011,1050,18,18,160.194041,160.194041
1230,17:30:17.022866,1048,18,18,160.377932,160.377932
1231,17:30:17.092202,1048,18,18,160.651807,160.651807
1232,17:30:17.177691,1054,18,18,160.861839,160.861839
1233,17:30:17.288455,1064,17,18,161.311495,161.311495
1234,17:30:17.363761,1064,17,18,161.484512,161.484512
1235,17:30:17.417350,1062,17,18,161.669703,161.669703
1236,17:30:17.485254,1062,17,18,161.854976,161.854976
1237,17:30:17.566175,1054,17,18,162.126772,162.126772
1238,17:30:17.670244,1048,17,18,162.399932,162.399932
1239,17:30:17.761816,1036,17,18,162.744344,162.744344
1240,17:30:17.821761,1033,17,18,162.855507,162.855507
1241,17:30:17.906373,1035,17,18,163.127261,163.127261
1242,17:30:17.962189,1040,17,18,163.312540,163.312540
1243,17:30:18.042525,1040,17,18,163.585115,163.585115
1244,17:30:18.106390,1041,17,18,163.695509,163.695509
1245,17:30:18.160955,1039,17,18,163.906229,163.906229
1246,17:30:18.204211,1034,17,18,164.053865,164.053865
1247,17:30:18.255592,1029,17,18,164.226635,164.226635
1248,17:30:18.320779,1027,17,18,164.350126,164.350126
1249,17:30:18.383392,1022,17,18,164.535435,164.535435
1250,17:30:18.451154,1020,17,18,164.807834,164.807834
1251,17:30:18.532688,1020,17,18,164.943046,164.943046
1252,17:30:18.600616,1020,17,18,165.276548,165.276548
1253,17:30:18.679255,1015,17,18,165.511263,165.511263
1254,17:30:18.753131,1012,17,18,165.647292,165.647292
1255,17:30:18.839222,1012,17,18,165.980620,165.980620
1256,17:30:18.960804,1003,17,18,166.264901,166.264901
1257,17:30:19.088012,997,17,18,166.462325,166.462325
1258,17:30:19.136418,985,17,18,166.857640,166.857640
1259,17:30:19.215555,990,16,18,167.069752,167.069752
1260,17:30:19.244046,996,16,18,167.197637,167.197637
1261,17:30:19.316087,998,16,18,167.383648,167.383648
1262,17:30:19.404145,1003,16,18,167.546405,167.546405
1263,17:30:19.499446,1000,16,18,167.895191,167.895191
1264,17:30:19.601564,991,16,18,168.116059,168.116059
1265,17:30:19.655401,979,15,18,168.304148,168.304148
1266,17:30:19.736385,972,15,18,168.532924,168.532924
1267,17:30:19.782075,969,15,18,168.696386,168.696386
1268,17:30:19.858088,969,15,18,168.849020,168.849020
1269,17:30:19.976387,974,15,18,169.099712,169.099712
1270,17:30:20.049017,977,15,18,169.339444,169.339444
1271,17:30:20.218587,969,17,18,169.796815,169.796815
1272,17:30:20.286365,948,17,18,170.106360,170.106360
