1555983219.108668, 769, 20:33:38.543497, 0, 20:33:39.052889, 17,20:33:39.118980, 0, 0, n/a, 20:33:39.120591, 0, 0.000000, 0.000000
1555983220.304764, 822, 20:33:40.198602, 0, 20:33:40.254816, 17,20:33:40.306238, 41.997634167, -93.632860167, 2019-04-23T01:33:40.000Z, 20:33:40.307567, 0, 0.000000, 0.000000
1555983220.890524, 841, 20:33:40.787247, 0, 20:33:40.853460, 17,20:33:40.897436, 41.9976335, -93.632860667, 2019-04-23T01:33:41.000Z, 20:33:41.064962, 0, 0.000000, 0.000000
1555983221.681091, 840, 20:33:41.457930, 0, 20:33:41.626109, 17,20:33:41.687227, 0, 0, 2019-04-23T01:33:41.000Z, 20:33:41.688581, 0, 0.000000, 0.000000
1555983222.123479, 825, 20:33:42.005734, 0, 20:33:42.084882, 17,20:33:42.138909, 41.997632833, -93.632861167, 2019-04-23T01:33:42.000Z, 20:33:42.142531, 0, 0.000000, 0.000000
1555983222.455270, 820, 20:33:42.347828, 0, 20:33:42.400607, 17,20:33:42.468809, 41.997632167, -93.632861833, 2019-04-23T01:33:43.000Z, 20:33:43.066362, 0, 0.000000, 0.000000
1555983222.762493, 811, 20:33:43.066990, 0, 20:33:43.067358, 17,20:33:43.067675, 0, 0, 2019-04-23T01:33:43.000Z, 20:33:43.070237, 0, 0.000000, 0.000000
1555983223.073827, 803, 20:33:43.070824, 0, 20:33:43.071114, 17,20:33:43.084644, 0, 0, 2019-04-23T01:33:43.000Z, 20:33:43.088882, 0, 0.000000, 0.000000
1555983223.393306, 802, 20:33:43.308920, 0, 20:33:43.348506, 17,20:33:43.418551, 41.9976315, -93.632862167, 2019-04-23T01:33:44.000Z, 20:33:44.059659, 0, 0.000000, 0.000000
1555983223.708723, 794, 20:33:44.060335, 0, 20:33:44.060711, 17,20:33:44.061006, 0, 0, 2019-04-23T01:33:44.000Z, 20:33:44.064608, 0, 0.000000, 0.000000
1555983224.028234, 789, 20:33:44.065153, 0, 20:33:44.065434, 17,20:33:44.065703, 0, 0, 2019-04-23T01:33:44.000Z, 20:33:44.068579, 0, 0.000000, 0.000000
1555983224.355930, 781, 20:33:44.249664, 0, 20:33:44.307044, 17,20:33:44.370129, 41.997631167, -93.6328625, 2019-04-23T01:33:45.000Z, 20:33:45.059424, 0, 0.000000, 0.000000
1555983224.671565, 769, 20:33:45.060142, 0, 20:33:45.060519, 17,20:33:45.060816, 0, 0, 2019-04-23T01:33:45.000Z, 20:33:45.064503, 0, 0.000000, 0.000000
1555983224.986981, 764, 20:33:45.065046, 0, 20:33:45.065323, 17,20:33:45.065592, 41.997631, -93.632862833, 2019-04-23T01:33:46.000Z, 20:33:46.062902, 0, 0.000000, 0.000000
1555983225.294129, 766, 20:33:46.063487, 0, 20:33:46.063814, 17,20:33:46.064098, 0, 0, 2019-04-23T01:33:46.000Z, 20:33:46.066482, 0, 0.000000, 0.000000
1555983225.605272, 756, 20:33:46.066983, 0, 20:33:46.067263, 17,20:33:46.067528, 41.997630667, -93.632863167, 2019-04-23T01:33:47.000Z, 20:33:47.060129, 0, 0.000000, 0.000000
1555983225.908523, 748, 20:33:47.060778, 0, 20:33:47.061143, 17,20:33:47.061432, 0, 0, 2019-04-23T01:33:47.000Z, 20:33:47.071529, 0, 0.000000, 0.000000
1555983226.215618, 743, 20:33:47.072056, 0, 20:33:47.072349, 17,20:33:47.072618, 0, 0, 2019-04-23T01:33:47.000Z, 20:33:47.076220, 0, 0.000000, 0.000000
1555983226.535113, 738, 20:33:47.076726, 0, 20:33:47.077014, 17,20:33:47.077287, 41.9976305, -93.632863333, 2019-04-23T01:33:48.000Z, 20:33:48.059636, 0, 0.000000, 0.000000
1555983226.846430, 736, 20:33:48.060320, 0, 20:33:48.060688, 17,20:33:48.060978, 0, 0, 2019-04-23T01:33:48.000Z, 20:33:48.065655, 0, 0.000000, 0.000000
1555983227.157746, 734, 20:33:48.066229, 0, 20:33:48.066518, 17,20:33:48.066790, 0, 0, 2019-04-23T01:33:48.000Z, 20:33:48.069336, 0, 0.000000, 0.000000
1555983227.469975, 732, 20:33:48.069803, 0, 20:33:48.070153, 17,20:33:48.070435, 41.997630333, -93.6328635, 2019-04-23T01:33:49.000Z, 20:33:49.062805, 0, 0.000000, 0.000000
1555983227.780839, 736, 20:33:49.063396, 0, 20:33:49.063735, 17,20:33:49.064010, 0, 0, 2019-04-23T01:33:49.000Z, 20:33:49.065471, 0, 0.000000, 0.000000
1555983228.083985, 730, 20:33:49.065962, 0, 20:33:49.066239, 17,20:33:49.066504, 0, 0, 2019-04-23T01:33:50.000Z, 20:33:50.063722, 0, 0.000000, 0.000000
1555983228.391172, 728, 20:33:50.064353, 0, 20:33:50.064695, 17,20:33:50.064990, 0, 0, 2019-04-23T01:33:50.000Z, 20:33:50.069043, 0, 0.000000, 0.000000
1555983228.698458, 730, 20:33:50.069582, 0, 20:33:50.069861, 17,20:33:50.070212, 41.997630333, -93.632863667, 2019-04-23T01:33:51.000Z, 20:33:51.062452, 0, 0.000000, 0.000000
1555983229.001037, 730, 20:33:51.063034, 0, 20:33:51.063346, 17,20:33:51.063618, 0, 0, 2019-04-23T01:33:51.000Z, 20:33:51.064988, 0, 0.000000, 0.000000
1555983229.304391, 731, 20:33:51.065546, 0, 20:33:51.065827, 17,20:33:51.066097, 0, 0, 2019-04-23T01:33:51.000Z, 20:33:51.068685, 0, 0.000000, 0.000000
1555983229.611371, 729, 20:33:51.069179, 0, 20:33:51.069460, 17,20:33:51.069733, 41.997630167, -93.632863667, 2019-04-23T01:33:52.000Z, 20:33:52.064079, 0, 0.000000, 0.000000
1555983229.918589, 733, 20:33:52.064689, 0, 20:33:52.065023, 17,20:33:52.065308, 0, 0, 2019-04-23T01:33:52.000Z, 20:33:52.066692, 0, 0.000000, 0.000000
1555983230.222023, 733, 20:33:52.067261, 0, 20:33:52.067544, 17,20:33:52.067817, 0, 0, 2019-04-23T01:33:52.000Z, 20:33:52.074915, 0, 0.000000, 0.000000
1555983230.529513, 734, 20:33:52.075418, 0, 20:33:52.075697, 17,20:33:52.075967, 41.997630333, -93.6328635, 2019-04-23T01:33:53.000Z, 20:33:53.061800, 0, 0.000000, 0.000000
1555983230.836140, 732, 20:33:53.062407, 0, 20:33:53.062750, 17,20:33:53.063030, 0, 0, 2019-04-23T01:33:53.000Z, 20:33:53.064375, 0, 0.000000, 0.000000
1555983231.139258, 734, 20:33:53.064952, 0, 20:33:53.065270, 17,20:33:53.065539, 0, 0, 2019-04-23T01:33:53.000Z, 20:33:53.068633, 0, 0.000000, 0.000000
1555983231.446479, 733, 20:33:53.069128, 0, 20:33:53.069406, 17,20:33:53.069680, 41.997630333, -93.632863333, 2019-04-23T01:33:54.000Z, 20:33:54.067615, 0, 0.000000, 0.000000
1555983231.749720, 734, 20:33:54.068167, 0, 20:33:54.068445, 17,20:33:54.068711, 0, 0, 2019-04-23T01:33:54.000Z, 20:33:54.073168, 0, 0.000000, 0.000000
1555983232.056818, 727, 20:33:54.073666, 0, 20:33:54.073943, 17,20:33:54.074210, 41.9976305, -93.632863333, 2019-04-23T01:33:55.000Z, 20:33:55.062505, 0, 0.000000, 0.000000
1555983232.360155, 732, 20:33:55.062916, 0, 20:33:55.063071, 17,20:33:55.063198, 0, 0, 2019-04-23T01:33:55.000Z, 20:33:55.064335, 0, 0.000000, 0.000000
1555983232.667152, 730, 20:33:55.064720, 0, 20:33:55.064885, 17,20:33:55.065002, 0, 0, 2019-04-23T01:33:55.000Z, 20:33:55.066596, 0, 0.000000, 0.000000
1555983232.974977, 722, 20:33:55.066971, 0, 20:33:55.067110, 17,20:33:55.067225, 41.9976305, -93.632863167, 2019-04-23T01:33:56.000Z, 20:33:56.063243, 0, 0.000000, 0.000000
1555983233.285679, 721, 20:33:56.063969, 0, 20:33:56.064403, 17,20:33:56.064707, 0, 0, 2019-04-23T01:33:56.000Z, 20:33:56.066961, 0, 0.000000, 0.000000
1555983233.601097, 723, 20:33:56.067532, 0, 20:33:56.067817, 17,20:33:56.068086, 0, 0, 2019-04-23T01:33:56.000Z, 20:33:56.074111, 0, 0.000000, 0.000000
1555983233.908425, 722, 20:33:56.074611, 0, 20:33:56.074892, 17,20:33:56.075207, 41.9976305, -93.632862833, 2019-04-23T01:33:57.000Z, 20:33:57.067390, 0, 0.000000, 0.000000
1555983234.211424, 731, 20:33:57.067927, 0, 20:33:57.068206, 17,20:33:57.068478, 0, 0, 2019-04-23T01:33:57.000Z, 20:33:57.071794, 0, 0.000000, 0.000000
1555983234.514544, 733, 20:33:57.072300, 0, 20:33:57.072656, 17,20:33:57.072936, 41.997630333, -93.632862833, 2019-04-23T01:33:58.000Z, 20:33:58.060712, 0, 0.000000, 0.000000
1555983234.817666, 728, 20:33:58.061281, 0, 20:33:58.061606, 17,20:33:58.061910, 0, 0, 2019-04-23T01:33:58.000Z, 20:33:58.063311, 0, 0.000000, 0.000000
1555983235.120768, 727, 20:33:58.063875, 0, 20:33:58.064204, 16,20:33:58.064507, 0, 0, 2019-04-23T01:33:58.000Z, 20:33:58.065821, 0, 0.000000, 0.000000
1555983235.427998, 724, 20:33:58.066276, 0, 20:33:58.066557, 16,20:33:58.066825, 0, 0, 2019-04-23T01:33:59.000Z, 20:33:59.062079, 0, 0.000000, 0.000000
1555983235.735219, 762, 20:33:59.062667, 0, 20:33:59.062980, 16,20:33:59.063269, 0, 0, 2019-04-23T01:33:59.000Z, 20:33:59.067211, 0, 0.000000, 0.000000
1555983236.038337, 810, 20:33:59.067759, 0, 20:33:59.068039, 16,20:33:59.068310, 41.9976305, -93.6328625, 2019-04-23T01:34:00.000Z, 20:34:00.064440, 0, 0.000000, 0.000000
1555983236.341469, 818, 20:34:00.065037, 0, 20:34:00.065367, 16,20:34:00.065653, 0, 0, 2019-04-23T01:34:00.000Z, 20:34:00.067134, 0, 0.000000, 0.000000
1555983236.657114, 808, 20:34:00.067665, 0, 20:34:00.067970, 16,20:34:00.068255, 0, 0, 2019-04-23T01:34:00.000Z, 20:34:00.070451, 0, 0.000000, 0.000000
1555983236.964079, 806, 20:34:00.074613, 0, 20:34:00.075279, 16,20:34:00.075661, 41.9976305, -93.632862333, 2019-04-23T01:34:01.000Z, 20:34:01.065160, 0, 0.000000, 0.000000
1555983237.271299, 802, 20:34:01.065752, 0, 20:34:01.066090, 16,20:34:01.066372, 0, 0, 2019-04-23T01:34:01.000Z, 20:34:01.067664, 0, 0.000000, 0.000000
1555983237.574417, 802, 20:34:01.068367, 0, 20:34:01.068954, 16,20:34:01.069346, 0, 0, 2019-04-23T01:34:01.000Z, 20:34:01.073605, 0, 0.000000, 0.000000
1555983237.877545, 796, 20:34:01.074088, 0, 20:34:01.074639, 16,20:34:01.075009, 41.997631167, -93.632862, 2019-04-23T01:34:02.000Z, 20:34:02.075693, 0, 0.000000, 0.000000
1555983238.184764, 783, 20:34:02.076343, 0, 20:34:02.076635, 16,20:34:02.076899, 41.997632833, -93.632864667, 2019-04-23T01:34:03.000Z, 20:34:03.063402, 0, 0.000000, 0.000000
1555983238.491948, 776, 20:34:03.063985, 0, 20:34:03.064473, 16,20:34:03.064787, 0, 0, 2019-04-23T01:34:03.000Z, 20:34:03.066913, 0, 0.000000, 0.000000
1555983238.795091, 771, 20:34:03.067786, 0, 20:34:03.068076, 16,20:34:03.068450, 0, 0, 2019-04-23T01:34:03.000Z, 20:34:03.074163, 0, 0.000000, 0.000000
1555983239.106412, 772, 20:34:03.074637, 0, 20:34:03.074909, 16,20:34:03.075172, 41.997636667, -93.632871333, 2019-04-23T01:34:04.000Z, 20:34:04.065374, 0, 0.000000, 0.000000
1555983239.409777, 759, 20:34:04.066137, 0, 20:34:04.066484, 16,20:34:04.066773, 0, 0, 2019-04-23T01:34:04.000Z, 20:34:04.070645, 0, 0.000000, 0.000000
1555983239.716981, 725, 20:34:04.071202, 0, 20:34:04.071480, 17,20:34:04.071744, 41.997648167, -93.632878, 2019-04-23T01:34:05.000Z, 20:34:05.065251, 0, 0.000000, 0.000000
1555983240.028294, 748, 20:34:05.065825, 0, 20:34:05.066125, 16,20:34:05.066769, 0, 0, 2019-04-23T01:34:05.000Z, 20:34:05.071641, 0, 0.000000, 0.000000
1555983240.340515, 790, 20:34:05.072165, 0, 20:34:05.072797, 16,20:34:05.073069, 41.997655333, -93.632896667, 2019-04-23T01:34:06.000Z, 20:34:06.070345, 0, 0.000000, 0.000000
1555983240.654776, 792, 20:34:06.070920, 0, 20:34:06.071197, 17,20:34:06.071470, 0, 0, 2019-04-23T01:34:06.000Z, 20:34:06.074997, 0, 0.000000, 0.000000
1555983240.974524, 775, 20:34:06.075510, 0, 20:34:06.075987, 17,20:34:06.076468, 41.997663, -93.632922, 2019-04-23T01:34:07.000Z, 20:34:07.066017, 0, 0.000000, 0.000000
1555983241.285854, 716, 20:34:07.066796, 0, 20:34:07.067137, 18,20:34:07.067429, 0, 0, 2019-04-23T01:34:07.000Z, 20:34:07.071636, 0, 0.000000, 0.000000
1555983241.601005, 695, 20:34:07.072475, 0, 20:34:07.072767, 17,20:34:07.073034, 41.997674, -93.632951667, 2019-04-23T01:34:08.000Z, 20:34:08.063526, 0, 0.000000, 0.000000
1555983241.912531, 700, 20:34:08.064090, 0, 20:34:08.064404, 17,20:34:08.064901, 0, 0, 2019-04-23T01:34:08.000Z, 20:34:08.067077, 0, 0.000000, 0.000000
1555983242.223635, 698, 20:34:08.067654, 0, 20:34:08.067925, 17,20:34:08.068189, 0, 0, 2019-04-23T01:34:08.000Z, 20:34:08.070468, 0, 0.000000, 0.000000
1555983242.543132, 692, 20:34:08.070933, 0, 20:34:08.071204, 17,20:34:08.071742, 41.997688833, -93.6329865, 2019-04-23T01:34:09.000Z, 20:34:09.062921, 0, 0.000000, 0.000000
1555983242.863201, 676, 20:34:09.063504, 0, 20:34:09.063849, 17,20:34:09.064136, 0, 0, 2019-04-23T01:34:09.000Z, 20:34:09.067377, 0, 0.000000, 0.000000
1555983243.178050, 665, 20:34:09.067936, 0, 20:34:09.068216, 17,20:34:09.068482, 0, 0, 2019-04-23T01:34:09.000Z, 20:34:09.069674, 0, 0.000000, 0.000000
1555983243.497550, 663, 20:34:09.070160, 0, 20:34:09.070437, 17,20:34:09.070713, 41.9977065, -93.633024833, 2019-04-23T01:34:10.000Z, 20:34:10.063575, 0, 0.000000, 0.000000
1555983243.817061, 651, 20:34:10.064157, 0, 20:34:10.064520, 17,20:34:10.064877, 0, 0, 2019-04-23T01:34:10.000Z, 20:34:10.068387, 0, 0.000000, 0.000000
1555983244.128500, 682, 20:34:10.068966, 0, 20:34:10.069250, 17,20:34:10.069515, 0, 0, 2019-04-23T01:34:10.000Z, 20:34:10.071135, 0, 0.000000, 0.000000
1555983244.435595, 673, 20:34:10.071644, 0, 20:34:10.071929, 17,20:34:10.072196, 41.997727167, -93.633065833, 2019-04-23T01:34:11.000Z, 20:34:11.074903, 0, 0.000000, 0.000000
1555983244.746902, 674, 20:34:11.075580, 0, 20:34:11.075945, 17,20:34:11.076231, 0, 0, 2019-04-23T01:34:11.000Z, 20:34:11.079562, 0, 0.000000, 0.000000
1555983245.062324, 698, 20:34:11.080246, 0, 20:34:11.080586, 17,20:34:11.080874, 0, 0, 2019-04-23T01:34:11.000Z, 20:34:11.082405, 0, 0.000000, 0.000000
1555983245.369523, 711, 20:34:11.083065, 0, 20:34:11.083467, 18,20:34:11.083837, 41.997748333, -93.633108167, 2019-04-23T01:34:12.000Z, 20:34:12.075220, 0, 0.000000, 0.000000
1555983245.681801, 748, 20:34:12.075848, 4, 20:34:12.076242, 18,20:34:12.076551, 0, 0, 2019-04-23T01:34:12.000Z, 20:34:12.077925, 0, 0.173488, 0.173488
1555983245.996244, 867, 20:34:12.078507, 6, 20:34:12.078839, 18,20:34:12.079110, 0, 0, 2019-04-23T01:34:12.000Z, 20:34:12.082933, 0, 0.484049, 0.484049
1555983246.311651, 958, 20:34:12.083441, 6, 20:34:12.083724, 18,20:34:12.083995, 41.997769667, -93.633146667, 2019-04-23T01:34:13.000Z, 20:34:13.076271, 0, 0.819899, 0.819899
1555983246.639359, 1021, 20:34:13.076885, 6, 20:34:13.077187, 18,20:34:13.077458, 0, 0, 2019-04-23T01:34:13.000Z, 20:34:13.078809, 0, 1.168847, 1.168847
1555983246.946562, 1074, 20:34:13.079347, 6, 20:34:13.079635, 18,20:34:13.079989, 0, 0, 2019-04-23T01:34:13.000Z, 20:34:13.084174, 0, 1.495961, 1.495961
1555983247.261974, 1094, 20:34:13.084692, 6, 20:34:13.084970, 18,20:34:13.085236, 41.997795167, -93.633183667, 2019-04-23T01:34:14.000Z, 20:34:14.075170, 0, 1.831817, 1.831817
1555983247.578577, 1115, 20:34:14.075799, 8, 20:34:14.076173, 19,20:34:14.076471, 0, 0, 2019-04-23T01:34:14.000Z, 20:34:14.077838, 0, 2.256886, 2.256886
1555983247.893036, 1175, 20:34:14.078435, 8, 20:34:14.078765, 19,20:34:14.079043, 0, 0, 2019-04-23T01:34:14.000Z, 20:34:14.084225, 0, 2.703340, 2.703340
1555983248.208205, 1235, 20:34:14.084738, 8, 20:34:14.085021, 19,20:34:14.085292, 41.997817667, -93.633209833, 2019-04-23T01:34:15.000Z, 20:34:15.073243, 0, 3.150802, 3.150802
1555983248.523751, 1281, 20:34:15.073811, 10, 20:34:15.074130, 18,20:34:15.074415, 0, 0, 2019-04-23T01:34:15.000Z, 20:34:15.076265, 0, 3.686451, 3.686451
1555983248.851314, 1301, 20:34:15.076871, 12, 20:34:15.077181, 18,20:34:15.077450, 0, 0, 2019-04-23T01:34:15.000Z, 20:34:15.080861, 0, 4.358764, 4.358764
1555983249.162616, 1334, 20:34:15.081362, 12, 20:34:15.081638, 18,20:34:15.081912, 41.997834167, -93.633228833, 2019-04-23T01:34:16.000Z, 20:34:16.082464, 0, 5.021722, 5.021722
1555983249.486221, 1381, 20:34:16.083028, 12, 20:34:16.083308, 18,20:34:16.083575, 0, 0, 2019-04-23T01:34:16.000Z, 20:34:16.085676, 0, 5.710881, 5.710881
1555983249.801639, 1413, 20:34:16.086166, 14, 20:34:16.086450, 18,20:34:16.086719, 41.9978415, -93.6332375, 2019-04-23T01:34:17.000Z, 20:34:17.075939, 0, 6.470220, 6.470220
1555983250.129735, 1370, 20:34:17.076590, 14, 20:34:17.076921, 18,20:34:17.077200, 0, 0, 2019-04-23T01:34:17.000Z, 20:34:17.084481, 0, 7.285397, 7.285397
1555983250.448832, 1095, 20:34:17.085024, 14, 20:34:17.085304, 18,20:34:17.085573, 0, 0, 2019-04-23T01:34:17.000Z, 20:34:17.087060, 0, 8.078215, 8.078215
1555983250.772432, 1032, 20:34:17.087451, 14, 20:34:17.087717, 18,20:34:17.087985, 41.997843833, -93.633239167, 2019-04-23T01:34:18.000Z, 20:34:18.076601, 0, 8.882222, 8.882222
1555983251.092501, 1046, 20:34:18.077226, 14, 20:34:18.077539, 18,20:34:18.077822, 0, 0, 2019-04-23T01:34:18.000Z, 20:34:18.081898, 0, 9.677454, 9.677454
1555983251.411454, 1019, 20:34:18.082465, 14, 20:34:18.082755, 18,20:34:18.083023, 0, 0, 2019-04-23T01:34:18.000Z, 20:34:18.086626, 0, 10.469915, 10.469915
1555983251.727097, 1000, 20:34:18.087123, 14, 20:34:18.087407, 17,20:34:18.087677, 41.997845333, -93.6332405, 2019-04-23T01:34:19.000Z, 20:34:19.078802, 0, 11.254151, 11.254151
1555983252.042270, 940, 20:34:19.079372, 14, 20:34:19.079693, 17,20:34:19.080034, 0, 0, 2019-04-23T01:34:19.000Z, 20:34:19.081379, 0, 12.037220, 12.037220
1555983252.349478, 902, 20:34:19.081960, 14, 20:34:19.082252, 17,20:34:19.082521, 0, 0, 2019-04-23T01:34:19.000Z, 20:34:19.086137, 0, 12.800499, 12.800499
1555983252.665035, 893, 20:34:19.086623, 14, 20:34:19.086900, 17,20:34:19.087172, 41.9978495, -93.6332455, 2019-04-23T01:34:20.000Z, 20:34:20.071567, 0, 13.584522, 13.584522
1555983252.984392, 893, 20:34:20.072590, 14, 20:34:20.073001, 17,20:34:20.073298, 0, 0, 2019-04-23T01:34:20.000Z, 20:34:20.074652, 0, 14.377986, 14.377986
1555983253.295705, 876, 20:34:20.075187, 14, 20:34:20.075515, 17,20:34:20.075814, 0, 0, 2019-04-23T01:34:20.000Z, 20:34:20.077138, 0, 15.151465, 15.151465
1555983253.611123, 866, 20:34:20.077619, 14, 20:34:20.077895, 17,20:34:20.078162, 41.9978615, -93.633256, 2019-04-23T01:34:21.000Z, 20:34:21.073287, 0, 15.935142, 15.935142
1555983253.939053, 851, 20:34:21.073881, 14, 20:34:21.074228, 17,20:34:21.074533, 0, 0, 2019-04-23T01:34:21.000Z, 20:34:21.079612, 0, 16.749906, 16.749906
1555983254.250126, 851, 20:34:21.080242, 14, 20:34:21.080543, 17,20:34:21.080811, 0, 0, 2019-04-23T01:34:21.000Z, 20:34:21.083060, 0, 17.522788, 17.522788
1555983254.565555, 855, 20:34:21.083571, 14, 20:34:21.083845, 17,20:34:21.084113, 41.997884167, -93.633268333, 2019-04-23T01:34:22.000Z, 20:34:22.070317, 0, 18.306493, 18.306493
1555983254.885067, 860, 20:34:22.070933, 14, 20:34:22.071272, 17,20:34:22.071559, 0, 0, 2019-04-23T01:34:22.000Z, 20:34:22.072910, 0, 19.100342, 19.100342
1555983255.192257, 854, 20:34:22.073458, 13, 20:34:22.073752, 17,20:34:22.074031, 0, 0, 2019-04-23T01:34:22.000Z, 20:34:22.075669, 0, 19.820911, 19.820911
1555983255.499550, 858, 20:34:22.076224, 11, 20:34:22.076505, 17,20:34:22.076776, 0, 0, 2019-04-23T01:34:22.000Z, 20:34:22.081589, 0, 20.444508, 20.444508
1555983255.806691, 824, 20:34:22.082090, 11, 20:34:22.082371, 17,20:34:22.082639, 41.9979145, -93.6332685, 2019-04-23T01:34:23.000Z, 20:34:23.072822, 0, 21.044096, 21.044096
1555983256.118593, 764, 20:34:23.073392, 10, 20:34:23.073678, 17,20:34:23.073955, 0, 0, 2019-04-23T01:34:23.000Z, 20:34:23.075298, 0, 21.609659, 21.609659
1555983256.426433, 724, 20:34:23.075883, 8, 20:34:23.076204, 17,20:34:23.076503, 0, 0, 2019-04-23T01:34:23.000Z, 20:34:23.078147, 0, 22.070469, 22.070469
1555983256.733502, 704, 20:34:23.078739, 8, 20:34:23.079023, 17,20:34:23.079290, 0, 0, 2019-04-23T01:34:23.000Z, 20:34:23.084126, 0, 22.506431, 22.506431
1555983257.043739, 699, 20:34:23.084639, 6, 20:34:23.084918, 17,20:34:23.085184, 41.9979505, -93.6332505, 2019-04-23T01:34:24.000Z, 20:34:24.070279, 0, 22.860714, 22.860714
1555983257.355312, 714, 20:34:24.070907, 4, 20:34:24.071272, 17,20:34:24.071566, 0, 0, 2019-04-23T01:34:24.000Z, 20:34:24.072919, 0, 23.105934, 23.105934
1555983257.670465, 726, 20:34:24.073464, 4, 20:34:24.073763, 17,20:34:24.074032, 0, 0, 2019-04-23T01:34:24.000Z, 20:34:24.075652, 0, 23.329653, 23.329653
1555983257.986533, 721, 20:34:24.076212, 3, 20:34:24.076494, 17,20:34:24.076768, 0, 0, 2019-04-23T01:34:24.000Z, 20:34:24.081888, 0, 23.510124, 23.510124
1555983258.305990, 722, 20:34:24.082409, 3, 20:34:24.082693, 17,20:34:24.082966, 41.997992667, -93.633224333, 2019-04-23T01:34:25.000Z, 20:34:25.079843, 0, 23.680206, 23.680206
1555983258.620795, 712, 20:34:25.080513, 3, 20:34:25.080822, 18,20:34:25.081106, 0, 0, 2019-04-23T01:34:25.000Z, 20:34:25.084926, 0, 23.847810, 23.847810
1555983258.936215, 720, 20:34:25.085423, 3, 20:34:25.085697, 18,20:34:25.085961, 41.998042, -93.633190667, 2019-04-23T01:34:26.000Z, 20:34:26.074807, 0, 24.015742, 24.015742
1555983259.239454, 726, 20:34:26.075435, 3, 20:34:26.075811, 18,20:34:26.076113, 0, 0, 2019-04-23T01:34:26.000Z, 20:34:26.079278, 0, 24.177189, 24.177189
1555983259.546528, 721, 20:34:26.079848, 3, 20:34:26.080199, 18,20:34:26.080471, 0, 0, 2019-04-23T01:34:26.000Z, 20:34:26.081707, 0, 24.340677, 24.340677
1555983259.857845, 720, 20:34:26.082161, 3, 20:34:26.082433, 18,20:34:26.082699, 41.9980985, -93.633151833, 2019-04-23T01:34:27.000Z, 20:34:27.080149, 0, 24.506425, 24.506425
1555983260.165079, 727, 20:34:27.080762, 3, 20:34:27.081103, 19,20:34:27.081402, 0, 0, 2019-04-23T01:34:27.000Z, 20:34:27.085601, 0, 24.669998, 24.669998
1555983260.484699, 849, 20:34:27.086136, 3, 20:34:27.086419, 20,20:34:27.086687, 0, 0, 2019-04-23T01:34:27.000Z, 20:34:27.087930, 0, 24.840166, 24.840166
1555983260.816835, 1166, 20:34:27.088375, 4, 20:34:27.088646, 21,20:34:27.088916, 41.998165333, -93.633110167, 2019-04-23T01:34:28.000Z, 20:34:28.079235, 0, 25.063128, 25.063128
1555983261.124533, 1400, 20:34:28.079780, 6, 20:34:28.080140, 20,20:34:28.080416, 0, 0, 2019-04-23T01:34:28.000Z, 20:34:28.083566, 0, 25.367027, 25.367027
1555983261.431498, 1421, 20:34:28.084052, 6, 20:34:28.084333, 18,20:34:28.084607, 41.9982375, -93.6330665, 2019-04-23T01:34:29.000Z, 20:34:29.072313, 0, 25.693888, 25.693888
1555983261.750889, 1282, 20:34:29.072935, 8, 20:34:29.073257, 18,20:34:29.073538, 0, 0, 2019-04-23T01:34:29.000Z, 20:34:29.074884, 0, 26.122700, 26.122700
1555983262.057726, 1247, 20:34:29.075478, 8, 20:34:29.075764, 20,20:34:29.076031, 0, 0, 2019-04-23T01:34:29.000Z, 20:34:29.078930, 0, 26.558333, 26.558333
1555983262.364979, 1354, 20:34:29.079394, 8, 20:34:29.079681, 20,20:34:29.080024, 41.998316333, -93.633025333, 2019-04-23T01:34:30.000Z, 20:34:30.074651, 0, 26.994556, 26.994556
1555983262.672232, 1460, 20:34:30.075290, 11, 20:34:30.075653, 20,20:34:30.075962, 0, 0, 2019-04-23T01:34:30.000Z, 20:34:30.079821, 0, 27.558802, 27.558802
1555983262.983266, 1533, 20:34:30.080420, 13, 20:34:30.080703, 20,20:34:30.080972, 0, 0, 2019-04-23T01:34:30.000Z, 20:34:30.083671, 0, 28.252389, 28.252389
1555983263.299247, 1578, 20:34:30.084157, 13, 20:34:30.084441, 20,20:34:30.084708, 41.998401333, -93.6329845, 2019-04-23T01:34:31.000Z, 20:34:31.071691, 0, 28.981388, 28.981388
1555983263.622285, 1447, 20:34:31.072294, 13, 20:34:31.072621, 21,20:34:31.072902, 0, 0, 2019-04-23T01:34:31.000Z, 20:34:31.074667, 0, 29.726668, 29.726668
1555983263.941776, 1358, 20:34:31.075258, 15, 20:34:31.075548, 23,20:34:31.075817, 0, 0, 2019-04-23T01:34:31.000Z, 20:34:31.078332, 0, 30.552513, 30.552513
1555983264.253277, 1610, 20:34:31.078862, 15, 20:34:31.079142, 24,20:34:31.079413, 41.998491667, -93.632945167, 2019-04-23T01:34:32.000Z, 20:34:32.073112, 0, 31.381741, 31.381741
1555983264.564410, 1744, 20:34:32.073720, 17, 20:34:32.074054, 24,20:34:32.074356, 0, 0, 2019-04-23T01:34:32.000Z, 20:34:32.077428, 0, 32.296414, 32.296414
1555983264.875726, 1784, 20:34:32.077992, 17, 20:34:32.078288, 24,20:34:32.078557, 0, 0, 2019-04-23T01:34:32.000Z, 20:34:32.083378, 0, 33.235646, 33.235646
1555983265.183281, 1808, 20:34:32.083883, 17, 20:34:32.084166, 24,20:34:32.084440, 41.9985895, -93.6329095, 2019-04-23T01:34:33.000Z, 20:34:33.072302, 0, 34.163532, 34.163532
1555983265.494475, 1798, 20:34:33.072901, 19, 20:34:33.073230, 23,20:34:33.073539, 0, 0, 2019-04-23T01:34:33.000Z, 20:34:33.077294, 0, 35.188839, 35.188839
1555983265.805578, 1786, 20:34:33.077836, 21, 20:34:33.078110, 23,20:34:33.078376, 0, 0, 2019-04-23T01:34:33.000Z, 20:34:33.080292, 0, 36.324270, 36.324270
1555983266.117106, 1790, 20:34:33.080798, 21, 20:34:33.081080, 23,20:34:33.081354, 41.998693667, -93.632879833, 2019-04-23T01:34:34.000Z, 20:34:34.081116, 0, 37.485288, 37.485288
1555983266.437420, 1796, 20:34:34.081661, 23, 20:34:34.081945, 23,20:34:34.082213, 0, 0, 2019-04-23T01:34:34.000Z, 20:34:34.085303, 0, 38.768027, 38.768027
1555983266.756236, 1828, 20:34:34.085799, 25, 20:34:34.086076, 24,20:34:34.086345, 41.998802667, -93.632857, 2019-04-23T01:34:35.000Z, 20:34:35.072716, 0, 40.157928, 40.157928
1555983267.067431, 1877, 20:34:35.073313, 25, 20:34:35.073659, 24,20:34:35.073943, 0, 0, 2019-04-23T01:34:35.000Z, 20:34:35.075334, 0, 41.538615, 41.538615
1555983267.378499, 1900, 20:34:35.075924, 27, 20:34:35.076212, 23,20:34:35.076484, 0, 0, 2019-04-23T01:34:35.000Z, 20:34:35.079688, 0, 43.005147, 43.005147
1555983267.693915, 1906, 20:34:35.080242, 27, 20:34:35.080540, 23,20:34:35.080809, 41.9989155, -93.632842833, 2019-04-23T01:34:36.000Z, 20:34:36.070702, 0, 44.516515, 44.516515
1555983268.001134, 1905, 20:34:36.071288, 27, 20:34:36.071584, 23,20:34:36.071860, 0, 0, 2019-04-23T01:34:36.000Z, 20:34:36.074299, 0, 45.988606, 45.988606
1555983268.320636, 1834, 20:34:36.074914, 29, 20:34:36.075233, 23,20:34:36.075504, 0, 0, 2019-04-23T01:34:36.000Z, 20:34:36.079616, 0, 47.608304, 47.608304
1555983268.644232, 1697, 20:34:36.080222, 31, 20:34:36.080529, 23,20:34:36.080801, 0, 0, 2019-04-23T01:34:36.000Z, 20:34:36.083382, 0, 49.363613, 49.363613
1555983268.951688, 1721, 20:34:36.084153, 31, 20:34:36.084455, 24,20:34:36.084722, 41.999032333, -93.632837667, 2019-04-23T01:34:37.000Z, 20:34:37.071456, 0, 51.055095, 51.055095
1555983269.275065, 1751, 20:34:37.072022, 31, 20:34:37.072312, 24,20:34:37.072599, 0, 0, 2019-04-23T01:34:37.000Z, 20:34:37.073902, 0, 52.834167, 52.834167
1555983269.582276, 1765, 20:34:37.074510, 33, 20:34:37.074833, 23,20:34:37.075110, 0, 0, 2019-04-23T01:34:37.000Z, 20:34:37.077721, 0, 54.609639, 54.609639
1555983269.889503, 1756, 20:34:37.078215, 33, 20:34:37.078491, 23,20:34:37.078761, 41.999153333, -93.632839333, 2019-04-23T01:34:38.000Z, 20:34:38.074544, 0, 56.408908, 56.408908
1555983270.196697, 1749, 20:34:38.075255, 33, 20:34:38.075610, 23,20:34:38.075911, 0, 0, 2019-04-23T01:34:38.000Z, 20:34:38.081018, 0, 58.207984, 58.207984
1555983270.512118, 1754, 20:34:38.081589, 35, 20:34:38.081872, 23,20:34:38.082139, 0, 0, 2019-04-23T01:34:38.000Z, 20:34:38.089146, 0, 60.142859, 60.142859
1555983270.828405, 1780, 20:34:38.089626, 35, 20:34:38.089946, 23,20:34:38.090247, 41.999276167, -93.632847333, 2019-04-23T01:34:39.000Z, 20:34:39.075118, 0, 62.107449, 62.107449
1555983271.134734, 1789, 20:34:39.075776, 35, 20:34:39.076134, 23,20:34:39.076428, 0, 0, 2019-04-23T01:34:39.000Z, 20:34:39.079823, 0, 64.010187, 64.010187
1555983271.441953, 1794, 20:34:39.080450, 35, 20:34:39.080739, 23,20:34:39.081009, 0, 0, 2019-04-23T01:34:39.000Z, 20:34:39.084195, 0, 65.918453, 65.918453
1555983271.753266, 1801, 20:34:39.084670, 35, 20:34:39.084951, 23,20:34:39.085218, 41.999399, -93.632866, 2019-04-23T01:34:40.000Z, 20:34:40.072833, 0, 67.852150, 67.852150
1555983272.072905, 1808, 20:34:40.073417, 37, 20:34:40.073758, 23,20:34:40.074048, 0, 0, 2019-04-23T01:34:40.000Z, 20:34:40.077442, 0, 69.926350, 69.926350
1555983272.388176, 1813, 20:34:40.078018, 39, 20:34:40.078303, 23,20:34:40.078569, 0, 0, 2019-04-23T01:34:40.000Z, 20:34:40.080312, 0, 72.084107, 72.084107
1555983272.703617, 1816, 20:34:40.080802, 39, 20:34:40.081089, 23,20:34:40.081357, 41.999521333, -93.632894, 2019-04-23T01:34:41.000Z, 20:34:41.074646, 0, 74.267369, 74.267369
1555983273.027206, 1760, 20:34:41.075255, 39, 20:34:41.075647, 23,20:34:41.075982, 0, 0, 2019-04-23T01:34:41.000Z, 20:34:41.079142, 0, 76.507023, 76.507023
1555983273.338498, 1788, 20:34:41.079710, 41, 20:34:41.080065, 23,20:34:41.080335, 0, 0, 2019-04-23T01:34:41.000Z, 20:34:41.083210, 0, 78.748038, 78.748038
1555983273.711260, 1785, 20:34:41.083727, 41, 20:34:41.084009, 23,20:34:41.084276, 41.9996425, -93.63293, 2019-04-23T01:34:42.000Z, 20:34:42.072391, 0, 81.460342, 81.460342
1555983274.022583, 1796, 20:34:42.072947, 41, 20:34:42.073251, 23,20:34:42.073539, 0, 0, 2019-04-23T01:34:42.000Z, 20:34:42.075313, 0, 83.725600, 83.725600
1555983274.354367, 1808, 20:34:42.075821, 41, 20:34:42.076101, 23,20:34:42.076371, 41.9997585, -93.632975167, 2019-04-23T01:34:43.000Z, 20:34:43.072529, 0, 86.139739, 86.139739
1555983274.673869, 1822, 20:34:43.073143, 41, 20:34:43.073473, 24,20:34:43.073762, 0, 0, 2019-04-23T01:34:43.000Z, 20:34:43.078450, 0, 88.464509, 88.464509
1555983274.985188, 1830, 20:34:43.078994, 41, 20:34:43.079277, 24,20:34:43.079543, 0, 0, 2019-04-23T01:34:43.000Z, 20:34:43.080824, 0, 90.729740, 90.729740
1555983275.292610, 1845, 20:34:43.081270, 43, 20:34:43.081546, 23,20:34:43.081814, 41.999869, -93.633027833, 2019-04-23T01:34:44.000Z, 20:34:44.071202, 0, 93.052009, 93.052009
1555983275.607808, 1864, 20:34:44.071754, 43, 20:34:44.072068, 24,20:34:44.072375, 0, 0, 2019-04-23T01:34:44.000Z, 20:34:44.074195, 0, 95.457341, 95.457341
1555983275.910930, 1886, 20:34:44.074768, 45, 20:34:44.075091, 23,20:34:44.075369, 0, 0, 2019-04-23T01:34:44.000Z, 20:34:44.078728, 0, 97.854716, 97.854716
1555983276.226335, 1902, 20:34:44.079276, 45, 20:34:44.079554, 24,20:34:44.079819, 0, 0, 2019-04-23T01:34:44.000Z, 20:34:44.082603, 0, 100.373577, 100.373577
1555983276.545851, 1916, 20:34:44.083107, 45, 20:34:44.083389, 23,20:34:44.083657, 41.999973167, -93.6330855, 2019-04-23T01:34:45.000Z, 20:34:45.072226, 0, 102.925267, 102.925267
1555983276.853067, 1902, 20:34:45.072916, 45, 20:34:45.073270, 24,20:34:45.073571, 0, 0, 2019-04-23T01:34:45.000Z, 20:34:45.078091, 0, 105.378727, 105.378727
1555983277.160405, 1919, 20:34:45.078723, 47, 20:34:45.079008, 23,20:34:45.079305, 42.000070167, -93.633146667, 2019-04-23T01:34:46.000Z, 20:34:46.071511, 0, 107.918534, 107.918534
1555983277.467659, 1890, 20:34:46.072300, 47, 20:34:46.072826, 20,20:34:46.073138, 0, 0, 2019-04-23T01:34:46.000Z, 20:34:46.074663, 0, 110.481356, 110.481356
1555983277.774712, 1783, 20:34:46.075316, 47, 20:34:46.075669, 20,20:34:46.075983, 0, 0, 2019-04-23T01:34:46.000Z, 20:34:46.079730, 0, 113.042501, 113.042501
1555983278.081930, 1769, 20:34:46.080341, 47, 20:34:46.080679, 20,20:34:46.080972, 42.000163333, -93.633210667, 2019-04-23T01:34:47.000Z, 20:34:47.071713, 0, 115.605020, 115.605020
1555983278.389141, 1769, 20:34:47.072562, 47, 20:34:47.072930, 20,20:34:47.073254, 0, 0, 2019-04-23T01:34:47.000Z, 20:34:47.075297, 0, 118.167483, 118.167483
1555983278.696352, 1631, 20:34:47.075871, 47, 20:34:47.076240, 20,20:34:47.076513, 0, 0, 2019-04-23T01:34:47.000Z, 20:34:47.080174, 0, 120.729945, 120.729945
1555983278.999479, 1422, 20:34:47.080705, 47, 20:34:47.081048, 20,20:34:47.081388, 42.000249667, -93.633273333, 2019-04-23T01:34:48.000Z, 20:34:48.074156, 0, 123.258342, 123.258342
1555983279.306689, 1420, 20:34:48.074785, 47, 20:34:48.075262, 20,20:34:48.075751, 0, 0, 2019-04-23T01:34:48.000Z, 20:34:48.080136, 0, 125.820796, 125.820796
1555983279.613908, 1443, 20:34:48.080669, 47, 20:34:48.080984, 20,20:34:48.081305, 0, 0, 2019-04-23T01:34:48.000Z, 20:34:48.083835, 0, 128.383325, 128.383325
1555983279.921122, 1444, 20:34:48.084402, 49, 20:34:48.084682, 20,20:34:48.084971, 42.000327833, -93.6333305, 2019-04-23T01:34:49.000Z, 20:34:49.071605, 0, 131.031150, 131.031150
1555983280.224478, 1435, 20:34:49.072241, 49, 20:34:49.072594, 19,20:34:49.072890, 0, 0, 2019-04-23T01:34:49.000Z, 20:34:49.074738, 0, 133.669129, 133.669129
1555983280.535559, 1398, 20:34:49.075347, 49, 20:34:49.075658, 17,20:34:49.075942, 42.000398333, -93.633381667, 2019-04-23T01:34:50.000Z, 20:34:50.073389, 0, 136.374285, 136.374285
1555983280.838651, 1293, 20:34:50.074160, 49, 20:34:50.074520, 17,20:34:50.074837, 0, 0, 2019-04-23T01:34:50.000Z, 20:34:50.078241, 0, 139.009969, 139.009969
1555983281.141809, 1251, 20:34:50.078805, 48, 20:34:50.079122, 17,20:34:50.079421, 0, 0, 2019-04-23T01:34:50.000Z, 20:34:50.082788, 0, 141.604123, 141.604123
1555983281.449092, 1238, 20:34:50.083357, 50, 20:34:50.083638, 18,20:34:50.083924, 42.000460667, -93.633426833, 2019-04-23T01:34:51.000Z, 20:34:51.075039, 0, 144.307074, 144.307074
1555983281.752139, 1221, 20:34:51.076234, 50, 20:34:51.076622, 18,20:34:51.076905, 0, 0, 2019-04-23T01:34:51.000Z, 20:34:51.080482, 0, 146.996150, 146.996150
1555983282.059487, 1197, 20:34:51.081133, 49, 20:34:51.081457, 17,20:34:51.081729, 0, 0, 2019-04-23T01:34:51.000Z, 20:34:51.085012, 0, 149.680702, 149.680702
1555983282.362483, 1188, 20:34:51.085526, 48, 20:34:51.085817, 17,20:34:51.086129, 42.000515, -93.633465333, 2019-04-23T01:34:52.000Z, 20:34:52.073341, 0, 152.273469, 152.273469
1555983282.666376, 1183, 20:34:52.074131, 48, 20:34:52.074498, 17,20:34:52.074793, 0, 0, 2019-04-23T01:34:52.000Z, 20:34:52.078286, 0, 154.862187, 154.862187
1555983282.972961, 1169, 20:34:52.078828, 48, 20:34:52.079210, 17,20:34:52.079487, 0, 0, 2019-04-23T01:34:52.000Z, 20:34:52.081344, 0, 157.473836, 157.473836
1555983283.275927, 1163, 20:34:52.081883, 48, 20:34:52.082197, 18,20:34:52.082468, 42.000558333, -93.633496833, 2019-04-23T01:34:53.000Z, 20:34:53.073052, 0, 160.054658, 160.054658
1555983283.583144, 1153, 20:34:53.073742, 48, 20:34:53.074092, 17,20:34:53.074417, 0, 0, 2019-04-23T01:34:53.000Z, 20:34:53.076010, 0, 162.671691, 162.671691
1555983283.886267, 1141, 20:34:53.076628, 48, 20:34:53.076915, 17,20:34:53.077221, 42.000587167, -93.633518333, 2019-04-23T01:34:54.000Z, 20:34:54.076579, 0, 165.253850, 165.253850
1555983284.193484, 1126, 20:34:54.077230, 47, 20:34:54.077546, 17,20:34:54.077856, 0, 0, 2019-04-23T01:34:54.000Z, 20:34:54.080821, 0, 167.828216, 167.828216
1555983284.497527, 1110, 20:34:54.082592, 47, 20:34:54.083041, 17,20:34:54.083346, 42.0006005, -93.633528333, 2019-04-23T01:34:55.000Z, 20:34:55.077300, 0, 170.364252, 170.364252
1555983284.799724, 1090, 20:34:55.077939, 46, 20:34:55.078333, 17,20:34:55.078652, 0, 0, 2019-04-23T01:34:55.000Z, 20:34:55.080539, 0, 172.842922, 172.842922
1555983285.102840, 1070, 20:34:55.081111, 45, 20:34:55.081425, 17,20:34:55.081696, 42.000603667, -93.633530333, 2019-04-23T01:34:56.000Z, 20:34:56.074055, 0, 175.275333, 175.275333
1555983285.410057, 1062, 20:34:56.074750, 45, 20:34:56.075175, 17,20:34:56.075598, 0, 0, 2019-04-23T01:34:56.000Z, 20:34:56.079450, 0, 177.728803, 177.728803
1555983285.717277, 1045, 20:34:56.080074, 44, 20:34:56.080448, 17,20:34:56.080743, 0, 0, 2019-04-23T01:34:56.000Z, 20:34:56.083127, 0, 180.139627, 180.139627
1555983286.024497, 1050, 20:34:56.083614, 44, 20:34:56.083936, 17,20:34:56.084268, 42.000605333, -93.633530167, 2019-04-23T01:34:57.000Z, 20:34:57.071192, 0, 182.538597, 182.538597
1555983286.327611, 1048, 20:34:57.071827, 43, 20:34:57.072473, 17,20:34:57.072790, 0, 0, 2019-04-23T01:34:57.000Z, 20:34:57.074346, 0, 184.863407, 184.863407
1555983286.638930, 1040, 20:34:57.075024, 42, 20:34:57.075332, 17,20:34:57.075605, 0, 0, 2019-04-23T01:34:57.000Z, 20:34:57.078571, 0, 187.195898, 187.195898
1555983286.946384, 1039, 20:34:57.079074, 42, 20:34:57.079402, 17,20:34:57.079704, 42.000609167, -93.633533, 2019-04-23T01:34:58.000Z, 20:34:58.073562, 0, 189.487568, 189.487568
1555983287.253359, 1014, 20:34:58.074428, 41, 20:34:58.074810, 17,20:34:58.075132, 0, 0, 2019-04-23T01:34:58.000Z, 20:34:58.078560, 0, 191.733034, 191.733034
1555983287.564673, 994, 20:34:58.079180, 41, 20:34:58.079460, 17,20:34:58.079733, 0, 0, 2019-04-23T01:34:58.000Z, 20:34:58.082298, 0, 193.998227, 193.998227
1555983287.871888, 985, 20:34:58.082879, 41, 20:34:58.083190, 17,20:34:58.083460, 42.0006225, -93.633542333, 2019-04-23T01:34:59.000Z, 20:34:59.077860, 0, 196.233595, 196.233595
1555983288.179124, 970, 20:34:59.078559, 39, 20:34:59.078900, 17,20:34:59.079239, 0, 0, 2019-04-23T01:34:59.000Z, 20:34:59.083280, 0, 198.383774, 198.383774
1555983288.490420, 940, 20:34:59.083838, 37, 20:34:59.084145, 17,20:34:59.084416, 42.000646833, -93.6335605, 2019-04-23T01:35:00.000Z, 20:35:00.070934, 0, 200.451875, 200.451875
1555983288.801727, 918, 20:35:00.071691, 37, 20:35:00.072050, 17,20:35:00.072344, 0, 0, 2019-04-23T01:35:00.000Z, 20:35:00.074748, 0, 202.496028, 202.496028
1555983289.121236, 892, 20:35:00.075367, 36, 20:35:00.075671, 17,20:35:00.075959, 42.0006775, -93.6335865, 2019-04-23T01:35:01.000Z, 20:35:01.077904, 0, 204.549662, 204.549662
1555983289.428452, 870, 20:35:01.078579, 35, 20:35:01.078871, 17,20:35:01.079172, 0, 0, 2019-04-23T01:35:01.000Z, 20:35:01.081707, 0, 206.469762, 206.469762
1555983289.731573, 853, 20:35:01.082295, 35, 20:35:01.082594, 17,20:35:01.082864, 42.000706, -93.6336235, 2019-04-23T01:35:02.000Z, 20:35:02.074456, 0, 208.352574, 208.352574
1555983290.042889, 829, 20:35:02.075134, 33, 20:35:02.075596, 17,20:35:02.075910, 0, 0, 2019-04-23T01:35:02.000Z, 20:35:02.079214, 0, 210.199812, 210.199812
1555983290.350232, 825, 20:35:02.079826, 31, 20:35:02.080235, 17,20:35:02.080530, 0, 0, 2019-04-23T01:35:02.000Z, 20:35:02.083227, 0, 211.914386, 211.914386
1555983290.657317, 821, 20:35:02.083728, 31, 20:35:02.084039, 17,20:35:02.084340, 42.0007285, -93.633674667, 2019-04-23T01:35:03.000Z, 20:35:03.076925, 0, 213.603828, 213.603828
1555983290.964790, 811, 20:35:03.077558, 30, 20:35:03.077896, 17,20:35:03.078228, 0, 0, 2019-04-23T01:35:03.000Z, 20:35:03.079665, 0, 215.252700, 215.252700
1555983291.275847, 815, 20:35:03.080263, 29, 20:35:03.080554, 17,20:35:03.080856, 42.000741333, -93.633739833, 2019-04-23T01:35:04.000Z, 20:35:04.072806, 0, 216.865587, 216.865587
1555983291.583055, 848, 20:35:04.073546, 29, 20:35:04.074072, 17,20:35:04.074410, 0, 0, 2019-04-23T01:35:04.000Z, 20:35:04.078147, 0, 218.446666, 218.446666
1555983291.890281, 918, 20:35:04.078708, 27, 20:35:04.079083, 17,20:35:04.079379, 0, 0, 2019-04-23T01:35:04.000Z, 20:35:04.083257, 0, 219.942496, 219.942496
1555983292.197497, 864, 20:35:04.083799, 24, 20:35:04.084146, 17,20:35:04.084417, 42.000737, -93.633812667, 2019-04-23T01:35:05.000Z, 20:35:05.076559, 0, 221.286566, 221.286566
1555983292.509278, 829, 20:35:05.077228, 24, 20:35:05.077589, 17,20:35:05.077920, 0, 0, 2019-04-23T01:35:05.000Z, 20:35:05.079859, 0, 222.614522, 222.614522
1555983292.820134, 794, 20:35:05.080454, 22, 20:35:05.080744, 17,20:35:05.081087, 42.000711833, -93.6338865, 2019-04-23T01:35:06.000Z, 20:35:06.074435, 0, 223.852189, 223.852189
1555983293.135822, 780, 20:35:06.075078, 20, 20:35:06.075468, 17,20:35:06.075779, 0, 0, 2019-04-23T01:35:06.000Z, 20:35:06.079185, 0, 224.997046, 224.997046
1555983293.447254, 763, 20:35:06.079786, 20, 20:35:06.080193, 17,20:35:06.080493, 0, 0, 2019-04-23T01:35:06.000Z, 20:35:06.082924, 0, 226.102437, 226.102437
1555983293.754060, 871, 20:35:06.083430, 18, 20:35:06.083732, 17,20:35:06.084068, 42.000674, -93.633966833, 2019-04-23T01:35:07.000Z, 20:35:07.070595, 0, 227.106185, 227.106185
1555983294.065616, 993, 20:35:07.071316, 15, 20:35:07.071641, 17,20:35:07.071931, 0, 0, 2019-04-23T01:35:07.000Z, 20:35:07.076585, 0, 227.971618, 227.971618
1555983294.376935, 920, 20:35:07.077152, 15, 20:35:07.077435, 17,20:35:07.077703, 42.0006245, -93.634055667, 2019-04-23T01:35:08.000Z, 20:35:08.074004, 0, 228.800361, 228.800361
1555983294.684029, 789, 20:35:08.074685, 12, 20:35:08.075114, 18,20:35:08.075451, 0, 0, 2019-04-23T01:35:08.000Z, 20:35:08.079829, 0, 229.489901, 229.489901
1555983295.003412, 677, 20:35:08.080514, 9, 20:35:08.080798, 17,20:35:08.081099, 0, 0, 2019-04-23T01:35:08.000Z, 20:35:08.085322, 0, 230.036992, 230.036992
1555983295.310633, 686, 20:35:08.085925, 9, 20:35:08.086256, 17,20:35:08.086561, 42.0005655, -93.634151, 2019-04-23T01:35:09.000Z, 20:35:09.071234, 0, 230.527692, 230.527692
1555983295.613987, 722, 20:35:09.072146, 6, 20:35:09.072560, 17,20:35:09.072895, 0, 0, 2019-04-23T01:35:09.000Z, 20:35:09.077319, 0, 230.885819, 230.885819
1555983295.917116, 754, 20:35:09.077875, 6, 20:35:09.078181, 17,20:35:09.078487, 0, 0, 2019-04-23T01:35:09.000Z, 20:35:09.079856, 0, 231.208595, 231.208595
1555983296.228186, 743, 20:35:09.080396, 3, 20:35:09.080698, 17,20:35:09.081041, 42.000496667, -93.634253167, 2019-04-23T01:35:10.000Z, 20:35:10.075577, 0, 231.410214, 231.410214
1555983296.531288, 742, 20:35:10.076223, 3, 20:35:10.076592, 18,20:35:10.076908, 0, 0, 2019-04-23T01:35:10.000Z, 20:35:10.079390, 0, 231.571588, 231.571588
1555983296.842603, 744, 20:35:10.080038, 3, 20:35:10.080370, 18,20:35:10.080655, 42.000418833, -93.6343615, 2019-04-23T01:35:11.000Z, 20:35:11.067040, 0, 231.737334, 231.737334
1555983297.153931, 740, 20:35:11.067743, 3, 20:35:11.068113, 17,20:35:11.068444, 0, 0, 2019-04-23T01:35:11.000Z, 20:35:11.070225, 0, 231.903088, 231.903088
1555983297.461144, 747, 20:35:11.070803, 3, 20:35:11.071125, 18,20:35:11.071396, 42.000331, -93.634471167, 2019-04-23T01:35:12.000Z, 20:35:12.074255, 0, 232.066650, 232.066650
1555983297.776545, 769, 20:35:12.074900, 3, 20:35:12.075295, 20,20:35:12.075606, 0, 0, 2019-04-23T01:35:12.000Z, 20:35:12.077988, 0, 232.234572, 232.234572
1555983298.083774, 1084, 20:35:12.078536, 3, 20:35:12.078854, 22,20:35:12.079168, 0, 0, 2019-04-23T01:35:12.000Z, 20:35:12.080579, 0, 232.398143, 232.398143
1555983298.403266, 1460, 20:35:12.081086, 3, 20:35:12.081391, 22,20:35:12.081680, 42.000233167, -93.634579167, 2019-04-23T01:35:13.000Z, 20:35:13.074793, 0, 232.568243, 232.568243
1555983298.710735, 1544, 20:35:13.075429, 3, 20:35:13.075855, 22,20:35:13.076159, 0, 0, 2019-04-23T01:35:13.000Z, 20:35:13.082237, 0, 232.731942, 232.731942
1555983299.018071, 1526, 20:35:13.082778, 3, 20:35:13.083059, 22,20:35:13.083330, 0, 0, 2019-04-23T01:35:13.000Z, 20:35:13.084533, 0, 232.895570, 232.895570
1555983299.333229, 1536, 20:35:13.084972, 6, 20:35:13.085248, 22,20:35:13.085515, 42.000125833, -93.634687167, 2019-04-23T01:35:14.000Z, 20:35:14.081673, 0, 233.194678, 233.194678
1555983299.641118, 1554, 20:35:14.082216, 6, 20:35:14.082494, 21,20:35:14.082758, 42.0000105, -93.634794667, 2019-04-23T01:35:15.000Z, 20:35:15.075521, 0, 233.522523, 233.522523
1555983299.947802, 1570, 20:35:15.076490, 8, 20:35:15.077024, 21,20:35:15.077315, 0, 0, 2019-04-23T01:35:15.000Z, 20:35:15.079313, 0, 233.934275, 233.934275
1555983300.255295, 1574, 20:35:15.079807, 10, 20:35:15.080144, 21,20:35:15.080409, 41.999888, -93.634900167, 2019-04-23T01:35:16.000Z, 20:35:16.077862, 0, 234.456253, 234.456253
1555983300.566069, 1585, 20:35:16.078425, 10, 20:35:16.079100, 21,20:35:16.079379, 0, 0, 2019-04-23T01:35:16.000Z, 20:35:16.081808, 0, 235.007781, 235.007781
1555983300.873291, 1592, 20:35:16.082311, 13, 20:35:16.082708, 21,20:35:16.082977, 41.999762167, -93.635009333, 2019-04-23T01:35:17.000Z, 20:35:17.076290, 0, 235.681015, 235.681015
1555983301.184732, 1513, 20:35:17.076842, 15, 20:35:17.077141, 22,20:35:17.077414, 0, 0, 2019-04-23T01:35:17.000Z, 20:35:17.079587, 0, 236.486051, 236.486051
1555983301.495908, 1440, 20:35:17.080328, 15, 20:35:17.080623, 22,20:35:17.080891, 0, 0, 2019-04-23T01:35:17.000Z, 20:35:17.085178, 0, 237.314413, 237.314413
1555983301.807221, 1505, 20:35:17.085793, 15, 20:35:17.086083, 23,20:35:17.086348, 41.999632833, -93.6351185, 2019-04-23T01:35:18.000Z, 20:35:18.075125, 0, 238.143140, 238.143140
1555983302.118709, 1597, 20:35:18.075867, 17, 20:35:18.076169, 22,20:35:18.076440, 0, 0, 2019-04-23T01:35:18.000Z, 20:35:18.078398, 0, 239.058857, 239.058857
1555983302.429863, 1564, 20:35:18.079237, 17, 20:35:18.079520, 22,20:35:18.079787, 41.999501667, -93.635229833, 2019-04-23T01:35:19.000Z, 20:35:19.077655, 0, 239.997601, 239.997601
1555983302.737076, 1549, 20:35:19.078491, 16, 20:35:19.078967, 22,20:35:19.079244, 0, 0, 2019-04-23T01:35:19.000Z, 20:35:19.081196, 0, 240.881787, 240.881787
1555983303.044305, 1536, 20:35:19.081695, 16, 20:35:19.081969, 22,20:35:19.082232, 41.999368667, -93.635343, 2019-04-23T01:35:20.000Z, 20:35:20.077791, 0, 241.754165, 241.754165
1555983303.347414, 1548, 20:35:20.078623, 16, 20:35:20.079094, 22,20:35:20.079393, 0, 0, 2019-04-23T01:35:20.000Z, 20:35:20.081811, 0, 242.614845, 242.614845
1555983303.654617, 1558, 20:35:20.082277, 19, 20:35:20.082549, 22,20:35:20.082812, 41.999234333, -93.635458333, 2019-04-23T01:35:21.000Z, 20:35:21.078871, 0, 243.615151, 243.615151
1555983303.965940, 1574, 20:35:21.079448, 19, 20:35:21.079768, 22,20:35:21.080114, 0, 0, 2019-04-23T01:35:21.000Z, 20:35:21.083337, 0, 244.664905, 244.664905
1555983304.277255, 1591, 20:35:21.083860, 19, 20:35:21.084528, 22,20:35:21.084907, 41.999097167, -93.635574333, 2019-04-23T01:35:22.000Z, 20:35:22.074777, 0, 245.714633, 245.714633
1555983304.584465, 1610, 20:35:22.075558, 19, 20:35:22.075921, 22,20:35:22.076321, 0, 0, 2019-04-23T01:35:22.000Z, 20:35:22.078574, 0, 246.750518, 246.750518
1555983304.891674, 1642, 20:35:22.079156, 22, 20:35:22.079451, 24,20:35:22.079721, 41.998959, -93.635690667, 2019-04-23T01:35:23.000Z, 20:35:23.071331, 0, 247.914404, 247.914404
1555983305.202990, 1799, 20:35:23.072442, 22, 20:35:23.072933, 26,20:35:23.073250, 0, 0, 2019-04-23T01:35:23.000Z, 20:35:23.075311, 0, 249.129882, 249.129882
1555983305.510218, 1952, 20:35:23.075837, 22, 20:35:23.076109, 26,20:35:23.076372, 0, 0, 2019-04-23T01:35:23.000Z, 20:35:23.083123, 0, 250.329398, 250.329398
1555983305.817419, 2000, 20:35:23.083627, 24, 20:35:23.084113, 27,20:35:23.084476, 41.998821333, -93.635811333, 2019-04-23T01:35:24.000Z, 20:35:24.080028, 0, 251.614144, 251.614144
1555983306.124637, 2076, 20:35:24.080639, 24, 20:35:24.080973, 27,20:35:24.081244, 0, 0, 2019-04-23T01:35:24.000Z, 20:35:24.082477, 0, 252.922664, 252.922664
1555983306.435951, 2117, 20:35:24.082873, 24, 20:35:24.083132, 28,20:35:24.083686, 41.998686833, -93.6359265, 2019-04-23T01:35:25.000Z, 20:35:25.077448, 0, 254.248632, 254.248632
1555983306.743317, 2200, 20:35:25.078234, 24, 20:35:25.078531, 29,20:35:25.079014, 0, 0, 2019-04-23T01:35:25.000Z, 20:35:25.083395, 0, 255.557783, 255.557783
1555983307.050750, 2291, 20:35:25.084187, 27, 20:35:25.084473, 29,20:35:25.084740, 41.998554833, -93.636042167, 2019-04-23T01:35:26.000Z, 20:35:26.080928, 0, 256.995317, 256.995317
1555983307.357609, 2310, 20:35:26.081520, 29, 20:35:26.081796, 29,20:35:26.082058, 0, 0, 2019-04-23T01:35:26.000Z, 20:35:26.087249, 0, 258.550922, 258.550922
1555983307.668918, 2334, 20:35:26.087749, 29, 20:35:26.088024, 29,20:35:26.088287, 41.998426833, -93.636159667, 2019-04-23T01:35:27.000Z, 20:35:27.074192, 0, 260.153106, 260.153106
1555983307.976139, 2380, 20:35:27.074807, 31, 20:35:27.075144, 29,20:35:27.075424, 0, 0, 2019-04-23T01:35:27.000Z, 20:35:27.076747, 0, 261.819591, 261.819591
1555983308.291535, 2409, 20:35:27.077723, 34, 20:35:27.078087, 29,20:35:27.078378, 0, 0, 2019-04-23T01:35:27.000Z, 20:35:27.081593, 0, 263.686170, 263.686170
1555983308.602855, 2434, 20:35:27.082148, 34, 20:35:27.082423, 29,20:35:27.082687, 41.998305333, -93.636280833, 2019-04-23T01:35:28.000Z, 20:35:28.075743, 0, 265.564659, 265.564659
1555983308.906009, 2468, 20:35:28.076444, 37, 20:35:28.076791, 29,20:35:28.077076, 0, 0, 2019-04-23T01:35:28.000Z, 20:35:28.080437, 0, 267.520190, 267.520190
1555983309.217288, 2476, 20:35:28.080934, 39, 20:35:28.081207, 29,20:35:28.081470, 41.998192667, -93.636403833, 2019-04-23T01:35:29.000Z, 20:35:29.068445, 0, 269.650626, 269.650626
1555983309.528595, 2342, 20:35:29.069190, 39, 20:35:29.069493, 28,20:35:29.069773, 0, 0, 2019-04-23T01:35:29.000Z, 20:35:29.072290, 0, 271.805274, 271.805274
1555983309.831715, 2157, 20:35:29.072811, 41, 20:35:29.073092, 28,20:35:29.073355, 41.998092667, -93.636531833, 2019-04-23T01:35:30.000Z, 20:35:30.077713, 0, 273.987458, 273.987458
1555983310.147123, 2169, 20:35:30.078333, 41, 20:35:30.078671, 28,20:35:30.078951, 0, 0, 2019-04-23T01:35:30.000Z, 20:35:30.081909, 0, 276.282440, 276.282440
1555983310.454345, 2182, 20:35:30.082526, 41, 20:35:30.082847, 28,20:35:30.083602, 41.998002333, -93.6366635, 2019-04-23T01:35:31.000Z, 20:35:31.076681, 0, 278.517859, 278.517859
1555983310.761563, 2194, 20:35:31.077695, 43, 20:35:31.078028, 27,20:35:31.078297, 0, 0, 2019-04-23T01:35:31.000Z, 20:35:31.080393, 0, 280.838588, 280.838588
1555983311.069259, 2194, 20:35:31.081065, 45, 20:35:31.081349, 28,20:35:31.081614, 41.997921333, -93.636794333, 2019-04-23T01:35:32.000Z, 20:35:32.070001, 0, 283.272140, 283.272140
1555983311.375989, 2212, 20:35:32.070860, 45, 20:35:32.071201, 27,20:35:32.071525, 0, 0, 2019-04-23T01:35:32.000Z, 20:35:32.075347, 0, 285.721720, 285.721720
1555983311.687301, 2193, 20:35:32.076014, 47, 20:35:32.076378, 27,20:35:32.076665, 0, 0, 2019-04-23T01:35:32.000Z, 20:35:32.080192, 0, 288.294367, 288.294367
1555983311.998616, 2216, 20:35:32.080748, 49, 20:35:32.081028, 27,20:35:32.081352, 41.997847833, -93.63693, 2019-04-23T01:35:33.000Z, 20:35:33.074901, 0, 290.977538, 290.977538
1555983312.309941, 2241, 20:35:33.075779, 49, 20:35:33.076096, 27,20:35:33.076378, 0, 0, 2019-04-23T01:35:33.000Z, 20:35:33.079394, 0, 293.684817, 293.684817
1555983312.625338, 2251, 20:35:33.080081, 49, 20:35:33.080389, 27,20:35:33.080807, 0, 0, 2019-04-23T01:35:33.000Z, 20:35:33.082956, 0, 296.427505, 296.427505
1555983312.932803, 2246, 20:35:33.083766, 49, 20:35:33.084214, 28,20:35:33.084605, 41.997783167, -93.637067833, 2019-04-23T01:35:34.000Z, 20:35:34.070860, 0, 299.101216, 299.101216
1555983313.236163, 2285, 20:35:34.071521, 49, 20:35:34.072230, 28,20:35:34.072592, 0, 0, 2019-04-23T01:35:34.000Z, 20:35:34.075484, 0, 301.739231, 301.739231
1555983313.542885, 2293, 20:35:34.076160, 52, 20:35:34.076523, 27,20:35:34.076828, 0, 0, 2019-04-23T01:35:34.000Z, 20:35:34.080662, 0, 304.534284, 304.534284
1555983313.870592, 2314, 20:35:34.081224, 54, 20:35:34.081528, 28,20:35:34.081829, 41.997726667, -93.637208167, 2019-04-23T01:35:35.000Z, 20:35:35.069009, 0, 307.649523, 307.649523
1555983314.177800, 2338, 20:35:35.069695, 54, 20:35:35.070078, 28,20:35:35.070359, 0, 0, 2019-04-23T01:35:35.000Z, 20:35:35.075025, 0, 310.593598, 310.593598
1555983314.493208, 2333, 20:35:35.075596, 54, 20:35:35.075910, 28,20:35:35.076180, 41.997676833, -93.6373505, 2019-04-23T01:35:36.000Z, 20:35:36.074155, 0, 313.616258, 313.616258
1555983314.804521, 2339, 20:35:36.074815, 56, 20:35:36.075211, 28,20:35:36.075547, 0, 0, 2019-04-23T01:35:36.000Z, 20:35:36.077100, 0, 316.686152, 316.686152
1555983315.124031, 2336, 20:35:36.079659, 56, 20:35:36.080123, 27,20:35:36.080408, 0, 0, 2019-04-23T01:35:36.000Z, 20:35:36.081862, 0, 319.861529, 319.861529
1555983315.443534, 2322, 20:35:36.082438, 56, 20:35:36.082785, 27,20:35:36.083092, 41.997630667, -93.637491, 2019-04-23T01:35:37.000Z, 20:35:37.075458, 0, 323.036835, 323.036835
1555983315.771240, 2242, 20:35:37.076077, 56, 20:35:37.076367, 26,20:35:37.076888, 0, 0, 2019-04-23T01:35:37.000Z, 20:35:37.079774, 0, 326.293667, 326.293667
1555983316.094829, 2198, 20:35:37.080417, 56, 20:35:37.080775, 26,20:35:37.081049, 0, 0, 2019-04-23T01:35:37.000Z, 20:35:37.083049, 0, 329.509583, 329.509583
1555983316.418431, 2170, 20:35:37.083596, 56, 20:35:37.083912, 26,20:35:37.084191, 41.997590167, -93.6376305, 2019-04-23T01:35:38.000Z, 20:35:38.073031, 0, 332.725627, 332.725627
1555983316.746136, 1848, 20:35:38.075410, 58, 20:35:38.075899, 25,20:35:38.076196, 0, 0, 2019-04-23T01:35:38.000Z, 20:35:38.079430, 0, 336.073477, 336.073477
1555983317.061546, 1671, 20:35:38.079984, 58, 20:35:38.080266, 25,20:35:38.080534, 41.9975585, -93.6377675, 2019-04-23T01:35:39.000Z, 20:35:39.077741, 0, 339.320060, 339.320060
1555983317.389368, 1686, 20:35:39.078303, 60, 20:35:39.078576, 25,20:35:39.078841, 41.997533333, -93.637905, 2019-04-23T01:35:40.000Z, 20:35:40.065520, 0, 342.785462, 342.785462
1555983317.708743, 1690, 20:35:40.066125, 60, 20:35:40.066417, 25,20:35:40.066687, 0, 0, 2019-04-23T01:35:40.000Z, 20:35:40.070370, 0, 346.186214, 346.186214
1555983318.037600, 1672, 20:35:40.070877, 60, 20:35:40.071170, 25,20:35:40.071441, 41.997512167, -93.638043333, 2019-04-23T01:35:41.000Z, 20:35:41.075293, 0, 349.687932, 349.687932
1555983318.351856, 1628, 20:35:41.075883, 60, 20:35:41.076163, 25,20:35:41.076433, 0, 0, 2019-04-23T01:35:41.000Z, 20:35:41.077808, 0, 353.034176, 353.034176
1555983318.659067, 1623, 20:35:41.078365, 62, 20:35:41.078683, 25,20:35:41.078971, 0, 0, 2019-04-23T01:35:41.000Z, 20:35:41.082461, 0, 356.390740, 356.390740
1555983318.970509, 1609, 20:35:41.082966, 62, 20:35:41.083262, 26,20:35:41.083535, 41.997492833, -93.63818, 2019-04-23T01:35:42.000Z, 20:35:42.077552, 0, 359.817564, 359.817564
1555983319.285806, 1601, 20:35:42.077967, 61, 20:35:42.078119, 25,20:35:42.078237, 0, 0, 2019-04-23T01:35:42.000Z, 20:35:42.079194, 0, 363.243012, 363.243012
1555983319.613501, 1590, 20:35:42.079505, 61, 20:35:42.079632, 25,20:35:42.079750, 0, 0, 2019-04-23T01:35:42.000Z, 20:35:42.081021, 0, 366.790514, 366.790514
1555983319.924809, 1593, 20:35:42.081385, 61, 20:35:42.081511, 25,20:35:42.081628, 0, 0, 2019-04-23T01:35:42.000Z, 20:35:42.082490, 0, 370.160614, 370.160614
1555983320.236124, 1577, 20:35:42.082728, 63, 20:35:42.082848, 25,20:35:42.082962, 41.997472667, -93.638310167, 2019-04-23T01:35:43.000Z, 20:35:43.075173, 0, 373.617268, 373.617268
1555983320.547426, 1579, 20:35:43.075786, 63, 20:35:43.076109, 25,20:35:43.076380, 0, 0, 2019-04-23T01:35:43.000Z, 20:35:43.079232, 0, 377.097797, 377.097797
1555983320.854652, 1596, 20:35:43.079790, 63, 20:35:43.080143, 25,20:35:43.080412, 0, 0, 2019-04-23T01:35:43.000Z, 20:35:43.081999, 0, 380.532754, 380.532754
1555983321.174150, 1598, 20:35:43.082477, 63, 20:35:43.082749, 24,20:35:43.083017, 41.9974515, -93.638429167, 2019-04-23T01:35:44.000Z, 20:35:44.074130, 0, 384.104920, 384.104920
1555983321.506370, 1609, 20:35:44.074692, 63, 20:35:44.074984, 24,20:35:44.075268, 0, 0, 2019-04-23T01:35:44.000Z, 20:35:44.077432, 0, 387.819325, 387.819325
1555983321.821595, 1609, 20:35:44.077984, 63, 20:35:44.078268, 23,20:35:44.078535, 0, 0, 2019-04-23T01:35:44.000Z, 20:35:44.081314, 0, 391.343714, 391.343714
1555983322.140850, 1584, 20:35:44.081817, 63, 20:35:44.082100, 22,20:35:44.082370, 41.997431, -93.638536667, 2019-04-23T01:35:45.000Z, 20:35:45.070697, 0, 394.913164, 394.913164
1555983322.493126, 1584, 20:35:45.071349, 65, 20:35:45.071754, 22,20:35:45.072060, 0, 0, 2019-04-23T01:35:45.000Z, 20:35:45.075480, 0, 398.949658, 398.949658
1555983322.812648, 1592, 20:35:45.076044, 64, 20:35:45.076330, 20,20:35:45.076599, 0, 0, 2019-04-23T01:35:45.000Z, 20:35:45.079688, 0, 402.591125, 402.591125
1555983323.136365, 1582, 20:35:45.080239, 64, 20:35:45.080525, 18,20:35:45.080801, 41.997415833, -93.638634167, 2019-04-23T01:35:46.000Z, 20:35:46.073822, 0, 406.267910, 406.267910
1555983323.459830, 1577, 20:35:46.074456, 64, 20:35:46.074801, 18,20:35:46.075141, 0, 0, 2019-04-23T01:35:46.000Z, 20:35:46.077248, 0, 409.941834, 409.941834
1555983323.779576, 1579, 20:35:46.077868, 64, 20:35:46.078153, 18,20:35:46.078436, 41.997411333, -93.6387205, 2019-04-23T01:35:47.000Z, 20:35:47.070136, 0, 413.573518, 413.573518
1555983324.098843, 1562, 20:35:47.070857, 64, 20:35:47.071193, 18,20:35:47.071622, 0, 0, 2019-04-23T01:35:47.000Z, 20:35:47.074585, 0, 417.199760, 417.199760
1555983324.418344, 1551, 20:35:47.075156, 64, 20:35:47.075472, 18,20:35:47.075773, 0, 0, 2019-04-23T01:35:47.000Z, 20:35:47.079065, 0, 420.828660, 420.828660
1555983324.750142, 1551, 20:35:47.079674, 64, 20:35:47.080029, 18,20:35:47.080311, 41.997414, -93.638792167, 2019-04-23T01:35:48.000Z, 20:35:48.075108, 0, 424.597231, 424.597231
1555983325.077856, 1522, 20:35:48.075780, 64, 20:35:48.076088, 18,20:35:48.076467, 0, 0, 2019-04-23T01:35:48.000Z, 20:35:48.080464, 0, 428.319414, 428.319414
1555983325.393479, 1568, 20:35:48.081084, 63, 20:35:48.081437, 20,20:35:48.081757, 0, 0, 2019-04-23T01:35:48.000Z, 20:35:48.085818, 0, 431.860432, 431.860432
1555983325.712756, 1622, 20:35:48.086405, 63, 20:35:48.086703, 20,20:35:48.086973, 41.997423167, -93.6388455, 2019-04-23T01:35:49.000Z, 20:35:49.074690, 0, 435.430124, 435.430124
1555983326.044785, 1620, 20:35:49.075326, 63, 20:35:49.075822, 19,20:35:49.076170, 0, 0, 2019-04-23T01:35:49.000Z, 20:35:49.079607, 0, 439.142394, 439.142394
1555983326.372258, 1602, 20:35:49.080221, 62, 20:35:49.080579, 20,20:35:49.080880, 0, 0, 2019-04-23T01:35:49.000Z, 20:35:49.084877, 0, 442.758240, 442.758240
1555983326.683557, 1602, 20:35:49.085413, 62, 20:35:49.085746, 18,20:35:49.086025, 41.997435667, -93.638886833, 2019-04-23T01:35:50.000Z, 20:35:50.075588, 0, 446.183491, 446.183491
1555983326.994869, 1544, 20:35:50.076255, 62, 20:35:50.076664, 17,20:35:50.076973, 0, 0, 2019-04-23T01:35:50.000Z, 20:35:50.080351, 0, 449.608884, 449.608884
1555983327.326664, 1466, 20:35:50.080837, 61, 20:35:50.081180, 17,20:35:50.081470, 41.9974505, -93.638927833, 2019-04-23T01:35:51.000Z, 20:35:51.073382, 0, 453.213570, 453.213570
1555983327.646648, 1438, 20:35:51.073981, 60, 20:35:51.074327, 17,20:35:51.074652, 0, 0, 2019-04-23T01:35:51.000Z, 20:35:51.076395, 0, 456.633151, 456.633151
1555983328.014831, 1396, 20:35:51.076957, 60, 20:35:51.077240, 17,20:35:51.077539, 41.997469833, -93.638969333, 2019-04-23T01:35:52.000Z, 20:35:52.075126, 0, 460.553620, 460.553620
1555983328.330717, 1450, 20:35:52.075769, 60, 20:35:52.076076, 17,20:35:52.076449, 0, 0, 2019-04-23T01:35:52.000Z, 20:35:52.079557, 0, 463.917221, 463.917221
1555983328.637466, 1417, 20:35:52.080272, 60, 20:35:52.080610, 17,20:35:52.080892, 0, 0, 2019-04-23T01:35:52.000Z, 20:35:52.085943, 0, 467.183529, 467.183529
1555983328.948768, 1380, 20:35:52.086544, 59, 20:35:52.086827, 17,20:35:52.087107, 41.9974945, -93.639018, 2019-04-23T01:35:53.000Z, 20:35:53.075847, 0, 470.455081, 470.455081
1555983329.268277, 1372, 20:35:53.076742, 59, 20:35:53.077109, 17,20:35:53.077418, 0, 0, 2019-04-23T01:35:53.000Z, 20:35:53.080591, 0, 473.800558, 473.800558
1555983329.583688, 1340, 20:35:53.081163, 58, 20:35:53.081486, 17,20:35:53.081824, 0, 0, 2019-04-23T01:35:53.000Z, 20:35:53.084036, 0, 477.059319, 477.059319
1555983329.903261, 1325, 20:35:53.084608, 57, 20:35:53.084889, 17,20:35:53.085157, 41.9975195, -93.639074667, 2019-04-23T01:35:54.000Z, 20:35:54.078961, 0, 480.304365, 480.304365
1555983330.214507, 1303, 20:35:54.079619, 57, 20:35:54.080134, 17,20:35:54.080488, 0, 0, 2019-04-23T01:35:54.000Z, 20:35:54.081986, 0, 483.452851, 483.452851
1555983330.546290, 1276, 20:35:54.082685, 56, 20:35:54.082975, 17,20:35:54.083246, 0, 0, 2019-04-23T01:35:54.000Z, 20:35:54.087085, 0, 486.762999, 486.762999
1555983330.857606, 1259, 20:35:54.087646, 55, 20:35:54.087951, 17,20:35:54.088248, 41.997540333, -93.639138833, 2019-04-23T01:35:55.000Z, 20:35:55.074077, 0, 489.813703, 489.813703
1555983331.210214, 1254, 20:35:55.075407, 55, 20:35:55.075819, 17,20:35:55.076127, 0, 0, 2019-04-23T01:35:55.000Z, 20:35:55.078798, 0, 493.255440, 493.255440
1555983331.525535, 1229, 20:35:55.079457, 53, 20:35:55.079758, 17,20:35:55.080086, 0, 0, 2019-04-23T01:35:55.000Z, 20:35:55.082121, 0, 496.245639, 496.245639
1555983331.836607, 1216, 20:35:55.082691, 53, 20:35:55.083029, 17,20:35:55.083315, 41.997550833, -93.639208167, 2019-04-23T01:35:56.000Z, 20:35:56.073828, 0, 499.171539, 499.171539
1555983332.148160, 1201, 20:35:56.074452, 53, 20:35:56.074827, 17,20:35:56.075159, 0, 0, 2019-04-23T01:35:56.000Z, 20:35:56.078857, 0, 502.101964, 502.101964
1555983332.463487, 1180, 20:35:56.079433, 52, 20:35:56.079743, 17,20:35:56.080098, 0, 0, 2019-04-23T01:35:56.000Z, 20:35:56.081392, 0, 505.024091, 505.024091
1555983332.770931, 1148, 20:35:56.081831, 50, 20:35:56.082147, 17,20:35:56.082498, 41.997550333, -93.639279, 2019-04-23T01:35:57.000Z, 20:35:57.074676, 0, 507.775905, 507.775905
1555983333.090087, 1152, 20:35:57.075517, 50, 20:35:57.075933, 17,20:35:57.076230, 0, 0, 2019-04-23T01:35:57.000Z, 20:35:57.079752, 0, 510.607922, 510.607922
1555983333.397313, 1002, 20:35:57.080383, 50, 20:35:57.080719, 18,20:35:57.080996, 41.997535667, -93.639344833, 2019-04-23T01:35:58.000Z, 20:35:58.070247, 0, 513.334080, 513.334080
1555983333.708577, 1183, 20:35:58.070978, 49, 20:35:58.071353, 17,20:35:58.071648, 0, 0, 2019-04-23T01:35:58.000Z, 20:35:58.075199, 0, 516.052835, 516.052835
1555983334.019959, 1207, 20:35:58.075824, 49, 20:35:58.076170, 18,20:35:58.076473, 41.997508333, -93.639400333, 2019-04-23T01:35:59.000Z, 20:35:59.073054, 0, 518.760609, 518.760609
1555983334.331186, 1190, 20:35:59.073624, 48, 20:35:59.073901, 17,20:35:59.074171, 0, 0, 2019-04-23T01:35:59.000Z, 20:35:59.075475, 0, 521.423810, 521.423810
1555983334.634324, 1178, 20:35:59.076000, 48, 20:35:59.076287, 17,20:35:59.076552, 41.997472333, -93.639440167, 2019-04-23T01:36:00.000Z, 20:36:00.074583, 0, 524.006097, 524.006097
1555983334.945646, 1169, 20:36:00.075205, 48, 20:36:00.075542, 17,20:36:00.075838, 0, 0, 2019-04-23T01:36:00.000Z, 20:36:00.077564, 0, 526.658099, 526.658099
1555983335.252885, 1166, 20:36:00.078124, 48, 20:36:00.078399, 17,20:36:00.078668, 0, 0, 2019-04-23T01:36:00.000Z, 20:36:00.081308, 0, 529.275320, 529.275320
1555983335.560316, 1152, 20:36:00.081816, 47, 20:36:00.082101, 17,20:36:00.082366, 41.997426167, -93.639466, 2019-04-23T01:36:01.000Z, 20:36:01.074596, 0, 531.851478, 531.851478
1555983335.863188, 1149, 20:36:01.075201, 47, 20:36:01.075549, 17,20:36:01.075942, 0, 0, 2019-04-23T01:36:01.000Z, 20:36:01.078544, 0, 534.377748, 534.377748
1555983336.170658, 1142, 20:36:01.079141, 47, 20:36:01.079449, 17,20:36:01.079716, 0, 0, 2019-04-23T01:36:01.000Z, 20:36:01.081423, 0, 536.942371, 536.942371
1555983336.481816, 1140, 20:36:01.081905, 46, 20:36:01.082181, 17,20:36:01.082449, 41.9973735, -93.639475333, 2019-04-23T01:36:02.000Z, 20:36:02.073089, 0, 539.494539, 539.494539
1555983336.788944, 1124, 20:36:02.073676, 46, 20:36:02.074002, 18,20:36:02.074282, 0, 0, 2019-04-23T01:36:02.000Z, 20:36:02.077752, 0, 542.001802, 542.001802
1555983337.096167, 1126, 20:36:02.078286, 45, 20:36:02.078568, 18,20:36:02.078835, 0, 0, 2019-04-23T01:36:02.000Z, 20:36:02.080095, 0, 544.467173, 544.467173
1555983337.407477, 1127, 20:36:02.080539, 45, 20:36:02.080807, 18,20:36:02.081078, 41.997319333, -93.639462833, 2019-04-23T01:36:03.000Z, 20:36:03.074603, 0, 546.953327, 546.953327
1555983337.718776, 1124, 20:36:03.075207, 45, 20:36:03.075589, 18,20:36:03.075901, 0, 0, 2019-04-23T01:36:03.000Z, 20:36:03.078185, 0, 549.439396, 549.439396
1555983338.066972, 1114, 20:36:03.078763, 45, 20:36:03.079041, 18,20:36:03.079311, 0, 0, 2019-04-23T01:36:03.000Z, 20:36:03.080606, 0, 552.220129, 552.220129
1555983338.394653, 1118, 20:36:03.081055, 44, 20:36:03.081336, 20,20:36:03.081611, 41.997265833, -93.639427833, 2019-04-23T01:36:04.000Z, 20:36:04.077782, 0, 554.791515, 554.791515
1555983338.730518, 1206, 20:36:04.078335, 44, 20:36:04.078607, 21,20:36:04.078870, 0, 0, 2019-04-23T01:36:04.000Z, 20:36:04.080139, 0, 557.414164, 557.414164
1555983339.050045, 1388, 20:36:04.080534, 43, 20:36:04.080796, 21,20:36:04.081446, 41.997220333, -93.6393695, 2019-04-23T01:36:05.000Z, 20:36:05.077037, 0, 559.864857, 559.864857
1555983339.394132, 1458, 20:36:05.077616, 42, 20:36:05.077930, 21,20:36:05.078211, 0, 0, 2019-04-23T01:36:05.000Z, 20:36:05.079477, 0, 562.442854, 562.442854
1555983339.713625, 1442, 20:36:05.079954, 42, 20:36:05.080222, 20,20:36:05.080663, 41.997190833, -93.639293, 2019-04-23T01:36:06.000Z, 20:36:06.079449, 0, 564.824260, 564.824260
1555983340.017401, 1423, 20:36:06.080080, 44, 20:36:06.080368, 20,20:36:06.080812, 0, 0, 2019-04-23T01:36:06.000Z, 20:36:06.084431, 0, 567.172899, 567.172899
1555983340.332164, 1397, 20:36:06.084967, 42, 20:36:06.085364, 20,20:36:06.085630, 41.997179833, -93.6392045, 2019-04-23T01:36:07.000Z, 20:36:07.074256, 0, 569.543337, 569.543337
1555983340.635283, 1386, 20:36:07.075278, 42, 20:36:07.075667, 20,20:36:07.075964, 0, 0, 2019-04-23T01:36:07.000Z, 20:36:07.077779, 0, 571.802696, 571.802696
1555983340.938411, 1371, 20:36:07.078380, 41, 20:36:07.078680, 20,20:36:07.078944, 0, 0, 2019-04-23T01:36:07.000Z, 20:36:07.081660, 0, 574.020021, 574.020021
1555983341.241530, 1360, 20:36:07.082181, 41, 20:36:07.082457, 19,20:36:07.082724, 41.997186667, -93.639109667, 2019-04-23T01:36:08.000Z, 20:36:08.073335, 0, 576.225585, 576.225585
1555983341.548749, 1319, 20:36:08.073890, 41, 20:36:08.074176, 18,20:36:08.074456, 0, 0, 2019-04-23T01:36:08.000Z, 20:36:08.076476, 0, 578.460983, 578.460983
1555983341.864147, 1200, 20:36:08.077045, 40, 20:36:08.077322, 17,20:36:08.077588, 0, 0, 2019-04-23T01:36:08.000Z, 20:36:08.079366, 0, 580.712088, 580.712088
1555983342.167399, 1064, 20:36:08.079961, 40, 20:36:08.080240, 17,20:36:08.080505, 41.997202833, -93.639009333, 2019-04-23T01:36:09.000Z, 20:36:09.078336, 0, 582.864802, 582.864802
1555983342.474488, 1008, 20:36:09.078886, 40, 20:36:09.079174, 17,20:36:09.079442, 41.997225833, -93.638904, 2019-04-23T01:36:10.000Z, 20:36:10.073549, 0, 585.044756, 585.044756
1555983342.785808, 988, 20:36:10.074560, 40, 20:36:10.074960, 17,20:36:10.075370, 0, 0, 2019-04-23T01:36:10.000Z, 20:36:10.076883, 0, 587.254744, 587.254744
1555983343.093019, 976, 20:36:10.077801, 38, 20:36:10.078279, 17,20:36:10.078568, 0, 0, 2019-04-23T01:36:10.000Z, 20:36:10.082621, 0, 589.350226, 589.350226
1555983343.400227, 957, 20:36:10.083137, 38, 20:36:10.083423, 17,20:36:10.083689, 41.997253, -93.638792167, 2019-04-23T01:36:11.000Z, 20:36:11.080576, 0, 591.421984, 591.421984
1555983343.703627, 938, 20:36:11.081333, 38, 20:36:11.081801, 17,20:36:11.082073, 0, 0, 2019-04-23T01:36:11.000Z, 20:36:11.083279, 0, 593.468061, 593.468061
1555983344.014667, 906, 20:36:11.083680, 36, 20:36:11.083942, 17,20:36:11.084206, 41.997283, -93.638671833, 2019-04-23T01:36:12.000Z, 20:36:12.078596, 0, 595.479261, 595.479261
1555983344.317784, 889, 20:36:12.079203, 36, 20:36:12.079533, 17,20:36:12.080057, 0, 0, 2019-04-23T01:36:12.000Z, 20:36:12.082405, 0, 597.415842, 597.415842
1555983344.625000, 881, 20:36:12.082962, 34, 20:36:12.083240, 17,20:36:12.083506, 41.997314833, -93.638545667, 2019-04-23T01:36:13.000Z, 20:36:13.084169, 0, 599.293272, 599.293272
1555983344.924027, 870, 20:36:13.084745, 33, 20:36:13.085027, 17,20:36:13.085295, 41.997341833, -93.638417333, 2019-04-23T01:36:14.000Z, 20:36:14.082431, 0, 601.056055, 601.056055
1555983345.231247, 858, 20:36:14.082994, 33, 20:36:14.083419, 17,20:36:14.083689, 0, 0, 2019-04-23T01:36:14.000Z, 20:36:14.085892, 0, 602.855283, 602.855283
1555983345.534367, 846, 20:36:14.086743, 32, 20:36:14.087042, 17,20:36:14.087308, 41.997358333, -93.638286833, 2019-04-23T01:36:15.000Z, 20:36:15.081221, 0, 604.588400, 604.588400
1555983345.849775, 835, 20:36:15.081910, 32, 20:36:15.082198, 17,20:36:15.082579, 0, 0, 2019-04-23T01:36:15.000Z, 20:36:15.085844, 0, 606.379606, 606.379606
1555983346.152897, 829, 20:36:15.086319, 30, 20:36:15.086877, 17,20:36:15.087255, 41.997371333, -93.6381555, 2019-04-23T01:36:16.000Z, 20:36:16.074887, 0, 608.016838, 608.016838
1555983346.460118, 820, 20:36:16.075630, 29, 20:36:16.075958, 17,20:36:16.076245, 0, 0, 2019-04-23T01:36:16.000Z, 20:36:16.079394, 0, 609.609837, 609.609837
1555983346.767328, 827, 20:36:16.080583, 29, 20:36:16.081132, 17,20:36:16.081410, 0, 0, 2019-04-23T01:36:16.000Z, 20:36:16.084790, 0, 611.190925, 611.190925
1555983347.083068, 901, 20:36:16.085295, 27, 20:36:16.085574, 17,20:36:16.085838, 41.997387833, -93.638024667, 2019-04-23T01:36:17.000Z, 20:36:17.077817, 0, 612.728208, 612.728208
1555983347.394054, 884, 20:36:17.078357, 25, 20:36:17.078634, 17,20:36:17.078900, 0, 0, 2019-04-23T01:36:17.000Z, 20:36:17.083404, 0, 614.131965, 614.131965
1555983347.701277, 850, 20:36:17.083904, 25, 20:36:17.084180, 17,20:36:17.084595, 41.997407, -93.6378925, 2019-04-23T01:36:18.000Z, 20:36:18.080043, 0, 615.495030, 615.495030
1555983348.008618, 821, 20:36:18.081206, 23, 20:36:18.081513, 17,20:36:18.081784, 0, 0, 2019-04-23T01:36:18.000Z, 20:36:18.083614, 0, 616.773246, 616.773246
1555983348.315867, 805, 20:36:18.084233, 21, 20:36:18.084516, 17,20:36:18.084783, 41.997430833, -93.6377615, 2019-04-23T01:36:19.000Z, 20:36:19.074263, 0, 617.942025, 617.942025
1555983348.631138, 784, 20:36:19.074990, 21, 20:36:19.075483, 17,20:36:19.075786, 0, 0, 2019-04-23T01:36:19.000Z, 20:36:19.079252, 0, 619.116994, 619.116994
1555983348.942423, 800, 20:36:19.079785, 19, 20:36:19.080525, 17,20:36:19.080908, 0, 0, 2019-04-23T01:36:19.000Z, 20:36:19.084317, 0, 620.190639, 620.190639
1555983349.261934, 938, 20:36:19.084806, 17, 20:36:19.085086, 17,20:36:19.085352, 41.997457833, -93.637637667, 2019-04-23T01:36:20.000Z, 20:36:20.073335, 0, 621.179249, 621.179249
1555983349.569146, 1064, 20:36:20.073922, 17, 20:36:20.074491, 17,20:36:20.075051, 0, 0, 2019-04-23T01:36:20.000Z, 20:36:20.078833, 0, 622.106100, 622.106100
1555983349.876550, 1142, 20:36:20.079338, 15, 20:36:20.079614, 18,20:36:20.079947, 41.997485, -93.637528, 2019-04-23T01:36:21.000Z, 20:36:21.072914, 0, 622.948140, 622.948140
1555983350.179799, 1256, 20:36:21.073532, 13, 20:36:21.073851, 22,20:36:21.074409, 0, 0, 2019-04-23T01:36:21.000Z, 20:36:21.077498, 0, 623.671164, 623.671164
1555983350.490918, 1540, 20:36:21.078158, 13, 20:36:21.078449, 22,20:36:21.078717, 0, 0, 2019-04-23T01:36:21.000Z, 20:36:21.082328, 0, 624.388946, 624.388946
1555983350.806204, 1631, 20:36:21.082827, 12, 20:36:21.083102, 21,20:36:21.083517, 41.997506167, -93.637435833, 2019-04-23T01:36:22.000Z, 20:36:22.077075, 0, 625.072553, 625.072553
1555983351.113443, 1622, 20:36:22.077692, 14, 20:36:22.078211, 22,20:36:22.078501, 0, 0, 2019-04-23T01:36:22.000Z, 20:36:22.084622, 0, 625.812202, 625.812202
1555983351.424734, 1644, 20:36:22.085212, 14, 20:36:22.085499, 22,20:36:22.085778, 0, 0, 2019-04-23T01:36:22.000Z, 20:36:22.089508, 0, 626.585626, 626.585626
1555983351.740143, 1540, 20:36:22.090279, 14, 20:36:22.090614, 22,20:36:22.090892, 0, 0, 2019-04-23T01:36:22.000Z, 20:36:22.094321, 0, 627.369281, 627.369281
1555983352.052049, 1512, 20:36:22.094882, 14, 20:36:22.095183, 22,20:36:22.095453, 41.997511, -93.637362333, 2019-04-23T01:36:23.000Z, 20:36:23.072611, 0, 628.144232, 628.144232
1555983352.362769, 1552, 20:36:23.072984, 14, 20:36:23.073121, 22,20:36:23.073237, 0, 0, 2019-04-23T01:36:23.000Z, 20:36:23.073944, 0, 628.916237, 628.916237
1555983352.669993, 1569, 20:36:23.074402, 14, 20:36:23.074748, 22,20:36:23.074923, 0, 0, 2019-04-23T01:36:23.000Z, 20:36:23.076007, 0, 629.679556, 629.679556
1555983352.977201, 1562, 20:36:23.076279, 16, 20:36:23.076401, 22,20:36:23.076516, 41.997498, -93.637293833, 2019-04-23T01:36:24.000Z, 20:36:24.076349, 0, 630.528171, 630.528171
1555983353.288518, 1548, 20:36:24.077021, 16, 20:36:24.077310, 22,20:36:24.077578, 41.997467667, -93.637239833, 2019-04-23T01:36:25.000Z, 20:36:25.077881, 0, 631.412157, 631.412157
1555983353.591639, 1544, 20:36:25.078411, 18, 20:36:25.078691, 20,20:36:25.078957, 41.997422667, -93.637202833, 2019-04-23T01:36:26.000Z, 20:36:26.069739, 0, 632.357072, 632.357072
1555983353.902955, 1474, 20:36:26.070411, 20, 20:36:26.070942, 19,20:36:26.071242, 0, 0, 2019-04-23T01:36:26.000Z, 20:36:26.072707, 0, 633.438030, 633.438030
1555983354.210162, 1375, 20:36:26.073254, 20, 20:36:26.073528, 19,20:36:26.073793, 0, 0, 2019-04-23T01:36:26.000Z, 20:36:26.075502, 0, 634.528425, 634.528425
1555983354.517391, 1336, 20:36:26.075981, 19, 20:36:26.076251, 20,20:36:26.076646, 41.997367, -93.63717, 2019-04-23T01:36:27.000Z, 20:36:27.070153, 0, 635.576228, 635.576228
1555983354.824596, 1348, 20:36:27.070750, 19, 20:36:27.071273, 20,20:36:27.071590, 0, 0, 2019-04-23T01:36:27.000Z, 20:36:27.072923, 0, 636.612096, 636.612096
1555983355.140007, 1378, 20:36:27.073475, 19, 20:36:27.073916, 20,20:36:27.074397, 0, 0, 2019-04-23T01:36:27.000Z, 20:36:27.075779, 0, 637.675635, 637.675635
1555983355.451696, 1376, 20:36:27.076237, 21, 20:36:27.076507, 19,20:36:27.076770, 41.997302333, -93.637133333, 2019-04-23T01:36:28.000Z, 20:36:28.073385, 0, 638.813204, 638.813204
1555983355.758532, 1357, 20:36:28.074329, 21, 20:36:28.074793, 18,20:36:28.075074, 0, 0, 2019-04-23T01:36:28.000Z, 20:36:28.076399, 0, 639.956736, 639.956736
1555983356.070887, 1276, 20:36:28.076934, 21, 20:36:28.077211, 17,20:36:28.077489, 0, 0, 2019-04-23T01:36:28.000Z, 20:36:28.084517, 0, 641.120837, 641.120837
1555983356.377576, 1182, 20:36:28.085059, 21, 20:36:28.085344, 17,20:36:28.085608, 41.9972325, -93.637087167, 2019-04-23T01:36:29.000Z, 20:36:29.075231, 0, 642.263822, 642.263822
1555983356.685157, 1154, 20:36:29.075849, 21, 20:36:29.076175, 18,20:36:29.076449, 0, 0, 2019-04-23T01:36:29.000Z, 20:36:29.077739, 0, 643.410131, 643.410131
1555983356.991892, 1158, 20:36:29.078290, 21, 20:36:29.078592, 18,20:36:29.078858, 0, 0, 2019-04-23T01:36:29.000Z, 20:36:29.082741, 0, 644.553287, 644.553287
1555983357.303047, 1144, 20:36:29.083269, 21, 20:36:29.083552, 18,20:36:29.083953, 41.99716, -93.637030333, 2019-04-23T01:36:30.000Z, 20:36:30.074977, 0, 645.712915, 645.712915
1555983357.614127, 1158, 20:36:30.075613, 21, 20:36:30.075939, 18,20:36:30.076226, 0, 0, 2019-04-23T01:36:30.000Z, 20:36:30.077538, 0, 646.872264, 646.872264
1555983357.933630, 1167, 20:36:30.078080, 21, 20:36:30.078356, 19,20:36:30.078621, 0, 0, 2019-04-23T01:36:30.000Z, 20:36:30.080384, 0, 648.063004, 648.063004
1555983358.240861, 1184, 20:36:30.081053, 21, 20:36:30.081335, 19,20:36:30.081601, 41.997089, -93.636960167, 2019-04-23T01:36:31.000Z, 20:36:31.072826, 0, 649.208008, 649.208008
1555983358.548307, 1202, 20:36:31.073705, 21, 20:36:31.074184, 19,20:36:31.074472, 0, 0, 2019-04-23T01:36:31.000Z, 20:36:31.076538, 0, 650.353814, 650.353814
1555983358.863470, 1194, 20:36:31.077069, 20, 20:36:31.077346, 19,20:36:31.077610, 41.997021, -93.636878167, 2019-04-23T01:36:32.000Z, 20:36:32.070120, 0, 651.484608, 651.484608
1555983359.170684, 1181, 20:36:32.070718, 20, 20:36:32.071053, 18,20:36:32.071327, 0, 0, 2019-04-23T01:36:32.000Z, 20:36:32.072827, 0, 652.575028, 652.575028
1555983359.482170, 1146, 20:36:32.073627, 20, 20:36:32.074018, 18,20:36:32.074287, 0, 0, 2019-04-23T01:36:32.000Z, 20:36:32.077918, 0, 653.680611, 653.680611
1555983359.789466, 1116, 20:36:32.078409, 19, 20:36:32.078684, 20,20:36:32.078950, 41.996958333, -93.636784667, 2019-04-23T01:36:33.000Z, 20:36:33.076655, 0, 654.728641, 654.728641
1555983360.104620, 1211, 20:36:33.077430, 19, 20:36:33.077734, 21,20:36:33.078005, 41.996905167, -93.636677167, 2019-04-23T01:36:34.000Z, 20:36:34.067411, 0, 655.791314, 655.791314
1555983360.407742, 1391, 20:36:34.067907, 19, 20:36:34.068058, 21,20:36:34.068256, 0, 0, 2019-04-23T01:36:34.000Z, 20:36:34.069701, 0, 656.813415, 656.813415
1555983360.723164, 1513, 20:36:34.070055, 19, 20:36:34.070186, 21,20:36:34.070300, 0, 0, 2019-04-23T01:36:34.000Z, 20:36:34.070909, 0, 657.876991, 657.876991
1555983361.030383, 1509, 20:36:34.071088, 19, 20:36:34.071202, 20,20:36:34.071316, 41.996863333, -93.6365565, 2019-04-23T01:36:35.000Z, 20:36:35.072721, 0, 658.912907, 658.912907
1555983361.337589, 1470, 20:36:35.073818, 19, 20:36:35.074194, 20,20:36:35.074475, 0, 0, 2019-04-23T01:36:35.000Z, 20:36:35.076950, 0, 659.948779, 659.948779
1555983361.640709, 1434, 20:36:35.077493, 21, 20:36:35.077769, 20,20:36:35.078035, 41.996832333, -93.636428, 2019-04-23T01:36:36.000Z, 20:36:36.076745, 0, 661.055073, 661.055073
1555983361.943837, 1399, 20:36:36.077355, 21, 20:36:36.077862, 19,20:36:36.078155, 0, 0, 2019-04-23T01:36:36.000Z, 20:36:36.081991, 0, 662.184786, 662.184786
1555983362.246950, 1382, 20:36:36.082869, 21, 20:36:36.083147, 20,20:36:36.083412, 41.996810667, -93.636292, 2019-04-23T01:36:37.000Z, 20:36:37.075758, 0, 663.314443, 663.314443
1555983362.554171, 1382, 20:36:37.076347, 21, 20:36:37.076669, 19,20:36:37.076950, 0, 0, 2019-04-23T01:36:37.000Z, 20:36:37.078253, 0, 664.459411, 664.459411
1555983362.861387, 1380, 20:36:37.078781, 23, 20:36:37.079481, 19,20:36:37.079857, 0, 0, 2019-04-23T01:36:37.000Z, 20:36:37.083237, 0, 665.689697, 665.689697
1555983363.164742, 1386, 20:36:37.083729, 23, 20:36:37.084008, 19,20:36:37.084274, 41.996798, -93.636153167, 2019-04-23T01:36:38.000Z, 20:36:38.072271, 0, 666.927928, 666.927928
1555983363.471976, 1407, 20:36:38.072863, 22, 20:36:38.073625, 19,20:36:38.073943, 0, 0, 2019-04-23T01:36:38.000Z, 20:36:38.076841, 0, 668.139322, 668.139322
1555983363.787133, 1420, 20:36:38.077365, 22, 20:36:38.077642, 19,20:36:38.077906, 41.996791833, -93.6360125, 2019-04-23T01:36:39.000Z, 20:36:39.076700, 0, 669.369796, 669.369796
1555983364.110740, 1434, 20:36:39.077270, 22, 20:36:39.077585, 19,20:36:39.077868, 0, 0, 2019-04-23T01:36:39.000Z, 20:36:39.080097, 0, 670.633261, 670.633261
1555983364.463012, 1442, 20:36:39.080754, 24, 20:36:39.081047, 19,20:36:39.081320, 0, 0, 2019-04-23T01:36:39.000Z, 20:36:39.084593, 0, 672.106498, 672.106498
1555983364.790704, 1441, 20:36:39.085167, 26, 20:36:39.085570, 19,20:36:39.085843, 41.996790833, -93.63587, 2019-04-23T01:36:40.000Z, 20:36:40.076238, 0, 673.593249, 673.593249
1555983365.114307, 1455, 20:36:40.076802, 26, 20:36:40.077088, 19,20:36:40.077378, 0, 0, 2019-04-23T01:36:40.000Z, 20:36:40.079328, 0, 675.086416, 675.086416
1555983365.482969, 1462, 20:36:40.080076, 25, 20:36:40.080366, 20,20:36:40.080634, 41.9967955, -93.635728333, 2019-04-23T01:36:41.000Z, 20:36:41.077042, 0, 676.736293, 676.736293
1555983365.818860, 1507, 20:36:41.077800, 25, 20:36:41.078124, 20,20:36:41.078395, 0, 0, 2019-04-23T01:36:41.000Z, 20:36:41.080845, 0, 678.226550, 678.226550
1555983366.175234, 1554, 20:36:41.081384, 25, 20:36:41.081662, 20,20:36:41.081927, 41.9968045, -93.635589, 2019-04-23T01:36:42.000Z, 20:36:42.079506, 0, 679.807685, 679.807685
1555983366.498825, 1579, 20:36:42.080202, 25, 20:36:42.080495, 20,20:36:42.080762, 0, 0, 2019-04-23T01:36:42.000Z, 20:36:42.084048, 0, 681.243370, 681.243370
1555983366.806058, 1477, 20:36:42.084543, 25, 20:36:42.085041, 20,20:36:42.085410, 41.9968235, -93.635453333, 2019-04-23T01:36:43.000Z, 20:36:43.074993, 0, 682.606479, 682.606479
1555983367.142142, 1336, 20:36:43.075589, 27, 20:36:43.076102, 21,20:36:43.076424, 0, 0, 2019-04-23T01:36:43.000Z, 20:36:43.078240, 0, 684.190950, 684.190950
1555983367.449372, 1398, 20:36:43.079253, 27, 20:36:43.079645, 21,20:36:43.079983, 0, 0, 2019-04-23T01:36:43.000Z, 20:36:43.083289, 0, 685.663094, 685.663094
1555983367.760634, 1458, 20:36:43.083769, 29, 20:36:43.084229, 21,20:36:43.084608, 41.996851833, -93.635322667, 2019-04-23T01:36:44.000Z, 20:36:44.074623, 0, 687.241018, 687.241018
1555983368.067682, 1468, 20:36:44.075216, 28, 20:36:44.075509, 21,20:36:44.075780, 0, 0, 2019-04-23T01:36:44.000Z, 20:36:44.077939, 0, 688.778628, 688.778628
1555983368.383488, 1461, 20:36:44.078748, 28, 20:36:44.079243, 21,20:36:44.079613, 0, 0, 2019-04-23T01:36:44.000Z, 20:36:44.082512, 0, 690.347911, 690.347911
1555983368.698508, 1477, 20:36:44.082987, 28, 20:36:44.083265, 21,20:36:44.083532, 41.996889333, -93.635195167, 2019-04-23T01:36:45.000Z, 20:36:45.072624, 0, 691.913288, 691.913288
1555983369.013910, 1488, 20:36:45.073624, 30, 20:36:45.073974, 21,20:36:45.074259, 0, 0, 2019-04-23T01:36:45.000Z, 20:36:45.077199, 0, 693.568175, 693.568175
1555983369.317043, 1494, 20:36:45.077731, 30, 20:36:45.078193, 22,20:36:45.078469, 0, 0, 2019-04-23T01:36:45.000Z, 20:36:45.082309, 0, 695.182078, 695.182078
1555983369.624252, 1551, 20:36:45.082813, 32, 20:36:45.083092, 23,20:36:45.083357, 41.996930333, -93.6350695, 2019-04-23T01:36:46.000Z, 20:36:46.076030, 0, 696.903017, 696.903017
1555983369.927367, 1647, 20:36:46.076590, 32, 20:36:46.076870, 22,20:36:46.077136, 0, 0, 2019-04-23T01:36:46.000Z, 20:36:46.078502, 0, 698.624410, 698.624410
1555983370.230736, 1668, 20:36:46.079717, 32, 20:36:46.080160, 22,20:36:46.080439, 0, 0, 2019-04-23T01:36:46.000Z, 20:36:46.084165, 0, 700.347247, 700.347247
1555983370.554089, 1630, 20:36:46.084671, 32, 20:36:46.085180, 21,20:36:46.085550, 41.996971167, -93.634942833, 2019-04-23T01:36:47.000Z, 20:36:47.075773, 0, 702.183573, 702.183573
1555983370.865401, 1603, 20:36:47.076546, 32, 20:36:47.076909, 21,20:36:47.077185, 0, 0, 2019-04-23T01:36:47.000Z, 20:36:47.079382, 0, 703.951517, 703.951517
1555983371.185045, 1566, 20:36:47.080197, 32, 20:36:47.080583, 20,20:36:47.080852, 41.997011833, -93.634816167, 2019-04-23T01:36:48.000Z, 20:36:48.076332, 0, 705.766780, 705.766780
1555983371.516718, 1501, 20:36:48.076947, 34, 20:36:48.077283, 20,20:36:48.077552, 0, 0, 2019-04-23T01:36:48.000Z, 20:36:48.079304, 0, 707.742485, 707.742485
1555983371.824057, 1457, 20:36:48.079935, 37, 20:36:48.080215, 19,20:36:48.080481, 41.997052167, -93.634690167, 2019-04-23T01:36:49.000Z, 20:36:49.070941, 0, 709.725013, 709.725013
1555983372.143428, 1444, 20:36:49.071508, 37, 20:36:49.071781, 19,20:36:49.072047, 0, 0, 2019-04-23T01:36:49.000Z, 20:36:49.074504, 0, 711.822117, 711.822117
1555983372.512081, 1447, 20:36:49.075002, 37, 20:36:49.075278, 18,20:36:49.075543, 41.997092833, -93.634566333, 2019-04-23T01:36:50.000Z, 20:36:50.074388, 0, 714.242824, 714.242824
1555983372.828542, 1396, 20:36:50.075195, 37, 20:36:50.075481, 17,20:36:50.075749, 0, 0, 2019-04-23T01:36:50.000Z, 20:36:50.077803, 0, 716.320820, 716.320820
1555983373.142915, 1354, 20:36:50.078229, 37, 20:36:50.078677, 17,20:36:50.079242, 41.997136167, -93.634446167, 2019-04-23T01:36:51.000Z, 20:36:51.079642, 0, 718.385106, 718.385106
1555983373.470617, 1318, 20:36:51.080565, 39, 20:36:51.080858, 17,20:36:51.081126, 0, 0, 2019-04-23T01:36:51.000Z, 20:36:51.086621, 0, 720.627943, 720.627943
1555983373.794206, 1286, 20:36:51.087117, 39, 20:36:51.087395, 17,20:36:51.087659, 41.9971825, -93.634333, 2019-04-23T01:36:52.000Z, 20:36:52.076843, 0, 722.867598, 722.867598
1555983374.109615, 1248, 20:36:52.077422, 39, 20:36:52.077702, 17,20:36:52.078146, 0, 0, 2019-04-23T01:36:52.000Z, 20:36:52.081907, 0, 725.050638, 725.050638
1555983374.416832, 1257, 20:36:52.082399, 39, 20:36:52.082676, 17,20:36:52.082941, 41.997232167, -93.6342255, 2019-04-23T01:36:53.000Z, 20:36:53.072504, 0, 727.176977, 727.176977
1555983374.752963, 1272, 20:36:53.073503, 39, 20:36:53.073856, 17,20:36:53.074294, 0, 0, 2019-04-23T01:36:53.000Z, 20:36:53.077204, 0, 729.503440, 729.503440
1555983375.072257, 1270, 20:36:53.077741, 39, 20:36:53.078015, 17,20:36:53.078278, 0, 0, 2019-04-23T01:36:53.000Z, 20:36:53.081851, 0, 731.713368, 731.713368
1555983375.387637, 1280, 20:36:53.082353, 39, 20:36:53.082629, 17,20:36:53.082893, 41.997285, -93.634120833, 2019-04-23T01:36:54.000Z, 20:36:54.077764, 0, 733.896206, 733.896206
1555983375.707564, 1276, 20:36:54.078347, 39, 20:36:54.078819, 17,20:36:54.079445, 0, 0, 2019-04-23T01:36:54.000Z, 20:36:54.083026, 0, 736.110517, 736.110517
1555983376.022559, 1286, 20:36:54.083533, 39, 20:36:54.083994, 17,20:36:54.084264, 41.997341, -93.634017333, 2019-04-23T01:36:55.000Z, 20:36:55.076281, 0, 738.290689, 738.290689
1555983376.366770, 1298, 20:36:55.076833, 39, 20:36:55.077112, 17,20:36:55.077379, 41.997398667, -93.6339135, 2019-04-23T01:36:56.000Z, 20:36:56.074173, 0, 740.673076, 740.673076
1555983376.694335, 1291, 20:36:56.074921, 41, 20:36:56.075242, 17,20:36:56.075517, 0, 0, 2019-04-23T01:36:56.000Z, 20:36:56.082865, 0, 743.031241, 743.031241
1555983377.026907, 1298, 20:36:56.083402, 40, 20:36:56.083962, 17,20:36:56.084239, 0, 0, 2019-04-23T01:36:56.000Z, 20:36:56.087386, 0, 745.404922, 745.404922
1555983377.341536, 1290, 20:36:56.087867, 40, 20:36:56.088142, 17,20:36:56.088407, 41.997459333, -93.6338125, 2019-04-23T01:36:57.000Z, 20:36:57.076778, 0, 747.638400, 747.638400
1555983377.661043, 1302, 20:36:57.077308, 39, 20:36:57.077586, 17,20:36:57.077852, 0, 0, 2019-04-23T01:36:57.000Z, 20:36:57.081593, 0, 749.862128, 749.862128
1555983377.968396, 1298, 20:36:57.082090, 39, 20:36:57.082364, 17,20:36:57.082628, 41.997523167, -93.633717, 2019-04-23T01:36:58.000Z, 20:36:58.074547, 0, 751.989410, 751.989410
1555983378.283676, 1322, 20:36:58.076082, 39, 20:36:58.076446, 17,20:36:58.076743, 0, 0, 2019-04-23T01:36:58.000Z, 20:36:58.078029, 0, 754.171556, 754.171556
1555983378.627890, 1296, 20:36:58.078893, 41, 20:36:58.079469, 17,20:36:58.079838, 41.997588833, -93.63363, 2019-04-23T01:36:59.000Z, 20:36:59.074746, 0, 756.649579, 756.649579
1555983378.934976, 1298, 20:36:59.075316, 40, 20:36:59.075652, 17,20:36:59.075943, 0, 0, 2019-04-23T01:36:59.000Z, 20:36:59.077243, 0, 758.841358, 758.841358
1555983379.259056, 1290, 20:36:59.077786, 40, 20:36:59.078106, 17,20:36:59.078773, 0, 0, 2019-04-23T01:36:59.000Z, 20:36:59.080905, 0, 761.141926, 761.141926
1555983379.578077, 1268, 20:36:59.081416, 39, 20:36:59.081695, 17,20:36:59.081959, 41.997652167, -93.6335535, 2019-04-23T01:37:00.000Z, 20:37:00.074543, 0, 763.362273, 763.362273
1555983379.938542, 1238, 20:37:00.075135, 39, 20:37:00.075424, 17,20:37:00.075843, 0, 0, 2019-04-23T01:37:00.000Z, 20:37:00.077820, 0, 765.857156, 765.857156
1555983380.250262, 1218, 20:37:00.078631, 39, 20:37:00.079221, 17,20:37:00.079592, 0, 0, 2019-04-23T01:37:00.000Z, 20:37:00.082923, 0, 768.014664, 768.014664
1555983380.585749, 1153, 20:37:00.083430, 39, 20:37:00.083853, 17,20:37:00.084233, 41.997709333, -93.633492667, 2019-04-23T01:37:01.000Z, 20:37:01.084072, 0, 770.336668, 770.336668
1555983380.897075, 1113, 20:37:01.084994, 37, 20:37:01.085301, 17,20:37:01.085569, 0, 0, 2019-04-23T01:37:01.000Z, 20:37:01.087915, 0, 772.404968, 772.404968
1555983381.212471, 1060, 20:37:01.088407, 35, 20:37:01.088686, 17,20:37:01.088953, 41.997758333, -93.633441167, 2019-04-23T01:37:02.000Z, 20:37:02.076067, 0, 774.388362, 774.388362
1555983381.531975, 1010, 20:37:02.076615, 35, 20:37:02.077111, 17,20:37:02.077434, 0, 0, 2019-04-23T01:37:02.000Z, 20:37:02.080758, 0, 776.372935, 776.372935
1555983381.843284, 955, 20:37:02.081284, 32, 20:37:02.081561, 17,20:37:02.081829, 41.997798667, -93.633387667, 2019-04-23T01:37:03.000Z, 20:37:03.077392, 0, 778.176893, 778.176893
1555983382.162793, 932, 20:37:03.077999, 29, 20:37:03.078642, 17,20:37:03.079081, 0, 0, 2019-04-23T01:37:03.000Z, 20:37:03.082355, 0, 779.858260, 779.858260
1555983382.486395, 898, 20:37:03.082834, 29, 20:37:03.083102, 17,20:37:03.083367, 41.997823333, -93.633328, 2019-04-23T01:37:04.000Z, 20:37:04.077812, 0, 781.523712, 781.523712
1555983382.801862, 872, 20:37:04.078692, 27, 20:37:04.079181, 17,20:37:04.079646, 0, 0, 2019-04-23T01:37:04.000Z, 20:37:04.083263, 0, 783.059667, 783.059667
1555983383.109252, 866, 20:37:04.083998, 24, 20:37:04.084483, 17,20:37:04.084854, 41.9978345, -93.6332645, 2019-04-23T01:37:05.000Z, 20:37:05.076095, 0, 784.404498, 784.404498
1555983383.424460, 856, 20:37:05.076679, 24, 20:37:05.076974, 17,20:37:05.077424, 0, 0, 2019-04-23T01:37:05.000Z, 20:37:05.080959, 0, 785.747050, 785.747050
1555983383.731738, 847, 20:37:05.081481, 23, 20:37:05.081759, 17,20:37:05.082023, 41.997830833, -93.633204833, 2019-04-23T01:37:06.000Z, 20:37:06.073786, 0, 787.013150, 787.013150
1555983384.051175, 835, 20:37:06.074496, 22, 20:37:06.074805, 17,20:37:06.075072, 0, 0, 2019-04-23T01:37:06.000Z, 20:37:06.077302, 0, 788.272659, 788.272659
1555983384.366563, 855, 20:37:06.078138, 22, 20:37:06.078730, 17,20:37:06.079007, 0, 0, 2019-04-23T01:37:06.000Z, 20:37:06.082276, 0, 789.504034, 789.504034
1555983384.694267, 858, 20:37:06.082777, 21, 20:37:06.083052, 17,20:37:06.083317, 41.9978165, -93.633150833, 2019-04-23T01:37:07.000Z, 20:37:07.069448, 0, 790.737981, 790.737981
1555983385.009682, 870, 20:37:07.070072, 21, 20:37:07.070426, 17,20:37:07.070707, 0, 0, 2019-04-23T01:37:07.000Z, 20:37:07.073638, 0, 791.913486, 791.913486
1555983385.325083, 867, 20:37:07.074142, 21, 20:37:07.074420, 17,20:37:07.074687, 41.997797167, -93.633102833, 2019-04-23T01:37:08.000Z, 20:37:08.082863, 0, 793.088939, 793.088939
1555983385.653115, 936, 20:37:08.083406, 21, 20:37:08.084054, 24,20:37:08.084428, 0, 0, 2019-04-23T01:37:08.000Z, 20:37:08.087314, 0, 794.311466, 794.311466
1555983385.984575, 1504, 20:37:08.087795, 21, 20:37:08.088068, 25,20:37:08.088331, 41.9977775, -93.633059333, 2019-04-23T01:37:09.000Z, 20:37:09.074179, 0, 795.546768, 795.546768
1555983386.312275, 1776, 20:37:09.074770, 21, 20:37:09.075088, 25,20:37:09.075380, 0, 0, 2019-04-23T01:37:09.000Z, 20:37:09.077160, 0, 796.768057, 796.768057
1555983386.627849, 1770, 20:37:09.077680, 23, 20:37:09.077966, 25,20:37:09.078235, 41.997756167, -93.633017667, 2019-04-23T01:37:10.000Z, 20:37:10.073645, 0, 798.031815, 798.031815
1555983386.947186, 1776, 20:37:10.074719, 23, 20:37:10.075130, 25,20:37:10.075410, 0, 0, 2019-04-23T01:37:10.000Z, 20:37:10.077395, 0, 799.335281, 799.335281
1555983387.258741, 1784, 20:37:10.078176, 23, 20:37:10.078457, 25,20:37:10.078724, 41.997733167, -93.632974667, 2019-04-23T01:37:11.000Z, 20:37:11.073178, 0, 800.606983, 800.606983
1555983387.582100, 1789, 20:37:11.073919, 25, 20:37:11.074201, 25,20:37:11.074468, 0, 0, 2019-04-23T01:37:11.000Z, 20:37:11.076134, 0, 802.016688, 802.016688
1555983387.897507, 1802, 20:37:11.076572, 27, 20:37:11.076842, 25,20:37:11.077287, 41.997712167, -93.632935, 2019-04-23T01:37:12.000Z, 20:37:12.068778, 0, 803.503677, 803.503677
1555983388.217013, 1809, 20:37:12.069569, 27, 20:37:12.069967, 24,20:37:12.070406, 0, 0, 2019-04-23T01:37:12.000Z, 20:37:12.074102, 0, 805.034643, 805.034643
1555983388.532432, 1818, 20:37:12.074782, 29, 20:37:12.075070, 24,20:37:12.075338, 41.997696, -93.632904833, 2019-04-23T01:37:13.000Z, 20:37:13.069949, 0, 806.633643, 806.633643
1555983388.843737, 1762, 20:37:13.070533, 31, 20:37:13.071702, 22,20:37:13.072068, 0, 0, 2019-04-23T01:37:13.000Z, 20:37:13.075153, 0, 808.322279, 808.322279
1555983389.167581, 1647, 20:37:13.075652, 31, 20:37:13.075926, 22,20:37:13.076192, 41.997685, -93.632885667, 2019-04-23T01:37:14.000Z, 20:37:14.069823, 0, 810.103922, 810.103922
1555983389.499135, 1609, 20:37:14.070604, 31, 20:37:14.071111, 22,20:37:14.071486, 0, 0, 2019-04-23T01:37:14.000Z, 20:37:14.074607, 0, 811.927980, 811.927980
1555983389.810677, 1599, 20:37:14.075102, 33, 20:37:14.075382, 21,20:37:14.075647, 41.997679, -93.632876, 2019-04-23T01:37:15.000Z, 20:37:15.072193, 0, 813.728482, 813.728482
1555983390.117653, 1589, 20:37:15.072860, 33, 20:37:15.073150, 21,20:37:15.073419, 41.997678833, -93.632876333, 2019-04-23T01:37:16.000Z, 20:37:16.066839, 0, 815.526280, 815.526280
1555983390.428972, 1580, 20:37:16.067408, 33, 20:37:16.067689, 21,20:37:16.067956, 0, 0, 2019-04-23T01:37:16.000Z, 20:37:16.069525, 0, 817.349515, 817.349515
1555983390.732100, 1570, 20:37:16.070037, 35, 20:37:16.070309, 21,20:37:16.070759, 41.997679667, -93.632878833, 2019-04-23T01:37:17.000Z, 20:37:17.063696, 0, 819.208980, 819.208980
1555983391.035213, 1544, 20:37:17.064412, 35, 20:37:17.064912, 20,20:37:17.065427, 0, 0, 2019-04-23T01:37:17.000Z, 20:37:17.069107, 0, 821.091742, 821.091742
1555983391.358818, 1530, 20:37:17.069611, 34, 20:37:17.069950, 20,20:37:17.070220, 41.997680333, -93.632880333, 2019-04-23T01:37:18.000Z, 20:37:18.065259, 0, 823.056844, 823.056844
1555983391.678322, 1527, 20:37:18.065848, 36, 20:37:18.066201, 20,20:37:18.066477, 0, 0, 2019-04-23T01:37:18.000Z, 20:37:18.074576, 0, 825.073467, 825.073467
1555983392.010120, 1522, 20:37:18.075093, 36, 20:37:18.075372, 20,20:37:18.075638, 41.997680333, -93.632881167, 2019-04-23T01:37:19.000Z, 20:37:19.067427, 0, 827.193286, 827.193286
1555983392.317333, 1512, 20:37:19.068201, 36, 20:37:19.068508, 20,20:37:19.068775, 0, 0, 2019-04-23T01:37:19.000Z, 20:37:19.070899, 0, 829.156036, 829.156036
1555983392.698285, 1504, 20:37:19.071404, 36, 20:37:19.071685, 20,20:37:19.071950, 41.997680333, -93.6328815, 2019-04-23T01:37:20.000Z, 20:37:20.067462, 0, 831.589897, 831.589897
1555983393.030313, 1494, 20:37:20.068026, 38, 20:37:20.068299, 20,20:37:20.068564, 0, 0, 2019-04-23T01:37:20.000Z, 20:37:20.070292, 0, 833.803417, 833.803417
1555983393.382360, 1488, 20:37:20.070769, 38, 20:37:20.071045, 20,20:37:20.071311, 41.997678833, -93.632881167, 2019-04-23T01:37:21.000Z, 20:37:21.068376, 0, 836.177560, 836.177560
1555983393.705953, 1498, 20:37:21.068917, 37, 20:37:21.069454, 20,20:37:21.069829, 0, 0, 2019-04-23T01:37:21.000Z, 20:37:21.075814, 0, 838.314872, 838.314872
1555983394.041858, 1507, 20:37:21.077946, 37, 20:37:21.078308, 20,20:37:21.078581, 41.9976775, -93.6328805, 2019-04-23T01:37:22.000Z, 20:37:22.066594, 0, 840.520545, 840.520545
1555983394.373637, 1519, 20:37:22.067160, 37, 20:37:22.067443, 20,20:37:22.067715, 0, 0, 2019-04-23T01:37:22.000Z, 20:37:22.071357, 0, 842.699124, 842.699124
1555983394.734106, 1526, 20:37:22.071959, 39, 20:37:22.072258, 20,20:37:22.072530, 41.997676667, -93.6328805, 2019-04-23T01:37:23.000Z, 20:37:23.063720, 0, 845.166224, 845.166224
1555983395.082284, 1520, 20:37:23.064093, 39, 20:37:23.064237, 20,20:37:23.064356, 0, 0, 2019-04-23T01:37:23.000Z, 20:37:23.065281, 0, 847.576066, 847.576066
1555983395.487810, 1527, 20:37:23.065537, 39, 20:37:23.065660, 20,20:37:23.065777, 0, 0, 2019-04-23T01:37:23.000Z, 20:37:23.067177, 0, 850.382831, 850.382831
1555983395.869206, 1526, 20:37:23.067638, 41, 20:37:23.067784, 20,20:37:23.067900, 0, 0, 2019-04-23T01:37:23.000Z, 20:37:23.068976, 0, 853.128530, 853.128530
