1,19:38:22.818770,65.154889,0.069671,0.069671,18,772,0,0,0,183.374450,0.000000,0.000000
2,19:38:22.860661,65.196780,0.111562,0.041891,18,777,0,0,0,183.374450,0.000000,0.000000
3,19:38:22.927666,65.263785,0.178567,0.067005,18,780,0,0,0,183.374450,0.000000,0.000000
4,19:38:23.009741,65.345860,0.260642,0.082075,18,775,0,0,0,183.374450,0.000000,0.000000
5,19:38:23.073633,65.409752,0.324534,0.063892,18,778,0,0,0,183.374450,0.000000,0.000000
6,19:38:23.146019,65.482138,0.396920,0.072386,18,777,0,0,0,183.374450,0.000000,0.000000
7,19:38:23.190311,65.526430,0.441212,0.044292,18,778,0,0,0,183.374450,0.000000,0.000000
8,19:38:23.243918,65.580037,0.494819,0.053607,18,778,0,0,0,183.374450,0.000000,0.000000
9,19:38:23.318637,65.654756,0.569538,0.074719,18,776,0,0,0,183.374450,0.000000,0.000000
10,19:38:23.373944,65.710063,0.624845,0.055307,18,775,0,41.999856078,-93.633147188,183.374450,0.000000,0.000000
11,19:38:23.410707,65.746826,0.661608,0.036763,18,774,0,0,0,183.374450,0.000000,0.000000
12,19:38:23.469653,65.805772,0.720554,0.058946,18,777,0,0,0,183.374450,0.000000,0.000000
13,19:38:23.513909,65.850028,0.764810,0.044256,18,774,0,0,0,183.374450,0.000000,0.000000
14,19:38:23.554887,65.891006,0.805788,0.040978,18,777,0,0,0,183.374450,0.000000,0.000000
15,19:38:23.671812,66.007931,0.922713,0.116925,18,778,0,0,0,183.374450,0.000000,0.000000
16,19:38:23.725331,66.061450,0.976232,0.053519,18,779,0,0,0,183.374450,0.000000,0.000000
17,19:38:23.780368,66.116487,1.031269,0.055037,18,780,0,0,0,183.374450,0.000000,0.000000
18,19:38:23.829302,66.165421,1.080203,0.048934,18,776,0,0,0,183.374450,0.000000,0.000000
19,19:38:23.867268,66.203387,1.118169,0.037966,18,776,0,0,0,183.374450,0.000000,0.000000
20,19:38:23.898642,66.234761,1.149543,0.031374,18,777,0,0,0,183.374450,0.000000,0.000000
21,19:38:23.932716,66.268835,1.183617,0.034074,18,780,0,0,0,183.374450,0.000000,0.000000
22,19:38:24.023731,66.359850,1.274632,0.091015,18,780,0,0,0,183.374450,0.000000,0.000000
23,19:38:24.078642,66.414761,1.329543,0.054911,18,776,0,0,0,183.374450,0.000000,0.000000
24,19:38:24.117646,66.453765,1.368547,0.039004,18,778,0,0,0,183.374450,0.000000,0.000000
25,19:38:24.165224,66.501343,1.416125,0.047578,18,782,0,0,0,183.374450,0.000000,0.000000
26,19:38:24.203208,66.539327,1.454109,0.037984,18,780,0,0,0,183.374450,0.000000,0.000000
27,19:38:24.246568,66.582687,1.497469,0.043360,18,778,0,0,0,183.374450,0.000000,0.000000
28,19:38:24.313866,66.649985,1.564767,0.067298,18,775,0,0,0,183.374450,0.000000,0.000000
29,19:38:24.398933,66.735052,1.649834,0.085067,18,773,0,41.999856493,-93.633144658,183.374450,0.000000,0.000000
30,19:38:24.454670,66.790789,1.705571,0.055737,18,770,0,0,0,183.374450,0.000000,0.000000
31,19:38:24.497065,66.833184,1.747966,0.042395,18,766,0,0,0,183.374450,0.000000,0.000000
32,19:38:24.573349,66.909468,1.824250,0.076284,18,766,0,0,0,183.374450,0.000000,0.000000
33,19:38:24.646642,66.982761,1.897543,0.073293,18,766,0,0,0,183.374450,0.000000,0.000000
34,19:38:24.677743,67.013862,1.928644,0.031101,18,764,0,0,0,183.374450,0.000000,0.000000
35,19:38:24.729582,67.065701,1.980483,0.051839,18,767,0,0,0,183.374450,0.000000,0.000000
36,19:38:24.801629,67.137748,2.052530,0.072047,18,771,0,0,0,183.374450,0.000000,0.000000
37,19:38:24.889637,67.225756,2.140538,0.088008,19,772,0,0,0,183.374450,0.000000,0.000000
38,19:38:24.934696,67.270815,2.185597,0.045059,20,782,0,0,0,183.374450,0.000000,0.000000
39,19:38:25.002588,67.338707,2.253489,0.067892,20,800,0,0,0,183.374450,0.000000,0.000000
40,19:38:25.060530,67.396649,2.311431,0.057942,21,825,0,0,0,183.374450,0.000000,0.000000
41,19:38:25.129831,67.465950,2.380732,0.069301,21,890,0,0,0,183.374450,0.000000,0.000000
42,19:38:25.165531,67.501650,2.416432,0.035700,21,940,0,0,0,183.374450,0.000000,0.000000
43,19:38:25.217374,67.553493,2.468275,0.051843,21,989,0,0,0,183.374450,0.000000,0.000000
44,19:38:25.266756,67.602875,2.517657,0.049382,21,1047,0,0,0,183.374450,0.000000,0.000000
45,19:38:25.307887,67.644006,2.558788,0.041131,22,1094,0,0,0,183.374450,0.000000,0.000000
46,19:38:25.343145,67.679264,2.594046,0.035258,22,1131,0,41.999857926,-93.63313476,183.374450,0.000000,0.000000
47,19:38:25.409524,67.745643,2.660425,0.066379,22,1176,0,0,0,183.374450,0.000000,0.000000
48,19:38:25.489654,67.825773,2.740555,0.080130,22,1221,0,0,0,183.374450,0.000000,0.000000
49,19:38:25.598424,67.934543,2.849325,0.108770,22,1276,0,0,0,183.374450,0.000000,0.000000
50,19:38:25.652632,67.988751,2.903533,0.054208,22,1306,3,0,0,183.410294,0.035844,0.035844
51,19:38:25.731402,68.067521,2.982303,0.078770,22,1325,3,0,0,183.456099,0.045805,0.081649
52,19:38:25.776198,68.112317,3.027099,0.044796,22,1339,3,0,0,183.486611,0.030513,0.112162
53,19:38:25.853314,68.189433,3.104215,0.077116,22,1349,3,0,0,183.514963,0.028352,0.140513
54,19:38:25.909757,68.245876,3.160658,0.056443,22,1360,3,0,0,183.545511,0.030547,0.171061
55,19:38:25.980919,68.317038,3.231820,0.071162,21,1365,3,0,0,183.578663,0.033152,0.204213
56,19:38:26.062636,68.398755,3.313537,0.081717,21,1370,5,0,0,183.651680,0.073017,0.277230
57,19:38:26.160403,68.496522,3.411304,0.097767,21,1371,5,0,0,183.720001,0.068321,0.345552
58,19:38:26.274882,68.611001,3.525783,0.114479,21,1372,5,0,0,183.833218,0.113216,0.458768
59,19:38:26.304222,68.640341,3.555123,0.029340,21,1371,5,0,0,183.894474,0.061256,0.520024
60,19:38:26.346266,68.682385,3.597167,0.042044,21,1370,5,41.999859461,-93.633110821,183.924448,0.029974,0.549998
61,19:38:26.414541,68.750660,3.665442,0.068275,21,1370,5,0,0,183.974655,0.050207,0.600205
62,19:38:26.445038,68.781157,3.695939,0.030497,21,1368,5,0,0,184.014953,0.040299,0.640503
63,19:38:26.499505,68.835624,3.750406,0.054467,21,1369,5,0,0,184.043507,0.028554,0.669057
64,19:38:26.537529,68.873648,3.788430,0.038024,21,1366,7,0,0,184.110308,0.066801,0.735859
65,19:38:26.569635,68.905754,3.820536,0.032106,20,1371,7,0,0,184.161206,0.050898,0.786756
66,19:38:26.626601,68.962720,3.877502,0.056966,20,1373,7,0,0,184.217182,0.055976,0.842732
67,19:38:26.665756,69.001875,3.916657,0.039155,20,1378,7,0,0,184.262969,0.045787,0.888519
68,19:38:26.752064,69.088183,4.002965,0.086308,20,1381,7,0,0,184.339463,0.076494,0.965013
69,19:38:26.794535,69.130654,4.045436,0.042471,19,1376,7,0,0,184.416246,0.076783,1.041796
70,19:38:26.829629,69.165748,4.080530,0.035094,19,1362,7,0,0,184.476700,0.060455,1.102250
71,19:38:26.874774,69.210893,4.125675,0.045145,19,1332,7,0,0,184.532672,0.055972,1.158223
72,19:38:26.946987,69.283106,4.197888,0.072213,19,1298,7,0,0,184.598837,0.066164,1.224387
73,19:38:27.001275,69.337394,4.252176,0.054288,19,1288,10,0,0,184.708639,0.109803,1.334189
74,19:38:27.077274,69.413393,4.328175,0.075999,19,1290,10,0,0,184.860136,0.151496,1.485686
75,19:38:27.129992,69.466111,4.380893,0.052718,19,1304,10,0,0,184.954682,0.094547,1.580233
76,19:38:27.179428,69.515547,4.430329,0.049436,19,1313,10,0,0,185.035046,0.080363,1.660596
77,19:38:27.216771,69.552890,4.467672,0.037343,19,1320,10,0,0,185.100038,0.064992,1.725588
78,19:38:27.270504,69.606623,4.521405,0.053733,19,1330,10,0,0,185.202243,0.102204,1.827793
79,19:38:27.314204,69.650323,4.565105,0.043700,19,1338,10,0,0,185.281774,0.079531,1.907324
80,19:38:27.371143,69.707262,4.622044,0.056939,19,1347,10,41.999854585,-93.6330745,185.376278,0.094504,2.001828
81,19:38:27.410759,69.746878,4.661660,0.039616,19,1351,10,0,0,185.441716,0.065438,2.067266
82,19:38:27.465895,69.802014,4.716796,0.055136,20,1355,13,0,0,185.558932,0.117216,2.184482
83,19:38:27.524682,69.860801,4.775583,0.058787,20,1363,13,0,0,185.662343,0.103411,2.287893
84,19:38:27.557591,69.893710,4.808492,0.032909,20,1388,13,0,0,185.785175,0.122832,2.410726
85,19:38:27.600606,69.936725,4.851507,0.043015,20,1401,13,0,0,185.870568,0.085393,2.496118
86,19:38:27.674479,70.010598,4.925380,0.073873,20,1420,13,0,0,186.059282,0.188713,2.684832
87,19:38:27.710481,70.046600,4.961382,0.036002,21,1442,13,0,0,186.134883,0.075601,2.760433
88,19:38:27.803779,70.139898,5.054680,0.093298,21,1449,13,0,0,186.304953,0.170070,2.930504
89,19:38:27.846018,70.182137,5.096919,0.042239,21,1461,13,0,0,186.437270,0.132316,3.062820
90,19:38:27.872541,70.208660,5.123442,0.026523,21,1454,13,0,0,186.522340,0.085070,3.147890
91,19:38:27.933625,70.269744,5.184526,0.061084,21,1416,13,0,0,186.645740,0.123400,3.271290
92,19:38:27.976633,70.312752,5.227534,0.043008,21,1386,13,0,0,186.730221,0.084481,3.355771
93,19:38:28.015474,70.351593,5.266375,0.038841,20,1340,13,0,0,186.834204,0.103983,3.459754
94,19:38:28.052873,70.388992,5.303774,0.037399,19,1301,13,0,0,186.928684,0.094480,3.554234
95,19:38:28.111668,70.447787,5.362569,0.058795,19,1263,13,0,0,187.042113,0.113429,3.667663
96,19:38:28.153380,70.489499,5.404281,0.041712,20,1216,13,0,0,187.164970,0.122858,3.790520
97,19:38:28.216236,70.552355,5.467137,0.062856,20,1188,13,0,0,187.250013,0.085042,3.875563
98,19:38:28.268002,70.604121,5.518903,0.051766,20,1184,13,0,0,187.391763,0.141750,4.017313
99,19:38:28.306155,70.642274,5.557056,0.038153,20,1179,13,0,0,187.515179,0.123416,4.140729
100,19:38:28.355066,70.691185,5.605967,0.048911,21,1172,13,41.999837541,-93.63303935,187.618597,0.103418,4.244147
101,19:38:28.405605,70.741724,5.656506,0.050539,21,1172,13,0,0,187.722527,0.103930,4.348077
102,19:38:28.442527,70.778646,5.693428,0.036922,21,1177,13,0,0,187.827050,0.104523,4.452600
103,19:38:28.475291,70.811410,5.726192,0.032764,21,1184,13,0,0,187.902088,0.075038,4.527638
104,19:38:28.526724,70.862843,5.777625,0.051433,21,1199,13,0,0,188.024969,0.122881,4.650519
105,19:38:28.587516,70.923635,5.838417,0.060792,21,1208,13,0,0,188.100556,0.075587,4.726107
106,19:38:28.619889,70.956008,5.870790,0.032373,22,1223,13,0,0,188.242312,0.141755,4.867862
107,19:38:28.650501,70.986620,5.901402,0.030612,22,1234,13,0,0,188.308465,0.066153,4.934015
108,19:38:28.704879,71.040998,5.955780,0.054378,22,1248,13,0,0,188.386704,0.078239,5.012254
109,19:38:28.779970,71.116089,6.030871,0.075091,23,1288,13,0,0,188.610878,0.224174,5.236428
110,19:38:28.827031,71.163150,6.077932,0.047061,24,1320,13,0,0,188.706475,0.095597,5.332025
111,19:38:28.875250,71.211369,6.126151,0.048219,24,1356,15,0,0,188.842899,0.136425,5.468449
112,19:38:28.927430,71.263549,6.178331,0.052180,24,1407,15,0,0,188.973799,0.130900,5.599349
113,19:38:28.957030,71.293149,6.207931,0.029600,25,1455,15,0,0,189.060984,0.087185,5.686534
114,19:38:28.993271,71.329390,6.244172,0.036241,25,1497,15,0,0,189.159591,0.098607,5.785141
115,19:38:29.031085,71.367204,6.281986,0.037814,25,1533,15,0,0,189.246421,0.086830,5.871971
116,19:38:29.072644,71.408763,6.323545,0.041559,25,1574,15,0,0,189.334255,0.087834,5.959805
117,19:38:29.117288,71.453407,6.368189,0.044644,25,1612,15,0,0,189.442646,0.108390,6.068196
118,19:38:29.159326,71.495445,6.410227,0.042038,25,1658,15,0,0,189.585056,0.142411,6.210606
119,19:38:29.235519,71.571638,6.486420,0.076193,25,1673,15,0,0,189.769717,0.184661,6.395267
120,19:38:29.303405,71.639524,6.554306,0.067886,25,1702,15,0,0,189.878781,0.109064,6.504331
121,19:38:29.384844,71.720963,6.635745,0.081439,25,1714,15,41.999807967,-93.633013019,190.119077,0.240296,6.744627
122,19:38:29.443204,71.779323,6.694105,0.058360,25,1727,15,0,0,190.304690,0.185613,6.930240
123,19:38:29.482770,71.818889,6.733671,0.039566,25,1726,15,0,0,190.467703,0.163012,7.093253
124,19:38:29.523258,71.859377,6.774159,0.040488,25,1731,15,0,0,190.554892,0.087190,7.180442
125,19:38:29.555136,71.891255,6.806037,0.031878,25,1732,15,0,0,190.663969,0.109077,7.289520
126,19:38:29.593335,71.929454,6.844236,0.038199,25,1732,15,0,0,190.751191,0.087221,7.376741
127,19:38:29.646996,71.983115,6.897897,0.053661,25,1732,15,0,0,190.871483,0.120293,7.497034
128,19:38:29.681585,72.017704,6.932486,0.034589,25,1736,15,0,0,190.991075,0.119592,7.616625
129,19:38:29.725326,72.061445,6.976227,0.043741,25,1736,15,0,0,191.056522,0.065446,7.682072
130,19:38:29.786243,72.122362,7.037144,0.060917,25,1738,15,0,0,191.252809,0.196288,7.878360
131,19:38:29.837650,72.173769,7.088551,0.051407,25,1736,17,0,0,191.375950,0.123140,8.001500
132,19:38:29.875894,72.212013,7.126795,0.038244,25,1748,17,0,0,191.546668,0.170719,8.172218
133,19:38:29.930996,72.267115,7.181897,0.055102,25,1754,17,0,0,191.647730,0.101062,8.273280
134,19:38:29.969279,72.305398,7.220180,0.038283,25,1754,17,0,0,191.818027,0.170296,8.443577
135,19:38:30.028922,72.365041,7.279823,0.059643,25,1758,17,0,0,192.003405,0.185378,8.628955
136,19:38:30.060469,72.396588,7.311370,0.031547,25,1764,17,0,0,192.089925,0.086521,8.715476
137,19:38:30.113654,72.449773,7.364555,0.053185,25,1761,17,0,0,192.250637,0.160712,8.876187
138,19:38:30.170901,72.507020,7.421802,0.057247,25,1764,17,0,0,192.435963,0.185326,9.061513
139,19:38:30.234135,72.570254,7.485036,0.063234,25,1769,17,0,0,192.621336,0.185372,9.246886
140,19:38:30.284672,72.620791,7.535573,0.050537,25,1773,19,0,0,192.756276,0.134940,9.381826
141,19:38:30.316518,72.652637,7.567419,0.031846,25,1770,19,0,0,192.894399,0.138123,9.519949
142,19:38:30.370402,72.706521,7.621303,0.053884,25,1772,19,41.99976555,-93.632992081,193.018749,0.124350,9.644299
143,19:38:30.397468,72.733587,7.648369,0.027066,25,1773,19,0,0,193.156869,0.138120,9.782419
144,19:38:30.470766,72.806885,7.721667,0.073298,25,1772,19,0,0,193.338508,0.181638,9.964058
145,19:38:30.520236,72.856355,7.771137,0.049470,25,1776,19,0,0,193.543708,0.205201,10.169258
146,19:38:30.593518,72.929637,7.844419,0.073282,25,1780,19,0,0,193.833680,0.289972,10.459230
147,19:38:30.645172,72.981291,7.896073,0.051654,25,1783,19,0,0,193.971759,0.138079,10.597309
148,19:38:30.707380,73.043499,7.958281,0.062208,25,1789,19,0,0,194.178943,0.207184,10.804493
149,19:38:30.752202,73.088321,8.003103,0.044822,25,1799,21,0,0,194.373293,0.194350,10.998843
150,19:38:30.788406,73.124525,8.039307,0.036204,25,1802,21,0,0,194.480190,0.106897,11.105740
151,19:38:30.832754,73.168873,8.083655,0.044348,25,1808,21,0,0,194.648108,0.167917,11.273658
152,19:38:30.959464,73.295583,8.210365,0.126710,25,1813,21,0,0,195.060289,0.412182,11.685839
153,19:38:31.020025,73.356144,8.270926,0.060561,25,1831,21,0,0,195.274021,0.213732,11.899571
154,19:38:31.055556,73.391675,8.306457,0.035531,25,1839,21,0,0,195.493484,0.219463,12.119035
155,19:38:31.093201,73.429320,8.344102,0.037645,25,1839,21,0,0,195.641232,0.147747,12.266782
156,19:38:31.139523,73.475642,8.390424,0.046322,25,1841,21,0,0,195.777794,0.136562,12.403344
157,19:38:31.220236,73.556355,8.471137,0.080713,25,1853,23,0,0,196.073104,0.295310,12.698654
158,19:38:31.301774,73.637893,8.552675,0.081538,25,1858,23,0,0,196.357348,0.284244,12.982898
159,19:38:31.351155,73.687274,8.602056,0.049381,25,1866,23,41.999711227,-93.632971698,196.676000,0.318652,13.301550
160,19:38:31.417017,73.753136,8.667918,0.065862,25,1863,23,0,0,196.943819,0.267819,13.569369
161,19:38:31.492644,73.828763,8.743545,0.075627,25,1868,23,0,0,197.130348,0.186529,13.755898
162,19:38:31.534931,73.871050,8.785832,0.042287,25,1876,23,0,0,197.410715,0.280367,14.036265
163,19:38:31.621945,73.958064,8.872846,0.087014,25,1873,23,0,0,197.661528,0.250813,14.287078
164,19:38:31.677495,74.013614,8.928396,0.055550,25,1880,23,0,0,197.945763,0.284235,14.571314
165,19:38:31.718112,74.054231,8.969013,0.040617,25,1884,23,0,0,198.180417,0.234654,14.805967
166,19:38:31.748821,74.084940,8.999722,0.030709,25,1881,23,0,0,198.296875,0.116458,14.922425
167,19:38:31.796087,74.132206,9.046988,0.047266,25,1880,23,0,0,198.497487,0.200612,15.123037
168,19:38:31.933079,74.269198,9.183980,0.136992,25,1881,23,0,0,199.032524,0.535037,15.658074
169,19:38:31.984682,74.320801,9.235583,0.051603,25,1886,23,0,0,199.183020,0.150496,15.808570
170,19:38:32.032338,74.368457,9.283239,0.047656,25,1885,23,0,0,199.417130,0.234111,16.042681
171,19:38:32.078437,74.414556,9.329338,0.046099,24,1885,23,0,0,199.651168,0.234038,16.276718
172,19:38:32.148491,74.484610,9.399392,0.070054,24,1886,25,0,0,199.936903,0.285735,16.562453
173,19:38:32.191635,74.527754,9.442536,0.043144,24,1888,25,0,0,200.137874,0.200971,16.763424
174,19:38:32.257903,74.594022,9.508804,0.066268,24,1890,25,0,0,200.373082,0.235208,16.998632
175,19:38:32.316077,74.652196,9.566978,0.058174,24,1888,25,0,0,200.591169,0.218087,17.216719
176,19:38:32.356255,74.692374,9.607156,0.040178,24,1884,25,41.999647612,-93.632950703,200.845607,0.254438,17.471157
177,19:38:32.413646,74.749765,9.664547,0.057391,24,1884,25,0,0,201.118346,0.272740,17.743897
178,19:38:32.455205,74.791324,9.706106,0.041559,24,1878,25,0,0,201.281782,0.163435,17.907332
179,19:38:32.488640,74.824759,9.739541,0.033435,24,1878,25,0,0,201.446309,0.164528,18.071860
180,19:38:32.542244,74.878363,9.793145,0.053604,24,1876,25,0,0,201.681602,0.235292,18.307152
181,19:38:32.571480,74.907599,9.822381,0.029236,24,1876,25,0,0,201.827021,0.145419,18.452571
182,19:38:32.607504,74.943623,9.858405,0.036024,24,1881,25,0,0,201.990576,0.163556,18.616127
183,19:38:32.652890,74.989009,9.903791,0.045386,24,1877,27,0,0,202.184865,0.194289,18.810416
184,19:38:32.707555,75.043674,9.958456,0.054665,24,1881,27,0,0,202.360298,0.175433,18.985848
185,19:38:32.746910,75.083029,9.997811,0.039355,24,1888,27,0,0,202.615540,0.255242,19.241090
186,19:38:32.806981,75.143100,10.057882,0.060071,24,1888,27,0,0,202.831391,0.215850,19.456941
187,19:38:32.842147,75.178266,10.093048,0.035166,24,1886,27,0,0,203.106825,0.275435,19.732375
188,19:38:32.916210,75.252329,10.167111,0.074063,24,1889,27,0,0,203.459482,0.352657,20.085032
189,19:38:32.974700,75.310819,10.225601,0.058490,24,1888,27,0,0,203.738175,0.278693,20.363725
190,19:38:33.031642,75.367761,10.282543,0.056942,24,1876,27,0,0,204.009709,0.271534,20.635259
191,19:38:33.074169,75.410288,10.325070,0.042527,24,1850,27,0,0,204.225014,0.215304,20.850564
192,19:38:33.143602,75.479721,10.394503,0.069433,24,1824,29,0,0,204.453422,0.228408,21.078972
193,19:38:33.193684,75.529803,10.444585,0.050082,24,1782,29,0,0,204.790684,0.337262,21.416234
194,19:38:33.234056,75.570175,10.484957,0.040372,24,1760,29,0,0,204.980434,0.189750,21.605985
195,19:38:33.321185,75.657304,10.572086,0.087129,24,1740,29,0,0,205.359997,0.379562,21.985547
196,19:38:33.363139,75.699258,10.614040,0.041954,24,1718,29,41.99957676,-93.632930274,205.697249,0.337252,22.322799
197,19:38:33.423979,75.760098,10.674880,0.060840,24,1711,29,0,0,205.930972,0.233723,22.556522
198,19:38:33.466715,75.802834,10.717616,0.042736,24,1711,29,0,0,206.203186,0.272214,22.828736
199,19:38:33.511265,75.847384,10.762166,0.044550,24,1714,29,0,0,206.458833,0.255646,23.084383
200,19:38:33.559693,75.895812,10.810594,0.048428,24,1715,29,0,0,206.624863,0.166030,23.250413
201,19:38:33.595567,75.931686,10.846468,0.035874,25,1722,29,0,0,206.900767,0.275904,23.526317
202,19:38:33.627568,75.963687,10.878469,0.032001,25,1724,29,0,0,207.067424,0.166657,23.692974
203,19:38:33.679154,76.015273,10.930055,0.051586,24,1731,29,0,0,207.278363,0.210939,23.903913
204,19:38:33.721143,76.057262,10.972044,0.041989,24,1736,29,0,0,207.510722,0.232358,24.136272
205,19:38:33.771791,76.107910,11.022692,0.050648,24,1738,29,0,0,207.806672,0.295950,24.432222
206,19:38:33.821249,76.157368,11.072150,0.049458,24,1738,29,0,0,208.058398,0.251726,24.683948
207,19:38:33.862846,76.198965,11.113747,0.041597,24,1739,29,0,0,208.291513,0.233115,24.917063
208,19:38:33.894020,76.230139,11.144921,0.031174,25,1740,29,0,0,208.437878,0.146365,25.063428
209,19:38:33.935842,76.271961,11.186743,0.041822,25,1743,29,0,0,208.648688,0.210810,25.274238
210,19:38:33.972048,76.308167,11.222949,0.036206,25,1744,29,0,0,208.839122,0.190434,25.464672
211,19:38:34.033222,76.369341,11.284123,0.061174,25,1748,29,0,0,209.007158,0.168037,25.632709
212,19:38:34.110649,76.446768,11.361550,0.077427,25,1760,29,0,0,209.534125,0.526966,26.159675
213,19:38:34.185027,76.521146,11.435928,0.074378,25,1771,29,0,0,209.746170,0.212046,26.371720
214,19:38:34.239028,76.575147,11.489929,0.054001,25,1784,29,0,0,210.124415,0.378244,26.749965
215,19:38:34.269689,76.605808,11.520590,0.030661,25,1786,29,0,0,210.378729,0.254314,27.004279
216,19:38:34.327027,76.663146,11.577928,0.057338,25,1790,29,0,0,210.588279,0.209550,27.213829
217,19:38:34.387293,76.723412,11.638194,0.060266,25,1796,29,41.999499877,-93.632910367,210.821430,0.233151,27.446980
218,19:38:34.439652,76.775771,11.690553,0.052359,25,1802,29,0,0,211.241768,0.420338,27.867318
219,19:38:34.540290,76.876409,11.791191,0.100638,25,1808,31,0,0,211.624882,0.383114,28.250432
220,19:38:34.608538,76.944657,11.859439,0.068248,25,1812,31,0,0,211.980067,0.355185,28.605617
221,19:38:34.692339,77.028458,11.943240,0.083801,26,1818,31,0,0,212.543436,0.563369,29.168986
222,19:38:34.728489,77.064608,11.979390,0.036150,26,1830,31,0,0,212.836443,0.293007,29.461993
223,19:38:34.770642,77.106761,12.021543,0.042153,26,1840,31,0,0,213.039190,0.202747,29.664741
224,19:38:34.846198,77.182317,12.097099,0.075556,26,1848,31,0,0,213.287194,0.248004,29.912745
225,19:38:34.917641,77.253760,12.168542,0.071443,26,1857,31,0,0,213.806772,0.519577,30.432322
226,19:38:34.970627,77.306746,12.221528,0.052986,26,1858,31,0,0,214.143445,0.336673,30.768995
227,19:38:35.037270,77.373389,12.288171,0.066643,26,1866,33,0,0,214.498526,0.355081,31.124076
228,19:38:35.066201,77.402320,12.317102,0.028931,27,1872,33,0,0,214.714425,0.215899,31.339976
229,19:38:35.126014,77.462133,12.376915,0.059813,27,1869,33,0,0,215.002330,0.287905,31.627880
230,19:38:35.161568,77.497687,12.412469,0.035554,26,1877,33,0,0,215.267792,0.265462,31.893342
231,19:38:35.224913,77.561032,12.475814,0.063345,26,1886,33,0,0,215.602110,0.334317,32.227660
232,19:38:35.301153,77.637272,12.552054,0.076240,27,1890,33,0,0,216.083266,0.481156,32.708816
233,19:38:35.368605,77.704724,12.619506,0.067452,27,1890,33,41.999416815,-93.632892044,216.516558,0.433292,33.142108
234,19:38:35.414838,77.750957,12.665739,0.046233,26,1898,33,0,0,216.754975,0.238417,33.380525
235,19:38:35.494771,77.830890,12.745672,0.079933,26,1898,33,0,0,217.185362,0.430387,33.810912
236,19:38:35.523645,77.859764,12.774546,0.028874,26,1896,33,0,0,217.353308,0.167946,33.978858
237,19:38:35.596649,77.932768,12.847550,0.073004,26,1895,33,0,0,217.785124,0.431816,34.410675
238,19:38:35.661986,77.998105,12.912887,0.065337,26,1894,33,0,0,218.025036,0.239911,34.650586
239,19:38:35.724267,78.060386,12.975168,0.062281,26,1884,33,0,0,218.552810,0.527774,35.178360
240,19:38:35.788761,78.124880,13.039662,0.064494,25,1881,33,0,0,218.936626,0.383816,35.562176
241,19:38:35.832147,78.168266,13.083048,0.043386,25,1880,33,0,0,219.200601,0.263975,35.826151
242,19:38:35.881080,78.217199,13.131981,0.048933,25,1876,33,0,0,219.417501,0.216900,36.043051
243,19:38:35.917034,78.253153,13.167935,0.035954,25,1870,35,0,0,219.717903,0.300402,36.343453
244,19:38:35.967973,78.304092,13.218874,0.050939,25,1870,35,0,0,220.024777,0.306874,36.650327
245,19:38:36.060204,78.396323,13.311105,0.092231,25,1868,35,0,0,220.455782,0.431005,37.081332
246,19:38:36.129352,78.465471,13.380253,0.069148,25,1873,35,0,0,220.812044,0.356261,37.437594
247,19:38:36.164996,78.501115,13.415897,0.035644,25,1875,35,0,0,221.244515,0.432471,37.870065
248,19:38:36.244705,78.580824,13.495606,0.079709,25,1877,35,0,0,221.705252,0.460737,38.330802
249,19:38:36.280927,78.617046,13.531828,0.036222,25,1873,35,0,0,221.957082,0.251830,38.582632
250,19:38:36.404447,78.740566,13.655348,0.123520,25,1876,35,41.999327505,-93.632875034,222.160593,0.203511,38.786143
251,19:38:37.227251,79.563370,14.478152,0.822804,25,1864,37,0,0,227.237494,5.076901,43.863044
252,19:38:37.276557,79.612676,14.527458,0.049306,24,1824,37,0,0,228.395065,1.157571,45.020615
253,19:38:37.353135,79.689254,14.604036,0.076578,24,1826,39,41.999232745,-93.632863564,228.926792,0.531727,45.552342
254,19:38:37.406680,79.742799,14.657581,0.053545,24,1822,39,0,0,229.295628,0.368837,45.921179
255,19:38:37.453196,79.789315,14.704097,0.046516,24,1824,39,0,0,229.670015,0.374386,46.295565
256,19:38:37.538254,79.874373,14.789155,0.085058,24,1822,39,0,0,230.032512,0.362497,46.658062
257,19:38:37.624709,79.960828,14.875610,0.086455,24,1826,39,0,0,230.741301,0.708789,47.366851
258,19:38:37.716425,80.052544,14.967326,0.091716,24,1823,39,0,0,231.366730,0.625429,47.992280
259,19:38:37.782948,80.119067,15.033849,0.066523,24,1818,39,0,0,231.932164,0.565434,48.557714
260,19:38:37.884134,80.220253,15.135035,0.101186,24,1818,39,0,0,232.245616,0.313452,48.871166
261,19:38:37.970294,80.306413,15.221195,0.086160,25,1825,39,0,0,232.981102,0.735485,49.606652
262,19:38:38.068317,80.404436,15.319218,0.098023,25,1827,39,0,0,233.859995,0.878893,50.485545
263,19:38:38.116719,80.452838,15.367620,0.048402,25,1822,39,0,0,234.143505,0.283510,50.769055
264,19:38:38.167952,80.504071,15.418853,0.051233,24,1810,39,0,0,234.548353,0.404848,51.173903
265,19:38:38.247024,80.583143,15.497925,0.079072,24,1790,39,0,0,235.079119,0.530766,51.704669
266,19:38:38.291428,80.627547,15.542329,0.044404,24,1782,39,0,0,235.362608,0.283489,51.988158
267,19:38:38.337938,80.674057,15.588839,0.046510,24,1784,39,41.999132906,-93.632857819,235.761185,0.398578,52.386735
268,19:38:38.404189,80.740308,15.655090,0.066251,24,1790,39,0,0,236.133454,0.372269,52.759004
269,19:38:38.487672,80.823791,15.738573,0.083483,24,1795,39,41.999133,-93.632857833,236.725128,0.591673,53.350678
270,19:38:38.562660,80.898779,15.813561,0.074988,24,1800,39,0,0,237.206615,0.481487,53.832165
271,19:38:38.597673,80.933792,15.848574,0.035013,24,1805,39,0,0,237.574052,0.367437,54.199602
272,19:38:38.633524,80.969643,15.884425,0.035851,24,1810,39,0,0,237.857618,0.283566,54.483168
273,19:38:38.674689,81.010808,15.925590,0.041165,24,1810,39,0,0,238.114432,0.256814,54.739982
274,19:38:38.739535,81.075654,15.990436,0.064846,24,1813,39,0,0,238.482922,0.368490,55.108472
275,19:38:38.800804,81.136923,16.051705,0.061269,24,1817,41,0,0,239.013818,0.530896,55.639368
276,19:38:38.913940,81.250059,16.164841,0.113136,24,1817,41,0,0,239.727516,0.713698,56.353066
277,19:38:39.014717,81.350836,16.265618,0.100777,23,1813,41,0,0,240.387294,0.659779,57.012844
278,19:38:39.134259,81.470378,16.385160,0.119542,23,1795,41,0,0,241.277215,0.889921,57.902765
279,19:38:39.201450,81.537569,16.452351,0.067191,23,1784,41,0,0,241.813706,0.536491,58.439256
280,19:38:39.248840,81.584959,16.499741,0.047390,23,1776,40,0,0,242.253245,0.439539,58.878795
281,19:38:39.303449,81.639568,16.554350,0.054609,22,1770,40,0,0,242.603108,0.349862,59.228658
282,19:38:39.355367,81.691486,16.606268,0.051918,22,1762,40,41.999028517,-93.632858615,242.950203,0.347095,59.575753
283,19:38:39.400057,81.736176,16.650958,0.044690,22,1757,40,0,0,243.211848,0.261645,59.837398
284,19:38:39.472679,81.808798,16.723580,0.072622,22,1745,40,0,0,243.764416,0.552569,60.389966
285,19:38:39.534628,81.870747,16.785529,0.061949,22,1730,40,0,0,244.261045,0.496629,60.886595
286,19:38:39.577222,81.913341,16.828123,0.042594,21,1720,40,0,0,244.578588,0.317543,61.204138
287,19:38:39.643735,81.979854,16.894636,0.066513,21,1701,40,0,0,244.873505,0.294918,61.499055
288,19:38:39.719034,82.055153,16.969935,0.075299,20,1681,40,0,0,245.452106,0.578601,62.077656
289,19:38:39.820665,82.156784,17.071566,0.101631,18,1627,40,0,0,246.032472,0.580366,62.658022
290,19:38:39.911240,82.247359,17.162141,0.090575,18,1588,40,0,0,246.643200,0.610729,63.268751
291,19:38:39.977434,82.313553,17.228335,0.066194,18,1545,40,0,0,247.399205,0.756004,64.024755
292,19:38:40.021926,82.358045,17.272827,0.044492,18,1526,40,0,0,247.695492,0.296287,64.321042
293,19:38:40.110070,82.446189,17.360971,0.088144,18,1504,40,0,0,248.213412,0.517920,64.838962
294,19:38:40.155380,82.491499,17.406281,0.045310,18,1462,43,0,0,248.705958,0.492546,65.331508
295,19:38:40.202823,82.538942,17.453724,0.047443,18,1430,43,0,0,249.080991,0.375034,65.706542
296,19:38:40.235563,82.571682,17.486464,0.032740,18,1434,43,0,0,249.364207,0.283215,65.989757
297,19:38:40.271450,82.607569,17.522351,0.035887,18,1439,43,0,0,249.644973,0.280766,66.270523
298,19:38:40.308024,82.644143,17.558925,0.036574,18,1441,43,0,0,249.862539,0.217565,66.488089
299,19:38:40.361791,82.697910,17.612692,0.053767,18,1436,43,41.998922418,-93.632869203,250.143946,0.281407,66.769496
300,19:38:40.404501,82.740620,17.655402,0.042710,18,1428,43,0,0,250.581440,0.437494,67.206990
301,19:38:40.442037,82.778156,17.692938,0.037536,18,1433,43,41.9989225,-93.632869167,250.894037,0.312597,67.519587
302,19:38:40.500767,82.836886,17.751668,0.058730,18,1431,43,0,0,251.302288,0.408251,67.927838
303,19:38:40.530087,82.866206,17.780988,0.029320,18,1433,43,0,0,251.613182,0.310894,68.238732
304,19:38:40.570809,82.906928,17.821710,0.040722,18,1422,43,0,0,251.864110,0.250928,68.489660
305,19:38:40.614338,82.950457,17.865239,0.043529,18,1422,43,0,0,252.144472,0.280363,68.770022
306,19:38:40.650357,82.986476,17.901258,0.036019,18,1419,43,0,0,252.429245,0.284773,69.054795
307,19:38:40.692625,83.028744,17.943526,0.042268,18,1417,43,0,0,252.800920,0.371675,69.426470
308,19:38:40.732428,83.068547,17.983329,0.039803,18,1411,43,0,0,253.144720,0.343800,69.770270
309,19:38:40.769299,83.105418,18.020200,0.036871,18,1404,43,0,0,253.394862,0.250142,70.020413
310,19:38:40.815221,83.151340,18.066122,0.045922,18,1407,43,0,0,253.707474,0.312612,70.333024
311,19:38:40.860843,83.196962,18.111744,0.045622,18,1422,43,0,0,254.113773,0.406299,70.739323
312,19:38:40.877307,83.213426,18.128208,0.016464,18,1433,43,0,0,254.270113,0.156340,70.895663
313,19:38:40.926694,83.262813,18.177595,0.049387,18,1429,43,0,0,254.613920,0.343807,71.239470
314,19:38:40.981411,83.317530,18.232312,0.054717,18,1423,43,0,0,254.989062,0.375141,71.614612
315,19:38:41.018682,83.354801,18.269583,0.037271,18,1408,43,0,0,255.301657,0.312595,71.927207
316,19:38:41.062099,83.398218,18.313000,0.043417,18,1402,43,0,0,255.645440,0.343784,72.270990
317,19:38:41.095390,83.431509,18.346291,0.033291,18,1401,41,0,0,255.917451,0.272010,72.543001
318,19:38:41.150643,83.486762,18.401544,0.055253,18,1422,41,0,0,256.156002,0.238551,72.781552
319,19:38:41.211043,83.547162,18.461944,0.060400,18,1408,41,0,0,256.572355,0.416353,73.197905
320,19:38:41.254628,83.590747,18.505529,0.043585,18,1393,41,0,0,257.053308,0.480953,73.678858
321,19:38:41.287449,83.623568,18.538350,0.032821,18,1405,41,0,0,257.257697,0.204389,73.883247
322,19:38:41.312325,83.648444,18.563226,0.024876,18,1414,41,0,0,257.466312,0.208615,74.091862
323,19:38:41.336476,83.672595,18.587377,0.024151,18,1408,41,0,0,257.645192,0.178879,74.270742
324,19:38:41.367588,83.703707,18.618489,0.031112,18,1405,41,41.998817309,-93.632887425,257.853948,0.208756,74.479498
325,19:38:41.409389,83.745508,18.660290,0.041801,18,1393,41,0,0,258.181793,0.327846,74.807343
326,19:38:41.462422,83.798541,18.713323,0.053033,18,1403,41,0,0,258.569331,0.387538,75.194882
327,19:38:41.509896,83.846015,18.760797,0.047474,18,1407,41,0,0,258.868239,0.298908,75.493789
328,19:38:41.623118,83.959237,18.874019,0.113222,18,1385,41,0,0,259.642417,0.774178,76.267967
329,19:38:41.714734,84.050853,18.965635,0.091616,18,1374,41,0,0,260.122256,0.479839,76.747806
330,19:38:41.785709,84.121828,19.036610,0.070975,18,1378,41,0,0,260.836367,0.714110,77.461917
331,19:38:41.857049,84.193168,19.107950,0.071340,18,1378,41,0,0,261.400806,0.564440,78.026356
332,19:38:41.960268,84.296387,19.211169,0.103219,18,1370,41,0,0,262.086307,0.685500,78.711857
333,19:38:42.009065,84.345184,19.259966,0.048797,18,1366,41,0,0,262.503557,0.417250,79.129107
334,19:38:42.125170,84.461289,19.376071,0.116105,18,1361,41,0,0,263.129618,0.626061,79.755168
335,19:38:42.178420,84.514539,19.429321,0.053250,18,1352,41,0,0,263.757185,0.627567,80.382735
336,19:38:42.236063,84.572182,19.486964,0.057643,18,1348,41,0,0,264.144711,0.387526,80.770261
337,19:38:42.278099,84.614218,19.529000,0.042036,18,1345,41,0,0,264.382301,0.237590,81.007851
338,19:38:42.357503,84.693622,19.608404,0.079404,18,1339,41,41.998716034,-93.632911727,264.858247,0.475946,81.483797
339,19:38:42.437110,84.773229,19.688011,0.079607,18,1328,41,0,0,265.603428,0.745181,82.228978
340,19:38:42.501696,84.837815,19.752597,0.064586,18,1322,41,0,0,265.994468,0.391041,82.620018
341,19:38:42.582917,84.919036,19.833818,0.081221,18,1313,40,0,0,266.575626,0.581158,83.201176
342,19:38:42.669455,85.005574,19.920356,0.086538,18,1302,40,0,0,267.302561,0.726934,83.928111
343,19:38:42.719782,85.055901,19.970683,0.050327,18,1297,40,0,0,267.622546,0.319985,84.248096
344,19:38:42.785350,85.121469,20.036251,0.065568,18,1293,40,0,0,268.092724,0.470179,84.718274
345,19:38:42.839304,85.175423,20.090205,0.053954,18,1289,40,0,0,268.494791,0.402067,85.120341
346,19:38:42.891782,85.227901,20.142683,0.052478,18,1288,40,0,0,268.785570,0.290779,85.411120
347,19:38:42.941786,85.277905,20.192687,0.050004,18,1284,40,0,0,269.192664,0.407093,85.818214
348,19:38:42.999316,85.335435,20.250217,0.057530,18,1280,39,0,0,269.537310,0.344647,86.162860
349,19:38:43.049820,85.385939,20.300721,0.050504,18,1276,39,0,0,269.961744,0.424434,86.587294
350,19:38:43.111680,85.447799,20.362581,0.061860,18,1271,39,0,0,270.333509,0.371764,86.959059
351,19:38:43.211405,85.547524,20.462306,0.099725,18,1258,39,0,0,271.094131,0.760622,87.719681
352,19:38:43.251862,85.587981,20.502763,0.040457,18,1250,39,0,0,271.351029,0.256898,87.976579
353,19:38:43.324488,85.660607,20.575389,0.072626,18,1245,39,0,0,271.831380,0.480352,88.456931
354,19:38:43.436212,85.772331,20.687113,0.111724,18,1242,39,41.998619279,-93.63293954,272.426688,0.595307,89.052238
355,19:38:43.477798,85.813917,20.728699,0.041586,18,1239,39,0,0,272.938656,0.511969,89.564206
356,19:38:43.528085,85.864204,20.778986,0.050287,18,1238,39,0,0,273.248855,0.310198,89.874405
357,19:38:43.564004,85.900123,20.814905,0.035919,18,1233,39,0,0,273.504058,0.255203,90.129608
358,19:38:43.608655,85.944774,20.859556,0.044651,18,1228,39,0,0,273.815903,0.311845,90.441453
359,19:38:43.659176,85.995295,20.910077,0.050521,18,1222,39,0,0,274.127894,0.311992,90.753445
360,19:38:43.735296,86.071415,20.986197,0.076120,18,1216,39,0,0,274.668240,0.540345,91.293790
361,19:38:43.847672,86.183791,21.098573,0.112376,18,1212,39,0,0,275.403649,0.735410,92.029199
362,19:38:43.910307,86.246426,21.161208,0.062635,18,1203,39,0,0,275.857181,0.453532,92.482731
363,19:38:43.974180,86.310299,21.225081,0.063873,18,1199,38,0,0,276.274881,0.417701,92.900431
364,19:38:44.065496,86.401615,21.316397,0.091316,18,1197,38,0,0,276.743543,0.468662,93.369093
365,19:38:44.135586,86.471705,21.386487,0.070090,18,1190,38,0,0,277.434173,0.690629,94.059723
366,19:38:44.190841,86.526960,21.441742,0.055255,18,1186,38,0,0,277.745698,0.311525,94.371248
367,19:38:44.223030,86.559149,21.473931,0.032189,18,1182,38,0,0,278.069582,0.323884,94.695132
368,19:38:44.319778,86.655897,21.570679,0.096748,18,1174,38,0,0,278.623730,0.554148,95.249281
369,19:38:44.377175,86.713294,21.628076,0.057397,18,1171,38,41.998528096,-93.632972116,279.036384,0.412654,95.661935
370,19:38:44.454789,86.790908,21.705690,0.077614,18,1167,37,0,0,279.415152,0.378767,96.040702
371,19:38:44.510120,86.846239,21.761021,0.055331,18,1158,37,0,0,279.899341,0.484189,96.524891
372,19:38:44.548141,86.884260,21.799042,0.038021,18,1157,37,0,0,280.142185,0.242844,96.767735
373,19:38:44.599499,86.935618,21.850400,0.051358,18,1154,37,0,0,280.464185,0.322001,97.089736
374,19:38:44.651651,86.987770,21.902552,0.052152,18,1153,37,0,0,280.813694,0.349509,97.439244
375,19:38:44.716612,87.052731,21.967513,0.064961,19,1150,37,0,0,281.082672,0.268977,97.708222
376,19:38:44.759914,87.096033,22.010815,0.043302,20,1139,37,0,0,281.566967,0.484296,98.192517
377,19:38:44.810859,87.146978,22.061760,0.050945,20,1102,37,0,0,281.893019,0.326052,98.518569
378,19:38:44.879781,87.215900,22.130682,0.068922,20,1171,36,0,0,282.284806,0.391787,98.910356
379,19:38:45.027584,87.363703,22.278485,0.147803,20,1252,36,0,0,282.991353,0.706547,99.616903
380,19:38:45.146437,87.482556,22.397338,0.118853,20,1354,36,0,0,284.038172,1.046818,100.663722
381,19:38:45.209921,87.546040,22.460822,0.063484,20,1347,36,0,0,284.483075,0.444903,101.108625
382,19:38:45.277578,87.613697,22.528479,0.067657,20,1341,36,0,0,284.875628,0.392553,101.501178
383,19:38:45.331124,87.667243,22.582025,0.053546,20,1343,36,0,0,285.191276,0.315648,101.816826
384,19:38:45.371214,87.707333,22.622115,0.040090,20,1341,36,41.998441722,-93.633007867,285.503802,0.312526,102.129352
385,19:38:45.445161,87.781280,22.696062,0.073947,20,1342,36,0,0,285.713089,0.209287,102.338639
386,19:38:45.490359,87.826478,22.741260,0.045198,20,1344,36,0,0,286.288939,0.575849,102.914489
387,19:38:45.536824,87.872943,22.787725,0.046465,20,1348,36,0,0,286.576835,0.287897,103.202385
388,19:38:45.583682,87.919801,22.834583,0.046858,20,1349,36,0,0,286.892325,0.315490,103.517875
389,19:38:45.645448,87.981567,22.896349,0.061766,20,1350,36,0,0,287.206097,0.313772,103.831647
390,19:38:45.718367,88.054486,22.969268,0.072919,20,1348,36,0,0,287.571215,0.365118,104.196765
391,19:38:45.752930,88.089049,23.003831,0.034563,20,1348,36,0,0,287.942729,0.371514,104.568279
392,19:38:45.808809,88.144928,23.059710,0.055879,20,1348,36,0,0,288.277870,0.335141,104.903420
393,19:38:45.858662,88.194781,23.109563,0.049853,20,1345,36,0,0,288.645282,0.367412,105.270832
394,19:38:45.916228,88.252347,23.167129,0.057566,20,1343,36,0,0,289.016196,0.370914,105.641746
395,19:38:45.954542,88.290661,23.205443,0.038314,20,1343,36,0,0,289.247742,0.231546,105.873293
396,19:38:46.075935,88.412054,23.326836,0.121393,20,1344,36,0,0,289.822692,0.574949,106.448242
397,19:38:46.122179,88.458298,23.373080,0.046244,20,1345,36,0,0,290.346293,0.523601,106.971843
398,19:38:46.168696,88.504815,23.419597,0.046517,20,1345,36,0,0,290.633237,0.286945,107.258787
399,19:38:46.215916,88.552035,23.466817,0.047220,20,1348,36,0,0,290.894893,0.261656,107.520443
400,19:38:46.267035,88.603154,23.517936,0.051119,20,1345,36,0,0,291.182758,0.287865,107.808308
401,19:38:46.308566,88.644685,23.559467,0.041531,20,1347,35,0,0,291.489970,0.307213,108.115520
402,19:38:46.336330,88.672449,23.587231,0.027764,20,1347,35,41.998357434,-93.633046924,291.669773,0.179803,108.295323
403,19:38:46.394304,88.730423,23.645205,0.057974,20,1349,35,41.9983575,-93.633046833,291.973406,0.303633,108.598956
404,19:38:46.449701,88.785820,23.700602,0.055397,20,1347,35,0,0,292.305207,0.331801,108.930757
405,19:38:46.561725,88.897844,23.812626,0.112024,20,1348,35,0,0,292.818687,0.513480,109.444237
406,19:38:46.638158,88.974277,23.889059,0.076433,20,1353,35,0,0,293.527472,0.708785,110.153022
407,19:38:46.733158,89.069277,23.984059,0.095000,20,1354,35,0,0,293.907169,0.379697,110.532719
408,19:38:46.836648,89.172767,24.087549,0.103490,20,1353,35,0,0,294.492323,0.585154,111.117873
409,19:38:46.920452,89.256571,24.171353,0.083804,20,1345,35,0,0,295.204760,0.712437,111.830310
410,19:38:46.978870,89.314989,24.229771,0.058418,20,1343,35,0,0,295.484603,0.279843,112.110153
411,19:38:47.057239,89.393358,24.308140,0.078369,20,1338,35,0,0,296.120715,0.636112,112.746265
412,19:38:47.115020,89.451139,24.365921,0.057781,19,1333,35,0,0,296.451559,0.330844,113.077109
413,19:38:47.183608,89.519727,24.434509,0.068588,18,1330,35,0,0,296.680475,0.228916,113.306025
414,19:38:47.249437,89.585556,24.500338,0.065829,18,1322,35,0,0,297.194117,0.513642,113.819667
415,19:38:47.281912,89.618031,24.532813,0.032475,18,1308,35,0,0,297.571075,0.376959,114.196625
416,19:38:47.335145,89.671264,24.586046,0.053233,18,1300,35,0,0,297.850874,0.279799,114.476424
417,19:38:47.387199,89.723318,24.638100,0.052054,18,1291,35,41.998275132,-93.633090953,298.079939,0.229065,114.705489
418,19:38:47.465121,89.801240,24.716022,0.077922,18,1280,35,41.998275167,-93.633091,298.615624,0.535685,115.241174
419,19:38:47.528800,89.864919,24.779701,0.063679,18,1269,35,0,0,298.995838,0.380214,115.621388
420,19:38:47.600557,89.936676,24.851458,0.071757,18,1266,35,0,0,299.530168,0.534330,116.155718
421,19:38:47.648561,89.984680,24.899462,0.048004,18,1260,35,0,0,299.784645,0.254476,116.410195
422,19:38:47.708663,90.044782,24.959564,0.060102,18,1259,35,0,0,300.140826,0.356181,116.766376
423,19:38:47.761498,90.097617,25.012399,0.052835,18,1256,35,0,0,300.524387,0.383561,117.149937
424,19:38:47.796198,90.132317,25.047099,0.034700,18,1258,35,0,0,300.725998,0.201611,117.351548
425,19:38:47.848740,90.184859,25.099641,0.052542,18,1256,35,0,0,301.083993,0.357996,117.709543
426,19:38:47.890106,90.226225,25.141007,0.041366,18,1256,35,0,0,301.285758,0.201765,117.911308
427,19:38:47.969074,90.305193,25.219975,0.078968,18,1254,35,0,0,301.745236,0.459478,118.370786
428,19:38:48.102720,90.438839,25.353621,0.133646,18,1248,35,0,0,302.430884,0.685647,119.056434
429,19:38:48.225335,90.561454,25.476236,0.122615,18,1244,34,0,0,303.376036,0.945153,120.001586
430,19:38:48.341975,90.678094,25.592876,0.116640,18,1233,34,41.998193431,-93.633136916,303.969252,0.593216,120.594803
431,19:38:48.439251,90.775370,25.690152,0.097276,18,1228,34,0,0,304.636547,0.667294,121.262097
432,19:38:48.489689,90.825808,25.740590,0.050438,18,1224,34,0,0,304.957873,0.321326,121.583423
433,19:38:48.561120,90.897239,25.812021,0.071431,18,1224,34,0,0,305.353319,0.395447,121.978870
434,19:38:48.626558,90.962677,25.877459,0.065438,18,1220,34,0,0,305.798251,0.444932,122.423802
435,19:38:48.683399,91.019518,25.934300,0.056841,18,1216,34,0,0,306.020746,0.222495,122.646296
436,19:38:48.778129,91.114248,26.029030,0.094730,18,1213,34,0,0,306.490291,0.469545,123.115842
437,19:38:48.873050,91.209169,26.123951,0.094921,18,1204,34,0,0,307.233759,0.743467,123.859309
438,19:38:48.950081,91.286200,26.200982,0.077031,18,1202,34,0,0,307.577820,0.344061,124.203370
439,19:38:49.013698,91.349817,26.264599,0.063617,18,1189,34,0,0,308.073979,0.496159,124.699529
440,19:38:49.089278,91.425397,26.340179,0.075580,18,1186,34,0,0,308.469970,0.395991,125.095520
441,19:38:49.157236,91.493355,26.408137,0.067958,18,1177,34,0,0,308.986766,0.516796,125.612316
442,19:38:49.203192,91.539311,26.454093,0.045956,18,1170,34,0,0,309.307982,0.321216,125.933532
443,19:38:49.252556,91.588675,26.503457,0.049364,18,1167,34,0,0,309.530490,0.222508,126.156040
444,19:38:49.312937,91.649056,26.563838,0.060381,18,1161,34,0,0,309.926077,0.395586,126.551627
445,19:38:49.364848,91.700967,26.615749,0.051911,18,1157,34,41.998118122,-93.633187665,310.222549,0.296472,126.848099
446,19:38:49.415784,91.751903,26.666685,0.050936,18,1152,34,0,0,310.519117,0.296569,127.144667
447,19:38:49.464500,91.800619,26.715401,0.048716,18,1147,34,0,0,310.868761,0.349643,127.494311
448,19:38:49.517800,91.853919,26.768701,0.053300,18,1142,34,0,0,311.113811,0.245051,127.739361
449,19:38:49.575933,91.912052,26.826834,0.058133,18,1138,34,0,0,311.507871,0.394060,128.133421
450,19:38:49.632107,91.968226,26.883008,0.056174,18,1126,32,0,0,311.886506,0.378635,128.512056
451,19:38:49.671998,92.008117,26.922899,0.039891,18,1120,32,0,0,312.071181,0.184675,128.696731
452,19:38:49.711332,92.047451,26.962233,0.039334,18,1114,32,0,0,312.281374,0.210192,128.906924
453,19:38:49.763293,92.099412,27.014194,0.051961,18,1109,32,0,0,312.607655,0.326281,129.233205
454,19:38:49.865462,92.201581,27.116363,0.102169,18,1102,32,0,0,313.002858,0.395203,129.628408
455,19:38:49.945921,92.282040,27.196822,0.080459,18,1085,32,0,0,313.560043,0.557185,130.185593
456,19:38:49.985593,92.321712,27.236494,0.039672,18,1078,32,0,0,313.862485,0.302442,130.488035
457,19:38:50.094731,92.430850,27.345632,0.109138,18,1069,31,0,0,314.407826,0.545342,131.033376
458,19:38:50.163075,92.499194,27.413976,0.068344,18,1052,31,0,0,314.722635,0.314809,131.348185
459,19:38:50.203805,92.539924,27.454706,0.040730,18,1045,31,0,0,315.060617,0.337982,131.686167
460,19:38:50.240950,92.577069,27.491851,0.037145,18,1039,31,0,0,315.240914,0.180297,131.866464
461,19:38:50.289775,92.625894,27.540676,0.048825,18,1032,31,0,0,315.488808,0.247894,132.114358
462,19:38:50.391673,92.727792,27.642574,0.101898,18,1018,31,41.998050984,-93.633235643,316.119791,0.630983,132.745341
463,19:38:50.447196,92.783315,27.698097,0.055523,18,1004,31,41.998051,-93.633235667,316.367702,0.247911,132.993252
464,19:38:50.494891,92.831010,27.745792,0.047695,18,994,31,0,0,316.660714,0.293013,133.286264
465,19:38:50.536561,92.872680,27.787462,0.041670,18,991,30,0,0,316.814482,0.153768,133.440033
466,19:38:50.589852,92.925971,27.840753,0.053291,18,984,30,0,0,317.122704,0.308222,133.748254
467,19:38:50.644921,92.981040,27.895822,0.055069,18,975,30,0,0,317.446993,0.324289,134.072544
468,19:38:50.692204,93.028323,27.943105,0.047283,18,971,30,0,0,317.708597,0.261603,134.334147
469,19:38:50.725872,93.061991,27.976773,0.033668,18,966,30,0,0,317.883099,0.174502,134.508649
470,19:38:50.797182,93.133301,28.048083,0.071310,18,962,30,0,0,318.216701,0.333601,134.842251
471,19:38:50.857070,93.193189,28.107971,0.059888,18,954,30,0,0,318.559123,0.342422,135.184673
472,19:38:50.909471,93.245590,28.160372,0.052401,18,945,30,0,0,318.842657,0.283534,135.468207
473,19:38:50.976054,93.312173,28.226955,0.066583,18,942,30,0,0,319.104356,0.261700,135.729906
474,19:38:51.039325,93.375444,28.290226,0.063271,18,926,28,0,0,319.498350,0.393994,136.123900
475,19:38:51.080699,93.416818,28.331600,0.041374,18,920,28,0,0,319.721013,0.222663,136.346563
476,19:38:51.128701,93.464820,28.379602,0.048002,18,915,28,0,0,319.965271,0.244258,136.590821
477,19:38:51.169531,93.505650,28.420432,0.040830,18,904,28,0,0,320.189245,0.223974,136.814795
478,19:38:51.291796,93.627915,28.542697,0.122265,18,900,28,0,0,320.413765,0.224520,137.039315
479,19:38:51.347236,93.683355,28.598137,0.055440,18,884,28,41.997990032,-93.63326598,321.084797,0.671032,137.710347
480,19:38:51.392587,93.728706,28.643488,0.045351,18,877,28,0,0,321.271583,0.186785,137.897133
481,19:38:51.466771,93.802890,28.717672,0.074184,18,872,28,41.99799,-93.633266,321.553899,0.282316,138.179449
482,19:38:51.521321,93.857440,28.772222,0.054550,18,870,26,0,0,321.898925,0.345026,138.524475
483,19:38:51.602716,93.938835,28.853617,0.081395,18,865,26,0,0,322.258052,0.359128,138.883602
484,19:38:51.644716,93.980835,28.895617,0.042000,18,862,26,0,0,322.466365,0.208313,139.091915
485,19:38:51.734549,94.070668,28.985450,0.089833,18,854,26,0,0,322.826632,0.360267,139.452182
486,19:38:51.807930,94.144049,29.058831,0.073381,18,851,26,0,0,323.222000,0.395368,139.847550
487,19:38:51.841665,94.177784,29.092566,0.033735,18,847,26,0,0,323.411823,0.189823,140.037373
488,19:38:51.916071,94.252190,29.166972,0.074406,18,847,26,0,0,323.715672,0.303849,140.341222
489,19:38:51.943161,94.279280,29.194062,0.027090,18,844,23,0,0,323.851189,0.135517,140.476739
490,19:38:52.000326,94.336445,29.251227,0.057165,18,844,23,0,0,324.085260,0.234071,140.710810
491,19:38:52.196446,94.532565,29.447347,0.196120,18,846,23,0,0,324.369483,0.284222,140.995033
492,19:38:52.274268,94.610387,29.525169,0.077822,18,850,23,0,0,325.188829,0.819346,141.814379
493,19:38:52.410272,94.746391,29.661173,0.136004,18,854,23,41.99793778,-93.633270276,325.623516,0.434687,142.249066
494,19:38:52.475908,94.812027,29.726809,0.065636,18,852,21,0,0,326.012966,0.389450,142.638516
495,19:38:52.514860,94.850979,29.765761,0.038952,18,848,21,0,0,326.151400,0.138434,142.776950
496,19:38:52.595419,94.931538,29.846320,0.080559,18,848,21,0,0,326.318423,0.167023,142.943973
497,19:38:52.782013,95.118132,30.032914,0.186594,18,852,21,0,0,327.142791,0.824368,143.768341
498,19:38:52.845503,95.181622,30.096404,0.063490,18,852,21,0,0,327.328336,0.185545,143.953887
499,19:38:52.923615,95.259734,30.174516,0.078112,18,858,20,0,0,327.664105,0.335768,144.289655
500,19:38:53.093321,95.429440,30.344222,0.169706,18,858,20,0,0,328.101697,0.437593,144.727248
501,19:38:53.192086,95.528205,30.442987,0.098765,18,852,20,0,0,328.434672,0.332975,145.060222
502,19:38:53.227483,95.563602,30.478384,0.035397,18,848,20,0,0,328.741694,0.307022,145.367244
503,19:38:53.280949,95.617068,30.531850,0.053466,18,847,20,0,0,328.885384,0.143690,145.510934
504,19:38:53.373577,95.709696,30.624478,0.092628,18,848,19,41.997893032,-93.633252694,329.164832,0.279448,145.790382
505,19:38:53.466234,95.802353,30.717135,0.092657,18,852,19,0,0,329.551527,0.386694,146.177077
506,19:38:53.518521,95.854640,30.769422,0.052287,18,848,19,0,0,329.703469,0.151942,146.329019
507,19:38:53.575267,95.911386,30.826168,0.056746,18,848,19,0,0,329.897260,0.193791,146.522810
508,19:38:53.710112,96.046231,30.961013,0.134845,18,840,19,0,0,330.175311,0.278052,146.800861
509,19:38:53.750679,96.086798,31.001580,0.040567,18,850,19,0,0,330.504595,0.329284,147.130145
510,19:38:53.833771,96.169890,31.084672,0.083092,18,861,19,0,0,330.711756,0.207161,147.337306
511,19:38:53.953797,96.289916,31.204698,0.120026,18,904,17,0,0,330.965264,0.253508,147.590814
512,19:38:54.029538,96.365657,31.280439,0.075741,18,992,17,0,0,331.373799,0.408535,147.999349
513,19:38:54.067617,96.403736,31.318518,0.038079,18,1017,17,0,0,331.496650,0.122851,148.122200
514,19:38:54.134713,96.470832,31.385614,0.067096,18,1039,17,0,0,331.658034,0.161384,148.283584
515,19:38:54.204451,96.540570,31.455352,0.069738,18,1072,17,0,0,331.794021,0.135987,148.419571
516,19:38:54.328656,96.664775,31.579557,0.124205,18,1122,17,0,0,332.213447,0.419426,148.838997
517,19:38:54.418108,96.754227,31.669009,0.089452,18,1173,17,41.997856974,-93.633218362,332.448244,0.234796,149.073794
518,19:38:54.511870,96.847989,31.762771,0.093762,18,1212,17,41.997857,-93.633218333,332.795027,0.346783,149.420577
519,19:38:54.556523,96.892642,31.807424,0.044653,18,1231,17,0,0,332.967323,0.172296,149.592873
520,19:38:54.593147,96.929266,31.844048,0.036624,18,1238,17,0,0,333.079295,0.111972,149.704845
521,19:38:54.697890,97.034009,31.948791,0.104743,18,1246,17,0,0,333.253172,0.173877,149.878722
522,19:38:54.792361,97.128480,32.043262,0.094471,18,1269,16,0,0,333.582388,0.329216,150.207938
523,19:38:54.914012,97.250131,32.164913,0.121651,18,1286,16,0,0,334.012116,0.429728,150.637666
524,19:38:54.950546,97.286665,32.201447,0.036534,18,1295,16,0,0,334.116777,0.104661,150.742327
525,19:38:55.030857,97.366976,32.281758,0.080311,18,1304,16,0,0,334.302927,0.186150,150.928477
526,19:38:55.095193,97.431312,32.346094,0.064336,18,1306,16,0,0,334.466082,0.163156,151.091632
527,19:38:55.177473,97.513592,32.428374,0.082280,19,1310,16,0,0,334.675113,0.209030,151.300663
528,19:38:55.245767,97.581886,32.496668,0.068294,19,1321,15,0,0,334.918462,0.243350,151.544012
529,19:38:55.287776,97.623895,32.538677,0.042009,19,1327,15,0,0,335.038422,0.119959,151.663972
530,19:38:55.381571,97.717690,32.632472,0.093795,19,1338,15,41.997830256,-93.633179251,335.257513,0.219091,151.883063
531,19:38:55.438034,97.774153,32.688935,0.056463,19,1355,15,0,0,335.420102,0.162589,152.045652
532,19:38:55.515178,97.851297,32.766079,0.077144,19,1377,15,0,0,335.649098,0.228997,152.274648
533,19:38:55.570683,97.906802,32.821584,0.055505,19,1412,15,0,0,335.790833,0.141735,152.416383
534,19:38:55.661850,97.997969,32.912751,0.091167,20,1419,15,0,0,335.922319,0.131486,152.547869
535,19:38:55.733974,98.070093,32.984875,0.072124,20,1423,14,0,0,336.159412,0.237093,152.784962
536,19:38:55.809757,98.145876,33.060658,0.075783,21,1431,14,0,0,336.393495,0.234083,153.019045
537,19:38:55.891386,98.227505,33.142287,0.081629,22,1440,14,0,0,336.557370,0.163875,153.182920
538,19:38:55.943420,98.279539,33.194321,0.052034,22,1469,14,0,0,336.741769,0.184399,153.367319
539,19:38:56.010829,98.346948,33.261730,0.067409,22,1500,14,0,0,336.902367,0.160598,153.527917
540,19:38:56.123450,98.459569,33.374351,0.112621,22,1544,14,0,0,337.116104,0.213737,153.741655
541,19:38:56.182084,98.518203,33.432985,0.058634,22,1562,14,0,0,337.329852,0.213747,153.955402
542,19:38:56.251224,98.587343,33.502125,0.069140,22,1570,14,0,0,337.472928,0.143076,154.098478
543,19:38:56.396841,98.732960,33.647742,0.145617,22,1580,14,41.997808164,-93.633139775,337.819418,0.346490,154.444968
544,19:38:56.470089,98.806208,33.720990,0.073248,22,1586,14,0,0,337.991783,0.172365,154.617333
545,19:38:56.538079,98.874198,33.788980,0.067990,22,1584,14,0,0,338.215198,0.223415,154.840748
546,19:38:56.594679,98.930798,33.845580,0.056600,21,1582,14,0,0,338.327980,0.112782,154.953530
547,19:38:56.616824,98.952943,33.867725,0.022145,21,1573,14,0,0,338.419362,0.091382,155.044912
548,19:38:56.651286,98.987405,33.902187,0.034462,21,1563,14,0,0,338.500227,0.080865,155.125777
549,19:38:56.694730,99.030849,33.945631,0.043444,22,1552,14,0,0,338.602003,0.101776,155.227553
550,19:38:56.746753,99.082872,33.997654,0.052023,21,1526,14,0,0,338.713955,0.111952,155.339505
551,19:38:56.823445,99.159564,34.074346,0.076692,22,1510,14,0,0,338.866661,0.152706,155.492211
552,19:38:56.860001,99.196120,34.110902,0.036556,21,1484,14,0,0,339.019900,0.153238,155.645450
553,19:38:56.896366,99.232485,34.147267,0.036365,21,1466,14,0,0,339.090655,0.070755,155.716205
554,19:38:56.972992,99.309111,34.223893,0.076626,21,1440,14,0,0,339.294067,0.203412,155.919617
555,19:38:57.032446,99.368565,34.283347,0.059454,22,1398,14,0,0,339.446729,0.152662,156.072279
556,19:38:57.086858,99.422977,34.337759,0.054412,22,1372,14,0,0,339.570632,0.123903,156.196182
557,19:38:57.150687,99.486806,34.401588,0.063829,22,1358,14,0,0,339.701807,0.131175,156.327357
558,19:38:57.216363,99.552482,34.467264,0.065676,22,1349,14,0,0,339.813115,0.111309,156.438665
559,19:38:57.266521,99.602640,34.517422,0.050158,22,1355,14,0,0,340.016681,0.203566,156.642231
560,19:38:57.315247,99.651366,34.566148,0.048726,22,1361,14,0,0,340.108267,0.091586,156.733817
561,19:38:57.377259,99.713378,34.628160,0.062012,22,1372,14,41.997785577,-93.633097739,340.281283,0.173016,156.906833
562,19:38:57.503202,99.839321,34.754103,0.125943,21,1402,14,0,0,340.596785,0.315502,157.222335
563,19:38:57.593979,99.930098,34.844880,0.090777,20,1408,14,0,0,340.790164,0.193379,157.415714
564,19:38:57.622253,99.958372,34.873154,0.028274,18,1402,14,0,0,340.912296,0.122132,157.537846
565,19:38:57.679071,100.015190,34.929972,0.056818,18,1384,14,0,0,341.036581,0.124285,157.662131
566,19:38:57.740002,100.076121,34.990903,0.060931,18,1338,14,0,0,341.197281,0.160700,157.822831
567,19:38:57.793575,100.129694,35.044476,0.053573,18,1315,14,0,0,341.309206,0.111925,157.934756
568,19:38:57.879622,100.215741,35.130523,0.086047,18,1265,14,0,0,341.533135,0.223929,158.158685
569,19:38:57.920776,100.256895,35.171677,0.041154,18,1209,14,0,0,341.645094,0.111960,158.270644
570,19:38:58.001682,100.337801,35.252583,0.080906,18,1191,14,0,0,341.788213,0.143118,158.413763
571,19:38:58.091942,100.428061,35.342843,0.090260,19,1138,16,0,0,342.025131,0.236918,158.650681
572,19:38:58.200947,100.537066,35.451848,0.109005,18,1103,16,0,0,342.327547,0.302416,158.953097
573,19:38:58.310549,100.646668,35.561450,0.109602,18,1076,16,0,0,342.722988,0.395441,159.348538
574,19:38:58.380654,100.716773,35.631555,0.070105,18,1050,16,41.997760951,-93.633050326,342.922346,0.199358,159.547896
575,19:38:58.505034,100.841153,35.755935,0.124380,18,1030,16,0,0,343.106835,0.184489,159.732385
576,19:38:58.585162,100.921281,35.836063,0.080128,18,1021,18,0,0,343.566531,0.459696,160.192081
577,19:38:58.659240,100.995359,35.910141,0.074078,18,1026,18,0,0,343.749749,0.183218,160.375299
578,19:38:58.717390,101.053509,35.968291,0.058150,18,1043,18,0,0,343.959071,0.209322,160.584622
579,19:38:58.919200,101.255319,36.170101,0.201810,18,1068,18,0,0,344.430172,0.471101,161.055722
580,19:38:58.971414,101.307533,36.222315,0.052214,18,1120,18,0,0,344.783474,0.353302,161.409024
581,19:38:59.009392,101.345511,36.260293,0.037978,18,1125,17,0,0,344.883974,0.100500,161.509524
582,19:38:59.067315,101.403434,36.318216,0.057923,18,1142,17,0,0,345.044254,0.160280,161.669804
583,19:38:59.134218,101.470337,36.385119,0.066903,18,1154,17,0,0,345.279062,0.234808,161.904612
584,19:38:59.185894,101.522013,36.436795,0.051676,18,1171,17,0,0,345.393680,0.114618,162.019230
585,19:38:59.289486,101.625605,36.540387,0.103592,18,1184,17,0,0,345.637503,0.243823,162.263053
586,19:38:59.359780,101.695899,36.610681,0.070294,18,1195,17,41.997736139,-93.633001777,345.934042,0.296538,162.559592
587,19:38:59.445450,101.781569,36.696351,0.085670,18,1206,17,0,0,346.083505,0.149464,162.709056
588,19:38:59.590766,101.926885,36.841667,0.145316,18,1222,17,0,0,346.576657,0.493152,163.202208
589,19:38:59.649736,101.985855,36.900637,0.058970,18,1236,17,0,0,346.836205,0.259548,163.461755
590,19:38:59.715574,102.051693,36.966475,0.065838,18,1240,17,0,0,346.935071,0.098866,163.560621
591,19:38:59.780796,102.116915,37.031697,0.065222,18,1248,17,0,0,347.219304,0.284233,163.844854
592,19:38:59.855295,102.191414,37.106196,0.074499,18,1251,17,0,0,347.441772,0.222469,164.067323
593,19:38:59.929169,102.265288,37.180070,0.073874,18,1250,17,0,0,347.614768,0.172996,164.240319
594,19:39:00.009422,102.345541,37.260323,0.080253,18,1256,17,0,0,347.861946,0.247178,164.487496
595,19:39:00.129037,102.465156,37.379938,0.119615,18,1259,17,0,0,348.170900,0.308954,164.796450
596,19:39:00.227703,102.563822,37.478604,0.098666,18,1262,17,0,0,348.455880,0.284981,165.081430
597,19:39:00.321393,102.657512,37.572294,0.093690,18,1262,17,0,0,348.863778,0.407898,165.489328
598,19:39:00.384233,102.720352,37.635134,0.062840,18,1265,17,41.997713339,-93.632957165,349.036111,0.172333,165.661661
599,19:39:00.501850,102.837969,37.752751,0.117617,18,1265,16,0,0,349.318952,0.282841,165.944502
600,19:39:00.581753,102.917872,37.832654,0.079903,18,1262,16,0,0,349.481821,0.162868,166.107371
601,19:39:00.641714,102.977833,37.892615,0.059961,18,1262,16,0,0,349.750125,0.268304,166.375675
602,19:39:00.852650,103.188769,38.103551,0.210936,18,1265,16,0,0,350.342534,0.592409,166.968084
603,19:39:00.978674,103.314793,38.229575,0.126024,18,1262,14,0,0,350.657304,0.314770,167.282854
604,19:39:01.049606,103.385725,38.300507,0.070932,18,1260,14,0,0,350.769291,0.111987,167.394841
605,19:39:01.170868,103.506987,38.421769,0.121262,18,1257,14,0,0,351.145837,0.376546,167.771388
606,19:39:01.248675,103.584794,38.499576,0.077807,18,1258,14,0,0,351.360208,0.214371,167.985758
607,19:39:01.316794,103.652913,38.567695,0.068119,18,1259,14,0,0,351.502050,0.141842,168.127600
608,19:39:01.364500,103.700619,38.615401,0.047706,18,1261,14,41.997693656,-93.632917142,351.645159,0.143109,168.270709
609,19:39:01.449460,103.785579,38.700361,0.084960,18,1262,14,0,0,351.746312,0.101154,168.371862
610,19:39:01.640797,103.976916,38.891698,0.191337,18,1244,14,0,0,352.265354,0.519042,168.890904
611,19:39:01.748708,104.084827,38.999609,0.107911,18,1220,14,0,0,352.572836,0.307482,169.198386
612,19:39:01.844715,104.180834,39.095616,0.096007,18,1211,14,0,0,352.774216,0.201379,169.399766
613,19:39:01.888045,104.224164,39.138946,0.043330,18,1200,13,0,0,352.927958,0.153743,169.553508
614,19:39:01.994727,104.330846,39.245628,0.106682,18,1186,13,0,0,353.154765,0.226806,169.780315
615,19:39:02.026199,104.362318,39.277100,0.031472,18,1168,13,0,0,353.258727,0.103963,169.884278
616,19:39:02.089444,104.425563,39.340345,0.063245,18,1156,13,0,0,353.391600,0.132872,170.017150
617,19:39:02.170735,104.506854,39.421636,0.081291,18,1130,13,0,0,353.590308,0.198708,170.215858
618,19:39:02.219077,104.555196,39.469978,0.048342,18,1117,13,0,0,353.722745,0.132437,170.348295
619,19:39:02.262433,104.598552,39.513334,0.043356,18,1108,13,0,0,353.806873,0.084128,170.432423
620,19:39:02.309878,104.645997,39.560779,0.047445,18,1105,12,0,0,353.886826,0.079953,170.512376
621,19:39:02.355356,104.691475,39.606257,0.045478,18,1098,12,41.997677342,-93.63288258,353.974145,0.087319,170.599695
622,19:39:02.421246,104.757365,39.672147,0.065890,18,1073,12,41.997677333,-93.6328825,354.140137,0.165992,170.765687
623,19:39:02.477318,104.813437,39.728219,0.056072,18,1047,12,0,0,354.237026,0.096890,170.862576
624,19:39:02.540359,104.876478,39.791260,0.063041,18,1029,12,0,0,354.392805,0.155778,171.018355
625,19:39:02.605135,104.941254,39.856036,0.064776,18,1017,12,0,0,354.497448,0.104644,171.122998
626,19:39:02.708605,105.044724,39.959506,0.103470,18,992,12,0,0,354.715529,0.218080,171.341079
627,19:39:02.758677,105.094796,40.009578,0.050072,18,971,12,0,0,354.855126,0.139597,171.480676
628,19:39:02.816702,105.152821,40.067603,0.058025,18,953,11,0,0,354.944809,0.089683,171.570359
629,19:39:02.895043,105.231162,40.145944,0.078341,18,936,11,0,0,355.113669,0.168860,171.739219
630,19:39:02.925699,105.261818,40.176600,0.030656,18,918,11,0,0,355.192718,0.079049,171.818268
631,19:39:03.048486,105.384605,40.299387,0.122787,18,908,11,0,0,355.416800,0.224083,172.042350
632,19:39:03.103887,105.440006,40.354788,0.055401,18,873,11,0,0,355.529049,0.112249,172.154599
633,19:39:03.139535,105.475654,40.390436,0.035648,18,858,11,0,0,355.616524,0.087475,172.242074
634,19:39:03.187032,105.523151,40.437933,0.047497,18,845,11,0,0,355.704826,0.088302,172.330376
635,19:39:03.248299,105.584418,40.499200,0.061267,18,823,10,0,0,355.815923,0.111097,172.441473
636,19:39:03.308320,105.644439,40.559221,0.060021,18,812,10,0,0,355.917716,0.101793,172.543266
637,19:39:03.401596,105.737715,40.652497,0.093276,18,799,10,41.997665427,-93.632856926,356.063097,0.145381,172.688647
638,19:39:03.546828,105.882947,40.797729,0.145232,18,779,10,0,0,356.310258,0.247161,172.935808
639,19:39:03.683819,106.019938,40.934720,0.136991,18,773,10,0,0,356.513826,0.203568,173.139376
640,19:39:03.741927,106.078046,40.992828,0.058108,18,770,8,0,0,356.654838,0.141012,173.280388
641,19:39:03.822811,106.158930,41.073712,0.080884,18,769,8,0,0,356.753842,0.099004,173.379392
642,19:39:03.954948,106.291067,41.205849,0.132137,18,772,8,0,0,356.904940,0.151099,173.530490
643,19:39:04.183771,106.519890,41.434672,0.228823,18,774,8,0,0,357.172538,0.267598,173.798088
644,19:39:04.309302,106.645421,41.560203,0.125531,18,778,7,0,0,357.413812,0.241274,174.039362
645,19:39:04.359728,106.695847,41.610629,0.050426,18,779,7,41.997658033,-93.632841433,357.505397,0.091585,174.130947
646,19:39:04.414278,106.750397,41.665179,0.054550,18,778,7,0,0,357.566486,0.061089,174.192036
647,19:39:04.473679,106.809798,41.724580,0.059401,18,775,7,0,0,357.607181,0.040695,174.232731
648,19:39:04.603035,106.939154,41.853936,0.129356,18,780,7,0,0,357.770014,0.162833,174.395564
649,19:39:04.703046,107.039165,41.953947,0.100011,18,779,5,0,0,357.872737,0.102724,174.498287
650,19:39:04.907067,107.243186,42.157968,0.204021,18,780,5,0,0,358.032885,0.160147,174.658435
651,19:39:05.044897,107.381016,42.295798,0.137830,18,788,5,0,0,358.185405,0.152520,174.810955
652,19:39:05.085391,107.421510,42.336292,0.040494,18,792,5,0,0,358.233319,0.047914,174.858869
653,19:39:05.174059,107.510178,42.424960,0.088668,18,794,4,0,0,358.275801,0.042482,174.901352
654,19:39:05.256451,107.592570,42.507352,0.082392,18,793,4,0,0,358.333896,0.058095,174.959446
655,19:39:05.362146,107.698265,42.613047,0.105695,18,793,4,41.997655113,-93.632834873,358.421020,0.087124,175.046570
656,19:39:05.425206,107.761325,42.676107,0.063060,18,794,4,0,0,358.473362,0.052342,175.098912
657,19:39:05.460580,107.796699,42.711481,0.035374,18,799,4,0,0,358.496631,0.023268,175.122181
658,19:39:05.515715,107.851834,42.766616,0.055135,18,797,4,0,0,358.540242,0.043612,175.165793
659,19:39:05.564712,107.900831,42.815613,0.048997,18,800,4,0,0,358.566409,0.026167,175.191959
660,19:39:05.603584,107.939703,42.854485,0.038872,18,802,3,0,0,358.589947,0.023538,175.215497
661,19:39:05.654391,107.990510,42.905292,0.050807,18,796,3,0,0,358.618295,0.028348,175.243845
662,19:39:05.736289,108.072408,42.987190,0.081898,18,793,3,0,0,358.646768,0.028474,175.272318
663,19:39:05.799788,108.135907,43.050689,0.063499,18,796,3,0,0,358.696677,0.049908,175.322227
664,19:39:06.083825,108.419944,43.334726,0.284037,18,798,3,0,0,358.801492,0.104816,175.427042
665,19:39:06.147333,108.483452,43.398234,0.063508,16,784,3,0,0,358.879870,0.078378,175.505420
666,19:39:06.245178,108.581297,43.496079,0.097845,16,777,3,0,0,358.908428,0.028558,175.533978
667,19:39:06.315492,108.651611,43.566393,0.070314,16,744,3,0,0,358.960552,0.052123,175.586102
668,19:39:06.448303,108.784422,43.699204,0.132811,16,726,3,41.997654961,-93.632833541,359.036897,0.076345,175.662447
669,19:39:06.562851,108.898970,43.813752,0.114548,16,728,3,0,0,359.106691,0.069794,175.732241
670,19:39:06.617272,108.953391,43.868173,0.054421,16,723,3,0,0,359.124131,0.017441,175.749681
671,19:39:06.659848,108.995967,43.910749,0.042576,16,722,3,0,0,359.154662,0.030530,175.780212
672,19:39:06.711558,109.047677,43.962459,0.051710,16,716,3,0,0,359.176471,0.021809,175.802021
673,19:39:06.787561,109.123680,44.038462,0.076003,16,704,3,0,0,359.207012,0.030541,175.832562
674,19:39:06.849802,109.185921,44.100703,0.062241,16,690,3,0,0,359.255074,0.048062,175.880624
675,19:39:07.015709,109.351828,44.266610,0.165907,16,666,3,0,0,359.326958,0.071883,175.952508
676,19:39:07.050197,109.386316,44.301098,0.034488,16,652,3,0,0,359.364027,0.037069,175.989577
677,19:39:07.092170,109.428289,44.343071,0.041973,16,644,3,0,0,359.385839,0.021812,176.011389
678,19:39:07.125782,109.461901,44.376683,0.033612,16,634,3,0,0,359.405465,0.019626,176.031015
679,19:39:07.189788,109.525907,44.440689,0.064006,16,631,3,0,0,359.431649,0.026184,176.057199
680,19:39:07.346405,109.682524,44.597306,0.156617,16,620,3,41.997655196,-93.632833112,359.494882,0.063234,176.120432
681,19:39:07.389156,109.725275,44.640057,0.042751,16,603,3,0,0,359.538503,0.043621,176.164053
682,19:39:07.436781,109.772900,44.687682,0.047625,16,599,3,0,0,359.569030,0.030528,176.194581
683,19:39:07.513764,109.849883,44.764665,0.076983,16,595,3,0,0,359.584296,0.015266,176.209846
684,19:39:07.648563,109.984682,44.899464,0.134799,16,586,3,0,0,359.671666,0.087370,176.297216
685,19:39:07.765948,110.102067,45.016849,0.117385,16,576,3,0,0,359.728235,0.056569,176.353785
686,19:39:07.808994,110.145113,45.059895,0.043046,16,578,3,0,0,359.769677,0.041442,176.395227
687,19:39:07.841430,110.177549,45.092331,0.032436,16,577,3,0,0,359.785341,0.015664,176.410891
688,19:39:07.888191,110.224310,45.139092,0.046761,16,573,3,0,0,359.811256,0.025914,176.436806
689,19:39:07.967037,110.303156,45.217938,0.078846,16,570,3,0,0,359.832918,0.021663,176.458468
690,19:39:08.097660,110.433779,45.348561,0.130623,16,574,0,0,0,359.851914,0.018996,176.477464
