1555981116.642211        07e8    000    8    04 41 0c 0b 89 00 00 00, 1555981116.642906        04c8    000    8    09 00 01 07 00 00 00 00, 1555981116.643656        03b0    000    5    00 00 00 3c 00, 1555981116.646081        00b0    000    6    00 00 00 00 11 04, 1555981116.646267        00b2    000    6    00 00 00 00 11 04, 1555981116.646515        0224    000    8    00 00 00 00 00 00 00 08, 1555981116.646749        02c4    000    8    03 b2 00 2b 00 80 21 4f, 1555981116.646995        07e8    000    8    03 41 0d 00 00 00 00 00, 1555981116.647951        0260    000    8    08 00 0c 00 00 00 03 81
1555981116.650415        07e8    000    8    03 41 11 2b 00 00 00 00

1555981116.666793        07e8    000    8    04 41 0c 0b 86 00 00 00, 1555981116.668135        0260    000    8    08 00 0c 00 00 00 01 7f, 1555981116.669850        02c4    000    8    03 b0 00 2b 00 80 21 4d, 1555981116.670132        00b0    000    6    00 00 00 00 11 06, 1555981116.670339        00b2    000    6    00 00 00 00 11 06, 1555981116.670588        0224    000    8    00 00 00 00 00 00 00 08, 1555981116.670887        02d0    000    8    07 38 09 00 70 00 00 92, 1555981116.673311        0262    000    5    21 00 00 00 8a, 1555981116.673554        03a0    000    8    00 00 00 00 16 f0 00 50, 1555981116.675001        07e8    000    8    03 41 0d 00 00 00 00 00, 1555981116.676105        0020    000    3    00 00 07
1555981116.676351        00b4    000    8    00 00 00 00 78 00 00 34
1555981116.676580        0025    000    8    0f 69 0f 5d 78 78 78 79
1555981116.676749        00ba    000    4    01 fe 07 c4
1555981116.676992        0442    000    8    40 02 00 00 03 00 00 00
1555981116.677232        0024    000    8    02 01 01 fd 61 fd 81 0c
1555981116.679083        07e8    000    8    03 41 11 2b 00 00 00 00

1555981117.072345        07e8    000    8    04 41 0c 0b d4 00 00 00, 1555981117.072560        0260    000    8    08 00 0c 00 00 ff fe 7b, 1555981117.073389        03a0    000    8    00 00 00 00 16 f0 00 50, 1555981117.073543        0020    000    3    00 00 07, 1555981117.073794        00b4    000    8    00 00 00 00 78 00 00 34, 1555981117.074024        0025    000    8    0f 69 0f 5d 78 78 78 79, 1555981117.074368        0024    000    8    02 01 01 fc 61 fd 80 0a, 1555981117.074614        02c6    000    8    00 00 00 00 00 00 00 d0, 1555981117.077327        0262    000    5    21 00 00 00 8a, 1555981117.079576        00b0    000    6    00 00 00 00 11 08, 1555981117.079782        00b2    000    6    00 00 00 00 11 08, 1555981117.080037        0224    000    8    00 00 00 00 00 00 00 08, 1555981117.080279        0621    000    8    11 00 00 00 00 00 00 00, 1555981117.082451        02d5    000    2    2b 3d, 1555981117.083572        02d0    000    8    07 71 09 00 70 00 00 cb, 1555981117.085535        0020    000    3    00 00 07, 1555981117.085784        00b4    000    8    00 00 00 00 78 00 00 34, 1555981117.086013        0025    000    8    0f 69 0f 5d 78 78 78 79, 1555981117.086185        00ba    000    4    02 00 07 c7, 1555981117.086667        0024    000    8    02 01 01 fc 61 fe 80 0b, 1555981117.091605        00b0    000    6    00 00 00 00 11 09, 1555981117.091802        00b2    000    6    00 00 00 00 11 09, 1555981117.092045        0223    000    8    00 20 00 00 00 00 00 4d, 1555981117.092677        0260    000    8    08 00 0c 00 00 00 03 81, 1555981117.093818        02c4    000    8    03 c9 00 2b 00 80 21 66, 1555981117.095866        02c1    000    8    08 00 7c fe 9f c3 00 af, 1555981117.096404        0640    000    8    a8 00 00 00 01 90 00 00, 1555981117.096943        03b1    000    8    00 00 00 24 a0 00 00 00, 1555981117.097553        0262    000    5    21 00 00 00 8a, 1555981117.097711        0020    000    3    00 00 07, 1555981117.097959        00b4    000    8    00 00 00 00 78 00 00 34, 1555981117.098189        0025    000    8    0f 69 0f 5d 78 78 78 79, 1555981117.098303        0394    000    1    00, 1555981117.098550        03b7    000    8    00 00 00 00 00 00 00 00, 1555981117.098945        0024    000    8    02 01 01 fc 61 fe 80 0b, 1555981117.103636        00b0    000    6    00 00 00 00 11 0a, 1555981117.103839        00b2    000    6    00 00 00 00 11 0a, 1555981117.104098        0224    000    8    00 00 00 00 00 00 00 08, 1555981117.106110        02c6    000    8    00 00 00 00 00 00 00 d0, 1555981117.106238        02d5    000    2    2b 3d, 1555981117.109612        0020    000    3    00 00 07, 1555981117.109850        00b4    000    8    00 00 00 00 78 00 00 34, 1555981117.110084        0025    000    8    0f 69 0f 5d 78 78 78 79, 1555981117.110321        0024    000    8    02 01 01 fc 61 fd 80 0a, 1555981117.110490        00ba    000    4    01 ff 07 c5, 1555981117.112913        0260    000    8    08 00 0c 00 00 00 00 7e, 1555981117.115332        02d0    000    8    07 72 09 00 70 00 00 cc, 1555981117.115667        00b0    000    6    00 00 00 00 11 0b, 1555981117.115873        00b2    000    6    00 00 00 00 11 0b, 1555981117.116117        0223    000    8    00 20 00 00 00 00 00 4d, 1555981117.117374        02c4    000    8    03 cc 00 2b 00 80 21 69, 1555981117.117959        0262    000    5    21 00 00 00 8a, 1555981117.118315        02c5    000    4    00 03 b0 7e, 1555981117.121654        0020    000    3    00 00 07, 1555981117.121898        00b4    000    8    00 00 00 00 78 00 00 34, 1555981117.122126        0025    000    8    0f 69 0f 5d 78 78 78 79, 1555981117.122502        0024    000    8    02 01 01 fc 61 fd 80 0a, 1555981117.127625        02c1    000    8    08 00 82 fe a7 c4 00 be, 1555981117.127836        00b0    000    6    00 00 00 00 11 0c, 1555981117.128036        00b2    000    6    00 00 00 00 11 0c, 1555981117.128286        0224    000    8    00 00 00 00 00 00 00 08, 1555981117.129549        02d5    000    2    2b 3d, 1555981117.133139        0260    000    8    08 00 0c 00 00 00 00 7e, 1555981117.133709        0020    000    3    00 00 07, 1555981117.133959        00b4    000    8    00 00 00 00 78 00 00 34, 1555981117.134185        0025    000    8    0f 69 0f 5d 78 78 78 79, 1555981117.134356        00ba    000    4    02 00 07 c7, 1555981117.134802        0024    000    8    02 01 01 fc 61 fe 80 0b, 1555981117.137873        02c6    000    8    00 00 00 00 00 00 00 d0, 1555981117.138184        0262    000    5    21 00 00 00 8a, 1555981117.139776        00b0    000    6    00 00 00 00 11 0d, 1555981117.139983        00b2    000    6    00 00 00 00 11 0d, 1555981117.140226        0223    000    8    00 20 00 00 00 00 00 4d, 1555981117.140917        02c4    000    8    03 cb 00 2b 00 80 21 68, 1555981117.145744        0020    000    3    00 00 07, 1555981117.146027        00b4    000    8    00 00 00 00 78 00 00 34, 1555981117.146268        0024    000    8    02 02 01 fc 61 fe 80 0c, 1555981117.146498        0025    000    8    0f 69 0f 5d 78 78 78 79, 1555981117.147062        02d0    000    8    07 72 09 00 70 00 00 cc, 1555981117.151964        00b0    000    6    00 00 00 00 11 0e, 1555981117.152167        00b2    000    6    00 00 00 00 11 0e, 1555981117.152415        0224    000    8    00 00 00 00 00 00 00 08, 1555981117.153100        02d5    000    2    2b 3d, 1555981117.153343        0260    000    8    08 00 0c 00 00 ff fa 77, 1555981117.154425        0440    000    8    42 02 00 00 00 00 00 00, 1555981117.157903        0020    000    3    00 00 07, 1555981117.158151        00b4    000    8    00 00 00 00 78 00 00 34, 1555981117.158380        0025    000    8    0f 69 0f 5d 78 78 78 79, 1555981117.158619        0024    000    8    02 01 01 fc 61 fd 7f 09, 1555981117.158789        00ba    000    4    01 ff 07 c5, 1555981117.158974        0262    000    5    21 00 00 00 8a, 1555981117.159359        02c1    000    8    08 00 86 fe a9 c4 00 c4, 1555981117.164003        00b0    000    6    00 00 00 00 11 0f, 1555981117.164206        00b2    000    6    00 00 00 00 11 0f, 1555981117.164448        0223    000    8    00 20 00 00 00 00 00 4d, 1555981117.164686        02c4    000    8    03 cb 00 2b 00 80 21 68, 1555981117.165354        04c6    000    8    07 00 01 10 00 00 00 00, 1555981117.166459        02c5    000    4    00 03 b0 7e, 1555981117.169600        02c6    000    8    00 00 00 00 00 00 00 d0, 1555981117.169967        0020    000    3    00 00 07, 1555981117.170215        00b4    000    8    00 00 00 00 78 00 00 34, 1555981117.170444        0025    000    8    0f 69 0f 5d 78 78 78 79, 1555981117.170687        0024    000    8    02 02 01 fc 61 fe 80 0c, 1555981117.173344        03a0    000    8    00 00 00 00 16 f0 00 50, 1555981117.173591        0260    000    8    08 00 0c 00 00 00 05 83, 1555981117.176066        00b0    000    6    00 00 00 00 11 00, 1555981117.176274        00b2    000    6    00 00 00 00 11 00, 1555981117.176522        0224    000    8    00 00 00 00 00 00 00 08, 1555981117.176667        02d5    000    2    2b 3d, 1555981117.178417        0262    000    5    21 00 00 00 8a, 1555981117.178815        02d0    000    8    07 75 09 00 70 00 00 cf, 1555981117.182022        0020    000    3    00 00 07, 1555981117.182269        00b4    000    8    00 00 00 00 78 00 00 34, 1555981117.182499        0025    000    8    0f 69 0f 5d 78 78 78 79, 1555981117.182669        00ba    000    4    01 ff 07 c5, 1555981117.182935        0024    000    8    02 02 01 fb 61 fe 80 0b, 1555981117.188024        02c4    000    8    03 cd 00 2b 00 80 21 6a, 1555981117.188229        00b0    000    6    00 00 00 00 11 01, 1555981117.188441        00b2    000    6    00 00 00 00 11 01, 1555981117.188684        0223    000    8    00 20 00 00 00 00 00 4d, 1555981117.189449        0620    000    8    10 00 00 00 30 40 00 00, 1555981117.191109        02c1    000    8    08 00 7f fe a2 c3 00 b5, 1555981117.193791        0260    000    8    08 00 0c 00 00 ff fd 7a, 1555981117.194043        0020    000    3    00 00 07, 1555981117.194293        00b4    000    8    00 00 00 00 78 00 00 34, 1555981117.194526        0025    000    8    0f 69 0f 5d 82 82 82 97, 1555981117.195229        0024    000    8    02 02 01 fd 61 fd 80 0c, 1555981117.198625        0262    000    5    21 00 00 00 8a, 1555981117.200139        00b0    000    6    00 00 00 00 11 02, 1555981117.200347        00b2    000    6    00 00 00 00 11 02, 1555981117.200593        0224    000    8    00 00 00 00 00 00 00 08, 1555981117.200721        02d5    000    2    2b 3d, 1555981117.201359        02c6    000    8    00 00 00 00 00 00 00 d0, 1555981117.204509        0638    000    8    13 00 1f 00 00 00 00 00, 1555981117.206095        0020    000    3    00 00 07, 1555981117.206341        00b4    000    8    00 00 00 00 78 00 00 34, 1555981117.206582        0024    000    8    02 02 01 fd 61 fe 80 0d, 1555981117.206812        0025    000    8    0f 69 0f 5d 78 78 78 79, 1555981117.206985        00ba    000    4    02 00 07 c7, 1555981117.207501        07e8    000    8    03 41 0d 00 00 00 00 00, 1555981117.210555        02d0    000    8    07 75 09 00 70 00 00 cf
1555981117.211598        02c4    000    8    03 cc 00 2b 00 80 21 69
1555981117.212176        00b0    000    6    00 00 00 00 11 03
1555981117.212383        00b2    000    6    00 00 00 00 11 03
1555981117.212627        0223    000    8    00 20 00 00 00 00 00 4d
1555981117.214025        0260    000    8    08 00 0c 00 00 00 04 82
1555981117.214578        02c5    000    4    00 03 b0 7e
1555981117.218145        0020    000    3    00 00 07
1555981117.218394        00b4    000    8    00 00 00 00 78 00 00 34
1555981117.218623        0025    000    8    0f 69 0f 5d 78 78 78 79
1555981117.218864        0024    000    8    02 02 01 fb 61 fe 80 0b
1555981117.219048        0262    000    5    21 00 00 00 8a
1555981117.222853        02c1    000    8    08 00 83 fe a4 c4 00 bc
1555981117.223761        02d5    000    2    2b 3d
1555981117.224218        00b0    000    6    00 00 00 00 11 04
1555981117.224427        00b2    000    6    00 00 00 00 11 04
1555981117.224678        0224    000    8    00 00 00 00 00 00 00 08
1555981117.230196        0020    000    3    00 00 07
1555981117.230439        00b4    000    8    00 00 00 00 78 00 00 34
1555981117.230668        0025    000    8    0f 69 0f 5d 78 78 78 79
1555981117.230836        00ba    000    4    01 fe 07 c4
1555981117.231078        0024    000    8    02 02 01 fb 61 fd 80 0a
1555981117.233091        02c6    000    8    00 00 00 00 00 00 00 d0
1555981117.234209        0260    000    8    08 00 0c 00 00 00 05 83
1555981117.235126        02c4    000    8    03 ce 00 2b 00 80 21 6b
1555981117.236277        00b0    000    6    00 00 00 00 11 05
1555981117.236486        00b2    000    6    00 00 00 00 11 05
1555981117.236728        0223    000    8    00 20 00 00 00 00 00 4d
1555981117.239250        0262    000    5    21 00 00 00 8a
1555981117.242221        0020    000    3    00 00 07
1555981117.242474        00b4    000    8    00 00 00 00 78 00 00 34
1555981117.242710        0025    000    8    0f 69 0f 5d 78 78 78 79
1555981117.242934        02d0    000    8    07 78 09 00 70 00 00 d2
1555981117.243358        0024    000    8    02 02 01 fc 61 fe 80 0c
1555981117.246217        0442    000    8    40 02 00 00 03 00 00 00
1555981117.247307        02d5    000    2    2b 3d
1555981117.248302        00b0    000    6    00 00 00 00 11 06
1555981117.248511        00b2    000    6    00 00 00 00 11 06
1555981117.248761        0224    000    8    00 00 00 00 00 00 00 08
1555981117.254275        0020    000    3    00 00 07
1555981117.254520        00b4    000    8    00 00 00 00 78 00 00 34
1555981117.254759        0024    000    8    02 01 01 fc 61 fe 80 0b
1555981117.254988        0025    000    8    0f 69 0f 5d 78 78 78 79
1555981117.255159        00ba    000    4    01 ff 07 c5
1555981117.255409        0260    000    8    08 00 0c 00 00 ff ff 7c
1555981117.255649        02c1    000    8    08 00 7d fe 9e c3 00 af
1555981117.258694        02c4    000    8    03 cf 00 2b 00 80 21 6c
1555981117.259580        0262    000    5    21 00 00 00 8a
1555981117.260353        00b0    000    6    00 00 00 00 11 07
1555981117.260559        00b2    000    6    00 00 00 00 11 07
1555981117.260803        0223    000    8    00 20 00 00 00 00 00 4d
1555981117.262720        02c5    000    4    00 03 b0 7e
1555981117.264975        02c6    000    8    00 00 00 00 00 00 00 d0
1555981117.266308        0020    000    3    00 00 07
1555981117.266556        00b4    000    8    00 00 00 00 78 00 00 34
1555981117.266786        0025    000    8    0f 69 0f 5d 78 78 78 79
1555981117.267030        0024    000    8    02 02 01 fc 61 fd 80 0b
1555981117.268937        07e8    000    8    03 41 11 2b 00 00 00 00

1555981117.306284        07e8    000    8    04 41 0c 0b f6 00 00 00, 1555981117.308452        00b0    000    6    00 00 00 00 11 0b, 1555981117.308656        00b2    000    6    00 00 00 00 11 0b, 1555981117.308900        0223    000    8    00 20 00 00 00 00 00 4d, 1555981117.310844        02c5    000    4    00 03 b0 7e, 1555981117.314393        0020    000    3    00 00 07, 1555981117.314640        00b4    000    8    00 00 00 00 78 00 00 34, 1555981117.314870        0025    000    8    0f 69 0f 5d 78 78 78 79, 1555981117.315114        0024    000    8    02 02 01 fc 61 fd 80 0b, 1555981117.315364        0260    000    8    08 00 0c 00 00 00 00 7e, 1555981117.318088        02c1    000    8    08 00 7b fe 9b c3 00 aa, 1555981117.318214        02d5    000    2    2b 3d, 1555981117.320130        0262    000    5    21 00 00 00 8a, 1555981117.320477        00b0    000    6    00 00 00 00 11 0c, 1555981117.320683        00b2    000    6    00 00 00 00 11 0c, 1555981117.320932        0224    000    8    00 00 00 00 00 00 00 08, 1555981117.322197        07e8    000    8    03 41 0d 00 00 00 00 00, 1555981117.326656        0020    000    3    00 00 07
1555981117.326905        00b4    000    8    00 00 00 00 78 00 00 34
1555981117.327135        0025    000    8    0f 69 0f 5d 78 78 78 79
1555981117.327375        0024    000    8    02 01 01 fc 61 fe 80 0b
1555981117.327547        00ba    000    4    02 00 07 c7
1555981117.328339        02c6    000    8    00 00 00 00 00 00 00 d0
1555981117.329342        02c4    000    8    03 d5 00 2b 00 80 21 72
1555981117.330379        07e8    000    8    03 41 11 2b 00 00 00 00

1555981118.075919        07e8    000    8    04 41 0c 0b f6 00 00 00, 1555981118.078208        0621    000    8    11 00 00 00 00 00 00 00, 1555981118.079460        00b0    000    6    00 00 00 00 11 0b, 1555981118.079663        00b2    000    6    00 00 00 00 11 0b, 1555981118.079944        0223    000    8    00 20 00 00 00 00 00 4d, 1555981118.080141        02c1    000    8    08 00 7e fe 95 c3 00 a7, 1555981118.080932        02c5    000    4    00 03 b0 7e, 1555981118.083049        02c4    000    8    03 d5 00 2b 00 80 21 72, 1555981118.083296        0260    000    8    08 00 0c 00 00 00 00 7e, 1555981118.085416        0020    000    3    00 00 07, 1555981118.085663        00b4    000    8    00 00 00 00 78 00 00 34, 1555981118.085892        0025    000    8    0f 69 0f 5d 78 78 78 79, 1555981118.086199        0024    000    8    02 01 01 fb 61 fe 7f 09, 1555981118.088300        0620    000    8    10 00 00 00 30 40 00 00, 1555981118.088479        0262    000    5    21 00 00 00 8a, 1555981118.090247        02c6    000    8    00 00 00 00 00 00 00 d0, 1555981118.091493        00b0    000    6    00 00 00 00 11 0c, 1555981118.091694        00b2    000    6    00 00 00 00 11 0c, 1555981118.091943        0224    000    8    00 00 00 00 00 00 00 08, 1555981118.095228        02d5    000    2    2b 3d, 1555981118.096447        03b1    000    8    00 00 00 24 a0 00 00 00, 1555981118.096691        0640    000    8    a8 00 00 00 01 90 00 00, 1555981118.097457        0020    000    3    00 00 07, 1555981118.097704        00b4    000    8    00 00 00 00 78 00 00 34, 1555981118.097932        0025    000    8    0f 69 0f 5d 78 78 78 79, 1555981118.098100        00ba    000    4    01 fe 07 c4, 1555981118.098484        0024    000    8    02 01 01 fc 61 fe 80 0b, 1555981118.099442        02d0    000    8    07 84 09 00 70 00 00 de, 1555981118.103120        0440    000    8    42 02 00 00 00 00 00 00, 1555981118.103539        0260    000    8    08 00 0c 00 00 00 00 7e, 1555981118.103743        00b0    000    6    00 00 00 00 11 0d, 1555981118.103949        00b2    000    6    00 00 00 00 11 0d, 1555981118.104194        0223    000    8    00 20 00 00 00 00 00 4d, 1555981118.106628        02c4    000    8    03 d7 00 2b 00 80 21 74, 1555981118.108556        0262    000    5    21 00 00 00 8a, 1555981118.109484        0020    000    3    00 00 07, 1555981118.109731        00b4    000    8    00 00 00 00 78 00 00 34, 1555981118.109959        0025    000    8    0f 69 0f 5d 78 78 78 79, 1555981118.110771        0024    000    8    02 01 01 fc 61 fe 80 0b, 1555981118.111726        02c1    000    8    08 00 88 fe 9e c4 00 bb, 1555981118.115568        00b0    000    6    00 00 00 00 11 0e, 1555981118.115773        00b2    000    6    00 00 00 00 11 0e, 1555981118.116022        0224    000    8    00 00 00 00 00 00 00 08, 1555981118.118793        02d5    000    2    2b 3d, 1555981118.121515        0020    000    3    00 00 07, 1555981118.121758        00b4    000    8    00 00 00 00 78 00 00 34, 1555981118.121988        0025    000    8    0f 69 0f 5d 78 78 78 79, 1555981118.122228        0024    000    8    02 01 01 fc 61 fe 80 0b, 1555981118.122397        00ba    000    4    01 ff 07 c5, 1555981118.122644        02c6    000    8    00 00 00 00 00 00 00 d0, 1555981118.122991        03d6    000    7    00 00 00 00 00 00 00, 1555981118.123715        0260    000    8    08 00 0c 00 00 00 01 7f, 1555981118.124276        04c6    000    8    07 00 01 10 00 00 00 00, 1555981118.127596        00b0    000    6    00 00 00 00 11 0f, 1555981118.127799        00b2    000    6    00 00 00 00 11 0f, 1555981118.128044        0223    000    8    00 20 00 00 00 00 00 4d, 1555981118.128541        0262    000    5    21 00 00 00 8a, 1555981118.129070        02c5    000    4    00 03 b0 7e, 1555981118.130161        02c4    000    8    03 db 00 2b 00 80 21 78, 1555981118.131195        02d0    000    8    07 87 09 00 70 00 00 e1, 1555981118.131318        0398    000    2    01 4b, 1555981118.133544        0020    000    3    00 00 07, 1555981118.133829        00b4    000    8    00 00 00 00 78 00 00 34, 1555981118.134059        0025    000    8    0f 69 0f 5d 78 78 78 79, 1555981118.134333        0024    000    8    02 01 01 fc 61 fd 7f 09, 1555981118.139789        00b0    000    6    00 00 00 00 11 00, 1555981118.139994        00b2    000    6    00 00 00 00 11 00, 1555981118.140245        0224    000    8    00 00 00 00 00 00 00 08, 1555981118.142335        02d5    000    2    2b 3d, 1555981118.143485        02c1    000    8    08 00 86 fe a0 c4 00 bb, 1555981118.143914        0260    000    8    08 00 0c 00 00 ff fc 79, 1555981118.145758        0020    000    3    00 00 07, 1555981118.146005        00b4    000    8    00 00 00 00 78 00 00 34, 1555981118.146233        0025    000    8    0f 69 0f 5d 78 78 78 79, 1555981118.146405        00ba    000    4    02 00 07 c7, 1555981118.146648        0024    000    8    02 01 01 fc 61 fe 80 0b, 1555981118.149096        0262    000    5    21 00 00 00 8a, 1555981118.151838        00b0    000    6    00 00 00 00 11 01, 1555981118.152040        00b2    000    6    00 00 00 00 11 01, 1555981118.152288        0223    000    8    00 20 00 00 00 00 00 4d, 1555981118.153720        02c4    000    8    03 da 00 2b 00 80 21 77, 1555981118.153963        02c6    000    8    00 00 00 00 00 00 00 d0, 1555981118.157795        0020    000    3    00 00 07, 1555981118.158041        00b4    000    8    00 00 00 00 78 00 00 34, 1555981118.158269        0025    000    8    0f 69 0f 5d 78 78 78 79, 1555981118.158904        0024    000    8    02 01 01 fc 61 fe 80 0b, 1555981118.162930        02d0    000    8    07 87 09 00 70 00 00 e1, 1555981118.163862        00b0    000    6    00 00 00 00 11 02, 1555981118.164066        00b2    000    6    00 00 00 00 11 02, 1555981118.164317        0224    000    8    00 00 00 00 00 00 00 08, 1555981118.164565        0260    000    8    08 00 0c 00 00 ff fe 7b, 1555981118.165897        02d5    000    2    2b 3d, 1555981118.169005        0262    000    5    21 00 00 00 8a, 1555981118.169801        0020    000    3    00 00 07, 1555981118.170049        00b4    000    8    00 00 00 00 78 00 00 34, 1555981118.170293        0024    000    8    02 02 01 fc 61 fd 80 0b, 1555981118.170529        0025    000    8    0f 69 0f 5d 78 78 78 79, 1555981118.170694        00ba    000    4    01 ff 07 c5, 1555981118.173178        03a0    000    8    00 00 00 00 16 f0 00 51, 1555981118.175216        02c1    000    8    08 00 84 fe 9e c4 00 b7, 1555981118.175892        00b0    000    6    00 00 00 00 11 03, 1555981118.176095        00b2    000    6    00 00 00 00 11 03, 1555981118.176339        0223    000    8    00 20 00 00 00 00 00 4d, 1555981118.177268        02c4    000    8    03 db 00 2b 00 80 21 78, 1555981118.177434        02c5    000    4    00 03 b0 7e, 1555981118.181857        0020    000    3    00 00 07, 1555981118.182100        00b4    000    8    00 00 00 00 78 00 00 34, 1555981118.182329        0025    000    8    0f 69 0f 5d 78 78 78 79, 1555981118.182574        0024    000    8    02 02 01 fc 61 fd 80 0b, 1555981118.184364        0260    000    8    08 00 0c 00 00 00 00 7e, 1555981118.185466        02c6    000    8    00 00 00 00 00 00 00 d0, 1555981118.187926        00b0    000    6    00 00 00 00 11 04, 1555981118.188128        00b2    000    6    00 00 00 00 11 04, 1555981118.188377        0224    000    8    00 00 00 00 00 00 00 08, 1555981118.189220        0262    000    5    21 00 00 00 8a, 1555981118.189436        02d5    000    2    2b 3d, 1555981118.193893        0020    000    3    00 00 07, 1555981118.194138        00b4    000    8    00 00 00 00 78 00 00 34, 1555981118.194368        0025    000    8    0f 69 0f 5d 78 78 78 79, 1555981118.194538        00ba    000    4    02 00 07 c7, 1555981118.194782        0024    000    8    02 01 01 fc 61 fe 80 0b, 1555981118.195018        02d0    000    8    07 8b 09 00 70 00 00 e5, 1555981118.195709        0442    000    8    40 02 00 00 03 00 00 00, 1555981118.199982        00b0    000    6    00 00 00 00 11 05, 1555981118.200185        00b2    000    6    00 00 00 00 11 05, 1555981118.200429        0223    000    8    00 20 00 00 00 00 00 4d, 1555981118.200822        02c4    000    8    03 da 00 2b 00 80 21 77, 1555981118.203159        0638    000    8    13 00 1f 00 00 00 00 00, 1555981118.204588        0260    000    8    08 00 0c 00 00 00 03 81, 1555981118.205939        0020    000    3    00 00 07, 1555981118.206185        00b4    000    8    00 00 00 00 78 00 00 34, 1555981118.206417        0025    000    8    0f 69 0f 5d 82 82 82 97, 1555981118.206969        02c1    000    8    08 00 84 fe 9c c4 00 b5, 1555981118.207209        0024    000    8    02 01 01 fc 61 fd 81 0b, 1555981118.209638        0262    000    5    21 00 00 00 8a, 1555981118.212040        00b0    000    6    00 00 00 00 11 06, 1555981118.212244        00b2    000    6    00 00 00 00 11 06, 1555981118.212493        0224    000    8    00 00 00 00 00 00 00 08, 1555981118.213007        02d5    000    2    2b 3d, 1555981118.215176        07e8    000    8    03 41 0d 00 00 00 00 00, 1555981118.217231        02c6    000    8    00 00 00 00 00 00 00 d0
1555981118.218007        0020    000    3    00 00 07
1555981118.218254        00b4    000    8    00 00 00 00 78 00 00 34
1555981118.218496        0024    000    8    02 02 01 fc 61 fc 80 0a
1555981118.218724        0025    000    8    0f 69 0f 5d 78 78 78 79
1555981118.218897        00ba    000    4    02 00 07 c7
1555981118.224116        00b0    000    6    00 00 00 00 11 07
1555981118.224317        00b2    000    6    00 00 00 00 11 07
1555981118.224565        0223    000    8    00 20 00 00 00 00 00 4d
1555981118.224816        0260    000    8    08 00 0c 00 00 00 03 81
1555981118.225041        02c4    000    8    03 dc 00 2b 00 80 21 79
1555981118.225335        02c5    000    4    00 03 b0 7e
1555981118.226418        02d0    000    8    07 8d 09 00 70 00 00 e7
1555981118.229963        0262    000    5    21 00 00 00 8a
1555981118.230114        0020    000    3    00 00 07
1555981118.230366        00b4    000    8    00 00 00 00 78 00 00 34
1555981118.230595        0025    000    8    0f 69 0f 5d 78 78 78 79
1555981118.230839        0024    000    8    02 02 01 fc 61 fd 80 0b
1555981118.236136        00b0    000    6    00 00 00 00 11 08
1555981118.236339        00b2    000    6    00 00 00 00 11 08
1555981118.236588        0224    000    8    00 00 00 00 00 00 00 08
1555981118.236715        02d5    000    2    2b 3d
1555981118.238719        02c1    000    8    08 00 84 fe 98 c4 00 b1
1555981118.242093        0020    000    3    00 00 07
1555981118.242340        00b4    000    8    00 00 00 00 78 00 00 34
1555981118.242569        0025    000    8    0f 69 0f 5d 78 78 78 79
1555981118.242740        00ba    000    4    02 00 07 c7
1555981118.242987        0024    000    8    02 02 01 fc 61 fd 80 0b
1555981118.245019        0260    000    8    08 00 0c 00 00 00 00 7e
1555981118.247932        02c4    000    8    03 dc 00 2b 00 80 21 79
1555981118.248205        00b0    000    6    00 00 00 00 11 09
1555981118.248412        00b2    000    6    00 00 00 00 11 09
1555981118.248657        0223    000    8    00 20 00 00 00 00 00 4d
1555981118.248953        02c6    000    8    00 00 00 00 00 00 00 d0
1555981118.250062        0262    000    5    21 00 00 00 8a
1555981118.254175        0020    000    3    00 00 07
1555981118.254420        00b4    000    8    00 00 00 00 78 00 00 34
1555981118.254650        0025    000    8    0f 69 0f 5d 78 78 78 79
1555981118.255176        0024    000    8    02 02 01 fc 61 fd 80 0b
1555981118.258179        02d0    000    8    07 8d 09 00 70 00 00 e7
1555981118.260114        02d5    000    2    2b 3d
1555981118.260314        00b0    000    6    00 00 00 00 11 0a
1555981118.260520        00b2    000    6    00 00 00 00 11 0a
1555981118.260770        0224    000    8    00 00 00 00 00 00 00 08
1555981118.265213        0260    000    8    08 00 0c 00 00 00 01 7f
1555981118.266187        0020    000    3    00 00 07
1555981118.266434        00b4    000    8    00 00 00 00 78 00 00 34
1555981118.266661        0025    000    8    0f 69 0f 5d 78 78 78 79
1555981118.266832        00ba    000    4    02 00 07 c7
1555981118.267464        0024    000    8    02 01 01 fb 61 fe 80 0a
1555981118.270285        0262    000    5    21 00 00 00 8a
1555981118.270516        02c1    000    8    08 00 8b fe a2 c4 00 c2
1555981118.271476        02c4    000    8    03 dc 00 2b 00 80 21 79
1555981118.272264        00b0    000    6    00 00 00 00 11 0b
1555981118.272466        00b2    000    6    00 00 00 00 11 0b
1555981118.272710        0223    000    8    00 20 00 00 00 00 00 4d
1555981118.273138        03a0    000    8    00 00 00 00 16 f0 00 51
1555981118.273454        02c5    000    4    00 03 b0 7e
1555981118.276621        07e8    000    8    03 41 11 2b 00 00 00 00

1555981118.317571        07e8    000    8    04 41 0c 0c 0f 00 00 00, 1555981118.318582        02c4    000    8    03 dc 00 2b 00 80 21 79, 1555981118.320417        00b0    000    6    00 00 00 00 11 0f, 1555981118.320621        00b2    000    6    00 00 00 00 11 0f, 1555981118.320864        0223    000    8    00 20 00 00 00 00 00 4d, 1555981118.321595        02c5    000    4    00 03 b0 7e, 1555981118.321833        02d0    000    8    07 8e 09 00 70 00 00 e8, 1555981118.325886        0260    000    8    08 00 0c 00 00 ff fd 7a, 1555981118.326362        0020    000    3    00 00 07, 1555981118.326610        00b4    000    8    00 00 00 00 78 00 00 34, 1555981118.326841        0025    000    8    0f 69 0f 5d 78 78 78 79, 1555981118.327083        0024    000    8    02 01 01 fc 61 fd 80 0a, 1555981118.330733        0262    000    5    21 00 00 00 8a, 1555981118.330851        02d5    000    2    2b 3d, 1555981118.332460        00b0    000    6    00 00 00 00 11 00, 1555981118.332682        00b2    000    6    00 00 00 00 11 00, 1555981118.332907        0224    000    8    00 00 00 00 00 00 00 08, 1555981118.333957        02c1    000    8    08 00 83 fe 99 c4 00 b1, 1555981118.338060        07e8    000    8    03 41 0d 00 00 00 00 00, 1555981118.338409        0020    000    3    00 00 07
1555981118.338658        00b4    000    8    00 00 00 00 78 00 00 34
1555981118.338887        0025    000    8    0f 69 0f 5d 78 78 78 79
1555981118.339059        00ba    000    4    02 00 07 c7
1555981118.339299        0024    000    8    02 01 01 fc 61 fe 80 0b
1555981118.342146        02c4    000    8    03 d9 00 2b 00 80 21 76
1555981118.344216        02c6    000    8    00 00 00 00 00 00 00 d0
1555981118.344500        00b0    000    6    00 00 00 00 11 01
1555981118.344710        00b2    000    6    00 00 00 00 11 01
1555981118.344953        0223    000    8    00 20 00 00 00 00 00 4d
1555981118.346099        0260    000    8    08 00 0c 00 00 00 06 84
1555981118.346337        07e8    000    8    03 41 11 2b 00 00 00 00

1555981119.075371        07e8    000    8    04 41 0c 0c 0f 00 00 00, 1555981119.076905        0621    000    8    11 00 00 00 00 00 00 00, 1555981119.078730        0262    000    5    21 00 00 00 8a, 1555981119.079147        00b0    000    6    00 00 00 00 11 0e, 1555981119.079354        00b2    000    6    00 00 00 00 11 0e, 1555981119.079604        0224    000    8    00 00 00 00 00 00 00 08, 1555981119.083205        04c6    000    8    07 00 01 10 00 00 00 00, 1555981119.083560        02d0    000    8    07 8c 09 00 70 00 00 e6, 1555981119.084462        02d5    000    2    2b 3d, 1555981119.085112        0020    000    3    00 00 07, 1555981119.085361        00b4    000    8    00 00 00 00 78 00 00 34, 1555981119.085589        0025    000    8    0f 69 0f 5d 78 78 78 79, 1555981119.085829        0024    000    8    02 01 01 fd 61 fe 7f 0b, 1555981119.086000        00ba    000    4    02 00 07 c7, 1555981119.091187        00b0    000    6    00 00 00 00 11 0f, 1555981119.091387        00b2    000    6    00 00 00 00 11 0f, 1555981119.091629        0223    000    8    00 20 00 00 00 00 00 4d, 1555981119.091796        02c5    000    4    00 03 b0 7e, 1555981119.094065        0260    000    8    08 00 0c 00 00 ff fe 7b, 1555981119.095854        02c1    000    8    08 00 6c fe 82 c3 00 82, 1555981119.096089        02c4    000    8    03 db 00 2b 00 80 21 78, 1555981119.096334        03b1    000    8    00 00 00 24 a0 00 00 00, 1555981119.096580        0640    000    8    a8 00 00 00 01 90 00 00, 1555981119.097148        0020    000    3    00 00 07, 1555981119.097397        00b4    000    8    00 00 00 00 78 00 00 34, 1555981119.097628        0025    000    8    0f 69 0f 5d 78 78 78 79, 1555981119.098036        0024    000    8    02 01 01 fc 61 fe 80 0b, 1555981119.099240        0262    000    5    21 00 00 00 8a, 1555981119.103252        00b0    000    6    00 00 00 00 11 00, 1555981119.103450        00b2    000    6    00 00 00 00 11 00, 1555981119.103700        0224    000    8    00 00 00 00 00 00 00 08, 1555981119.106104        02c6    000    8    00 00 00 00 00 00 00 d0, 1555981119.108025        02d5    000    2    2b 3d, 1555981119.109214        0020    000    3    00 00 07, 1555981119.109461        00b4    000    8    00 00 00 00 78 00 00 34, 1555981119.109690        0025    000    8    0f 69 0f 5d 78 78 78 79, 1555981119.109857        00ba    000    4    01 ff 07 c5, 1555981119.110314        0024    000    8    02 01 01 fc 61 fd 80 0a, 1555981119.114323        0260    000    8    08 00 0c 00 00 00 01 7f, 1555981119.115298        02d0    000    8    07 8b 09 00 70 00 00 e5, 1555981119.115506        00b0    000    6    00 00 00 00 11 01, 1555981119.115714        00b2    000    6    00 00 00 00 11 01, 1555981119.115959        0223    000    8    00 20 00 00 00 00 00 4d, 1555981119.119392        02c4    000    8    03 da 00 2b 00 80 21 77, 1555981119.119570        0262    000    5    21 00 00 00 8a, 1555981119.121252        0020    000    3    00 00 07, 1555981119.121492        00b4    000    8    00 00 00 00 78 00 00 34, 1555981119.121734        0024    000    8    02 02 01 fc 61 fe 80 0c, 1555981119.121963        0025    000    8    0f 69 0f 5d 78 78 78 79, 1555981119.127321        00b0    000    6    00 00 00 00 11 02, 1555981119.127523        00b2    000    6    00 00 00 00 11 02, 1555981119.127773        0224    000    8    00 00 00 00 00 00 00 08, 1555981119.128010        02c1    000    8    08 00 6b fe 74 c3 00 73, 1555981119.131576        02d5    000    2    2b 3d, 1555981119.133274        0020    000    3    00 00 07, 1555981119.133520        00b4    000    8    00 00 00 00 78 00 00 34, 1555981119.133750        0025    000    8    0f 69 0f 5d 78 78 78 79, 1555981119.133990        0024    000    8    02 01 01 fc 61 fe 80 0b, 1555981119.134159        00ba    000    4    01 ff 07 c5, 1555981119.134409        0260    000    8    08 00 0c 00 00 00 01 7f, 1555981119.137845        02c6    000    8    00 00 00 00 00 00 00 d0, 1555981119.139374        00b0    000    6    00 00 00 00 11 03, 1555981119.139580        00b2    000    6    00 00 00 00 11 03, 1555981119.139823        0223    000    8    00 20 00 00 00 00 00 4d, 1555981119.140005        0262    000    5    21 00 00 00 8a, 1555981119.140176        02c5    000    4    00 03 b0 7e, 1555981119.142961        02c4    000    8    03 d9 00 2b 00 80 21 76, 1555981119.145339        0020    000    3    00 00 07, 1555981119.145579        00b4    000    8    00 00 00 00 78 00 00 34, 1555981119.145811        0025    000    8    0f 69 0f 5d 78 78 78 79, 1555981119.146161        0024    000    8    02 01 01 fc 61 fc 80 09, 1555981119.147056        02d0    000    8    07 8d 09 00 70 00 00 e7, 1555981119.151587        00b0    000    6    00 00 00 00 11 04, 1555981119.151797        00b2    000    6    00 00 00 00 11 04, 1555981119.152036        0224    000    8    00 00 00 00 00 00 00 08, 1555981119.154725        0260    000    8    08 00 0c 00 00 ff ff 7c, 1555981119.155134        02d5    000    2    2b 3d, 1555981119.155871        0442    000    8    40 02 00 00 03 00 00 00, 1555981119.157574        0020    000    3    00 00 07, 1555981119.157807        00b4    000    8    00 00 00 00 78 00 00 34, 1555981119.158027        0025    000    8    0f 69 0f 5d 78 78 78 79, 1555981119.158196        00ba    000    4    02 00 07 c7, 1555981119.158438        0024    000    8    02 01 01 fc 61 fd 7f 09, 1555981119.159374        02c1    000    8    08 00 6a fe 7e c3 00 7c, 1555981119.159799        0262    000    5    21 00 00 00 8a, 1555981119.163720        00b0    000    6    00 00 00 00 11 05, 1555981119.163862        00b2    000    6    00 00 00 00 11 05, 1555981119.164108        0223    000    8    00 20 00 00 00 00 00 4d, 1555981119.166499        02c4    000    8    03 da 00 2b 00 80 21 77, 1555981119.169594        02c6    000    8    00 00 00 00 00 00 00 d0, 1555981119.169744        0020    000    3    00 00 07, 1555981119.169995        00b4    000    8    00 00 00 00 78 00 00 34, 1555981119.170228        0025    000    8    0f 69 0f 5d 82 82 82 97, 1555981119.170731        0024    000    8    02 02 01 fc 61 fe 80 0c, 1555981119.172962        03a0    000    8    00 00 00 00 16 ef 00 52, 1555981119.174931        0260    000    8    08 00 0c 00 00 00 01 7f, 1555981119.175686        00b0    000    6    00 00 00 00 11 06, 1555981119.175893        00b2    000    6    00 00 00 00 11 06, 1555981119.176144        0224    000    8    00 00 00 00 00 00 00 08, 1555981119.178800        02d0    000    8    07 8d 09 00 70 00 00 e7, 1555981119.178917        02d5    000    2    2b 3d, 1555981119.180013        0262    000    5    21 00 00 00 8a, 1555981119.181654        0020    000    3    00 00 07, 1555981119.181899        00b4    000    8    00 00 00 00 78 00 00 34, 1555981119.182143        0024    000    8    02 02 01 fc 61 fd 80 0b, 1555981119.182372        0025    000    8    0f 69 0f 5d 6e 6e 6e 5b, 1555981119.182544        00ba    000    4    01 ff 07 c5, 1555981119.187723        00b0    000    6    00 00 00 00 11 07, 1555981119.187928        00b2    000    6    00 00 00 00 11 07, 1555981119.188173        0223    000    8    00 20 00 00 00 00 00 4d, 1555981119.188339        02c5    000    4    00 03 b0 7e, 1555981119.190067        02c4    000    8    03 d7 00 2b 00 80 21 74, 1555981119.191082        02c1    000    8    08 00 77 fe 87 c3 00 92, 1555981119.193661        0020    000    3    00 00 07, 1555981119.193908        00b4    000    8    00 00 00 00 78 00 00 34, 1555981119.194138        0025    000    8    0f 69 0f 5d 78 78 78 79, 1555981119.194379        0024    000    8    02 02 01 fc 61 fe 80 0c, 1555981119.195178        0260    000    8    08 00 0c 00 00 ff fb 78, 1555981119.199729        00b0    000    6    00 00 00 00 11 08, 1555981119.199956        00b2    000    6    00 00 00 00 11 08, 1555981119.200183        0224    000    8    00 00 00 00 00 00 00 08, 1555981119.200368        0262    000    5    21 00 00 00 8a, 1555981119.201329        02c6    000    8    00 00 00 00 00 00 00 d0, 1555981119.201641        0638    000    8    13 00 1f 00 00 00 00 00, 1555981119.202237        02d5    000    2    2b 3d, 1555981119.205678        0020    000    3    00 00 07, 1555981119.205915        00b4    000    8    00 00 00 00 78 00 00 34, 1555981119.206148        0025    000    8    0f 69 0f 5d 82 82 82 97, 1555981119.206326        00ba    000    4    01 ff 07 c5, 1555981119.206567        03b7    000    8    00 00 00 00 00 00 00 00, 1555981119.206805        0024    000    8    02 01 01 fc 61 fe 7f 0a, 1555981119.210553        02d0    000    8    07 8c 09 00 70 00 00 e6, 1555981119.211754        00b0    000    6    00 00 00 00 11 09, 1555981119.211952        00b2    000    6    00 00 00 00 11 09, 1555981119.212195        0223    000    8    00 20 00 00 00 00 00 4d, 1555981119.213805        02c4    000    8    03 d7 00 2b 00 80 21 74, 1555981119.215411        0260    000    8    08 00 0c 00 00 ff fc 79, 1555981119.217704        0020    000    3    00 00 07, 1555981119.217942        00b4    000    8    00 00 00 00 78 00 00 34, 1555981119.218173        0025    000    8    0f 69 0f 5d 78 78 78 79, 1555981119.218738        07e8    000    8    03 41 0d 00 00 00 00 00, 1555981119.218974        0024    000    8    02 01 01 fc 61 fd 7f 09
1555981119.220238        0262    000    5    21 00 00 00 8a
1555981119.220364        0394    000    1    00
1555981119.222834        02c1    000    8    08 00 75 fe 84 c3 00 8d
1555981119.223778        00b0    000    6    00 00 00 00 11 0a
1555981119.223979        00b2    000    6    00 00 00 00 11 0a
1555981119.224230        0224    000    8    00 00 00 00 00 00 00 08
1555981119.225784        02d5    000    2    2b 3d
1555981119.229766        0020    000    3    00 00 07
1555981119.230004        00b4    000    8    00 00 00 00 78 00 00 34
1555981119.230247        0024    000    8    02 02 01 fd 61 fd 80 0c
1555981119.230476        0025    000    8    0f 69 0f 5d 78 78 78 79
1555981119.230647        00ba    000    4    02 00 07 c7
1555981119.233092        02c6    000    8    00 00 00 00 00 00 00 d0
1555981119.235619        0260    000    8    08 00 0c 00 00 00 00 7e
1555981119.235839        00b0    000    6    00 00 00 00 11 0b
1555981119.236045        00b2    000    6    00 00 00 00 11 0b
1555981119.236290        0223    000    8    00 20 00 00 00 00 00 4d
1555981119.236456        02c5    000    4    00 03 b0 7e
1555981119.237173        02c4    000    8    03 d7 00 2b 00 80 21 74
1555981119.240678        0262    000    5    21 00 00 00 8a
1555981119.241799        0020    000    3    00 00 07
1555981119.242042        00b4    000    8    00 00 00 00 78 00 00 34
1555981119.242273        0025    000    8    0f 69 0f 5d 78 78 78 79
1555981119.242513        0024    000    8    02 02 01 fd 61 fe 80 0d
1555981119.242753        02d0    000    8    07 8c 09 00 70 00 00 e6
1555981119.247887        00b0    000    6    00 00 00 00 11 0c
1555981119.248086        00b2    000    6    00 00 00 00 11 0c
1555981119.248335        0224    000    8    00 00 00 00 00 00 00 08
1555981119.249349        02d5    000    2    2b 3d
1555981119.251379        0440    000    8    42 02 00 00 00 00 00 00
1555981119.253854        0020    000    3    00 00 07
1555981119.254099        00b4    000    8    00 00 00 00 78 00 00 34
1555981119.254327        0025    000    8    0f 69 0f 5d 78 78 78 79
1555981119.254498        00ba    000    4    02 00 07 c7
1555981119.254739        0024    000    8    02 01 01 fd 61 fe 81 0d
1555981119.254977        02c1    000    8    08 00 79 fe 84 c3 00 91
1555981119.255846        0260    000    8    08 00 0c 00 00 ff fc 79
1555981119.259956        00b0    000    6    00 00 00 00 11 0d
1555981119.260139        00b2    000    6    00 00 00 00 11 0d
1555981119.260382        0223    000    8    00 20 00 00 00 00 00 4d
1555981119.260617        0262    000    5    21 00 00 00 8a
1555981119.260853        02c4    000    8    03 d3 00 2b 00 80 21 70
1555981119.264823        02c6    000    8    00 00 00 00 00 00 00 d0
1555981119.265893        0020    000    3    00 00 07
1555981119.266138        00b4    000    8    00 00 00 00 78 00 00 34
1555981119.266368        0025    000    8    0f 69 0f 5d 78 78 78 79
1555981119.266998        0024    000    8    02 02 01 fd 61 fd 80 0c
1555981119.271994        00b0    000    6    00 00 00 00 11 0e
1555981119.272187        00b2    000    6    00 00 00 00 11 0e
1555981119.272437        0224    000    8    00 00 00 00 00 00 00 08
1555981119.272944        03a0    000    8    00 00 00 00 16 f0 00 52
1555981119.273067        02d5    000    2    2b 3d
1555981119.274043        02d0    000    8    07 88 09 00 70 00 00 e2
1555981119.276046        0260    000    8    08 00 0c 00 00 ff fe 7b
1555981119.277936        0020    000    3    00 00 07
1555981119.278181        00b4    000    8    00 00 00 00 78 00 00 34
1555981119.278423        0024    000    8    02 02 01 fc 61 fe 80 0c
1555981119.278653        0025    000    8    0f 69 0f 5d 78 78 78 79
1555981119.278825        00ba    000    4    02 00 07 c7
1555981119.280182        07e8    000    8    03 41 11 2b 00 00 00 00

1555981119.317057        07e8    000    8    04 41 0c 0b ea 00 00 00, 1555981119.318060        02c1    000    8    08 00 72 fe 7e c3 00 84, 1555981119.320001        02d5    000    2    2b 3d, 1555981119.320208        00b0    000    6    00 00 00 00 11 02, 1555981119.320416        00b2    000    6    00 00 00 00 11 02, 1555981119.320666        0224    000    8    00 00 00 00 00 00 00 08, 1555981119.321524        0262    000    5    21 00 00 00 8a, 1555981119.326091        0020    000    3    00 00 07, 1555981119.326331        00b4    000    8    00 00 00 00 78 00 00 34, 1555981119.326569        0024    000    8    02 01 01 fc 61 fe 80 0b, 1555981119.326801        0025    000    8    0f 69 0f 5d 78 78 78 79, 1555981119.326969        00ba    000    4    01 ff 07 c5, 1555981119.328310        02c6    000    8    00 00 00 00 00 00 00 d0, 1555981119.331456        02c4    000    8    03 d0 00 2b 00 80 21 6d, 1555981119.332165        00b0    000    6    00 00 00 00 11 03, 1555981119.332371        00b2    000    6    00 00 00 00 11 03, 1555981119.332615        0223    000    8    00 20 00 00 00 00 00 4d, 1555981119.332793        02c5    000    4    00 03 b0 7e, 1555981119.333448        07e8    000    8    03 41 0d 00 00 00 00 00, 1555981119.336692        0260    000    8    08 00 0c 00 00 ff ff 7c
1555981119.337532        02d0    000    8    07 83 09 00 70 00 00 dd
1555981119.338123        0020    000    3    00 00 07
1555981119.338371        00b4    000    8    00 00 00 00 78 00 00 34
1555981119.338600        0025    000    8    0f 69 0f 5d 78 78 78 79
1555981119.338845        0024    000    8    02 01 01 fc 61 fd 80 0a
1555981119.341628        07e8    000    8    03 41 11 2b 00 00 00 00

1555981120.074856        07e8    000    8    04 41 0c 0b da 00 00 00, 1555981120.075389        0621    000    8    11 00 00 00 00 00 00 00, 1555981120.079063        00b0    000    6    00 00 00 00 11 01, 1555981120.079264        00b2    000    6    00 00 00 00 11 01, 1555981120.079507        0223    000    8    00 20 00 00 00 00 00 4d, 1555981120.079980        02c1    000    8    08 00 6a fe 83 c3 00 81, 1555981120.084685        0260    000    8    08 00 0c 00 00 ff fe 7b, 1555981120.085086        02c4    000    8    03 cb 00 2b 00 80 21 68, 1555981120.085239        0020    000    3    00 00 07, 1555981120.085490        00b4    000    8    00 00 00 00 78 00 00 34, 1555981120.085721        0025    000    8    0f 69 0f 5d 78 78 78 79, 1555981120.086303        0024    000    8    02 01 01 fc 61 fe 80 0b, 1555981120.089738        0262    000    5    21 00 00 00 8a, 1555981120.090207        02c6    000    8    00 00 00 00 00 00 00 d0, 1555981120.091085        00b0    000    6    00 00 00 00 11 02, 1555981120.091288        00b2    000    6    00 00 00 00 11 02, 1555981120.091538        0224    000    8    00 00 00 00 00 00 00 08, 1555981120.095444        03b1    000    8    00 00 00 24 a0 00 00 00, 1555981120.096457        0640    000    8    a8 00 00 00 01 90 00 00, 1555981120.097044        0020    000    3    00 00 07, 1555981120.097292        00b4    000    8    00 00 00 00 78 00 00 34, 1555981120.097521        0025    000    8    0f 69 0f 5d 78 78 78 79, 1555981120.097763        0024    000    8    02 01 01 fc 61 fd 80 0a, 1555981120.097934        00ba    000    4    01 ff 07 c5, 1555981120.098059        02d5    000    2    2b 3d, 1555981120.099426        02d0    000    8    07 72 09 00 70 00 00 cc, 1555981120.102418        02c5    000    4    00 03 b0 7e, 1555981120.103124        00b0    000    6    00 00 00 00 11 03, 1555981120.103329        00b2    000    6    00 00 00 00 11 03, 1555981120.103573        0223    000    8    00 20 00 00 00 00 00 4d, 1555981120.104890        0260    000    8    08 00 0c 00 00 ff fb 78, 1555981120.108640        02c4    000    8    03 cc 00 2b 00 80 21 69, 1555981120.109075        0020    000    3    00 00 07, 1555981120.109324        00b4    000    8    00 00 00 00 78 00 00 34, 1555981120.109555        0025    000    8    0f 69 0f 5d 78 78 78 79, 1555981120.109737        0262    000    5    21 00 00 00 8a, 1555981120.109977        0024    000    8    02 01 01 fc 61 fe 80 0b, 1555981120.110227        03b7    000    8    00 00 00 00 00 00 00 00, 1555981120.111713        02c1    000    8    08 00 61 fe 7f c3 00 74, 1555981120.115157        00b0    000    6    00 00 00 00 11 04, 1555981120.115362        00b2    000    6    00 00 00 00 11 04, 1555981120.115611        0224    000    8    00 00 00 00 00 00 00 08, 1555981120.120812        02d5    000    2    2b 3d, 1555981120.121104        0020    000    3    00 00 07, 1555981120.121351        00b4    000    8    00 00 00 00 78 00 00 34, 1555981120.121580        0025    000    8    0f 69 0f 5d 78 78 78 79, 1555981120.121750        00ba    000    4    01 ff 07 c5, 1555981120.121997        02c6    000    8    00 00 00 00 00 00 00 d0, 1555981120.122238        0024    000    8    02 01 01 fc 61 fe 80 0b, 1555981120.125118        0260    000    8    08 00 0c 00 00 ff fd 7a, 1555981120.125882        0442    000    8    40 02 00 00 03 00 00 00, 1555981120.127181        00b0    000    6    00 00 00 00 11 05, 1555981120.127386        00b2    000    6    00 00 00 00 11 05, 1555981120.127630        0223    000    8    00 20 00 00 00 00 00 4d, 1555981120.129962        0262    000    5    21 00 00 00 8a, 1555981120.130091        0394    000    1    00, 1555981120.131160        02d0    000    8    07 72 09 00 70 00 00 cc, 1555981120.132193        02c4    000    8    03 cb 00 2b 00 80 21 68, 1555981120.133120        0020    000    3    00 00 07, 1555981120.133367        00b4    000    8    00 00 00 00 78 00 00 34, 1555981120.133611        0024    000    8    02 01 01 fc 61 fd 80 0a, 1555981120.133847        0025    000    8    0f 69 0f 5d 78 78 78 79, 1555981120.139192        00b0    000    6    00 00 00 00 11 06, 1555981120.139403        00b2    000    6    00 00 00 00 11 06, 1555981120.139650        0224    000    8    00 00 00 00 00 00 00 08, 1555981120.143447        02c1    000    8    08 00 68 fe 88 c3 00 84, 1555981120.144371        02d5    000    2    2b 3d, 1555981120.145151        0020    000    3    00 00 07, 1555981120.145396        00b4    000    8    00 00 00 00 78 00 00 34, 1555981120.145624        0025    000    8    0f 69 0f 5d 78 78 78 79, 1555981120.145867        0024    000    8    02 01 01 fc 61 fe 80 0b, 1555981120.146035        00ba    000    4    02 00 07 c7, 1555981120.146284        0260    000    8    08 00 0c 00 00 ff fe 7b, 1555981120.146489        038a    000    5    00 04 00 00 00, 1555981120.150393        0262    000    5    21 00 00 00 8a, 1555981120.150553        02c5    000    4    00 03 b0 7e, 1555981120.151404        00b0    000    6    00 00 00 00 11 07, 1555981120.151610        00b2    000    6    00 00 00 00 11 07, 1555981120.151855        0223    000    8    00 20 00 00 00 00 00 4d, 1555981120.153705        02c6    000    8    00 00 00 00 00 00 00 d0, 1555981120.155738        02c4    000    8    03 cc 00 2b 00 80 21 69, 1555981120.157359        0020    000    3    00 00 07, 1555981120.157606        00b4    000    8    00 00 00 00 78 00 00 34, 1555981120.157835        0025    000    8    0f 69 0f 5d 78 78 78 79, 1555981120.158075        0024    000    8    02 01 01 fb 61 fe 80 0a, 1555981120.162924        02d0    000    8    07 70 09 00 70 00 00 ca, 1555981120.163444        00b0    000    6    00 00 00 00 11 08, 1555981120.163650        00b2    000    6    00 00 00 00 11 08, 1555981120.163900        0224    000    8    00 00 00 00 00 00 00 08, 1555981120.165559        0260    000    8    08 00 0c 00 00 00 02 80, 1555981120.167913        02d5    000    2    2b 3d, 1555981120.169421        0020    000    3    00 00 07, 1555981120.169671        00b4    000    8    00 00 00 00 78 00 00 34, 1555981120.169926        0025    000    8    0f 69 0f 5d 78 78 78 79, 1555981120.170064        00ba    000    4    01 fe 07 c4, 1555981120.170308        0024    000    8    02 01 01 fc 61 fd 80 0a, 1555981120.170490        0262    000    5    21 00 00 00 8a, 1555981120.172782        03a0    000    8    00 00 00 00 16 ef 00 52, 1555981120.175209        02c1    000    8    08 00 6d fe 8c c3 00 8d, 1555981120.175496        00b0    000    6    00 00 00 00 11 09, 1555981120.175702        00b2    000    6    00 00 00 00 11 09, 1555981120.175946        0223    000    8    00 20 00 00 00 00 00 4d, 1555981120.179301        02c4    000    8    03 ce 00 2b 00 80 21 6b, 1555981120.181451        0020    000    3    00 00 07, 1555981120.181692        00b4    000    8    00 00 00 00 78 00 00 34, 1555981120.181922        0025    000    8    0f 69 0f 5d 78 78 78 79, 1555981120.182557        0024    000    8    02 01 01 fc 61 fe 80 0b, 1555981120.185307        0620    000    8    10 00 00 00 30 40 00 00, 1555981120.185550        02c6    000    8    00 00 00 00 00 00 00 d0, 1555981120.185798        0260    000    8    08 00 0d 00 00 ff fe 7c, 1555981120.187535        00b0    000    6    00 00 00 00 11 0a, 1555981120.187737        00b2    000    6    00 00 00 00 11 0a, 1555981120.187988        0224    000    8    00 00 00 00 00 00 00 08, 1555981120.190609        0262    000    5    21 00 00 00 8a, 1555981120.191483        02d5    000    2    2b 3d, 1555981120.193511        0020    000    3    00 00 07, 1555981120.193754        00b4    000    8    00 00 00 00 78 00 00 34, 1555981120.193995        0024    000    8    02 01 01 fc 61 fe 80 0b, 1555981120.194223        0025    000    8    0f 69 0f 5d 78 78 78 79, 1555981120.194397        00ba    000    4    01 ff 07 c5, 1555981120.194670        02d0    000    8    07 71 09 00 70 00 00 cb, 1555981120.198686        02c5    000    4    00 03 b0 7e, 1555981120.199578        00b0    000    6    00 00 00 00 11 0b, 1555981120.199781        00b2    000    6    00 00 00 00 11 0b, 1555981120.200025        0223    000    8    00 20 00 00 00 00 00 4d, 1555981120.200275        0638    000    8    13 00 1f 00 00 00 00 00, 1555981120.202857        02c4    000    8    03 cf 00 2b 00 80 21 6c, 1555981120.205534        0020    000    3    00 00 07, 1555981120.205780        00b4    000    8    00 00 00 00 78 00 00 34, 1555981120.206010        0025    000    8    0f 69 0f 5d 78 78 78 79, 1555981120.206249        0024    000    8    02 01 01 fc 61 fd 80 0a, 1555981120.206493        0260    000    8    08 00 0c 00 00 ff fc 79, 1555981120.206952        02c1    000    8    08 00 67 fe 87 c3 00 82, 1555981120.211127        0262    000    5    21 00 00 00 8a, 1555981120.211603        00b0    000    6    00 00 00 00 11 0c, 1555981120.211811        00b2    000    6    00 00 00 00 11 0c, 1555981120.212058        0224    000    8    00 00 00 00 00 00 00 08, 1555981120.214123        07e8    000    8    03 41 0d 00 00 00 00 00, 1555981120.215018        02d5    000    2    2b 3d
1555981120.217192        02c6    000    8    00 00 00 00 00 00 00 d0
1555981120.217570        0020    000    3    00 00 07
1555981120.217817        00b4    000    8    00 00 00 00 78 00 00 34
1555981120.218047        0025    000    8    0f 69 0f 5d 78 78 78 79
1555981120.218218        00ba    000    4    02 00 07 c7
1555981120.218462        0024    000    8    02 01 01 fc 61 fd 80 0a
1555981120.223668        00b0    000    6    00 00 00 00 11 0d
1555981120.223857        00b2    000    6    00 00 00 00 11 0d
1555981120.224101        0223    000    8    00 20 00 00 00 00 00 4d
1555981120.225041        0440    000    8    42 02 00 00 00 00 00 00
1555981120.226158        0260    000    8    08 00 0c 00 00 ff fa 77
1555981120.226419        02c4    000    8    03 cc 00 2b 00 80 21 69
1555981120.226654        02d0    000    8    07 73 09 00 70 00 00 cd
1555981120.229605        0020    000    3    00 00 07
1555981120.229848        00b4    000    8    00 00 00 00 78 00 00 34
1555981120.230081        0025    000    8    0f 69 0f 5d 78 78 78 79
1555981120.230693        0024    000    8    02 02 01 fc 61 fe 80 0c
1555981120.231247        0262    000    5    21 00 00 00 8a
1555981120.235684        00b0    000    6    00 00 00 00 11 0e
1555981120.235888        00b2    000    6    00 00 00 00 11 0e
1555981120.236138        0224    000    8    00 00 00 00 00 00 00 08
1555981120.238696        02c1    000    8    08 00 71 fe 89 c3 00 8e
1555981120.238818        02d5    000    2    2b 3d
1555981120.241657        0020    000    3    00 00 07
1555981120.241909        00b4    000    8    00 00 00 00 78 00 00 34
1555981120.242139        0024    000    8    02 01 01 fc 61 fd 81 0b
1555981120.242374        0025    000    8    0f 69 0f 5d 82 82 82 97
1555981120.242543        00ba    000    4    01 ff 07 c5
1555981120.246419        0260    000    8    08 00 0c 00 00 ff fe 7b
1555981120.246815        02c5    000    4    00 03 b0 7e
1555981120.247731        00b0    000    6    00 00 00 00 11 0f
1555981120.247937        00b2    000    6    00 00 00 00 11 0f
1555981120.248180        0223    000    8    00 20 00 00 00 00 00 4d
1555981120.248947        02c6    000    8    00 00 00 00 00 00 00 d0
1555981120.249955        02c4    000    8    03 ca 00 2b 00 80 21 67
1555981120.251464        0262    000    5    21 00 00 00 8a
1555981120.253710        0020    000    3    00 00 07
1555981120.253952        00b4    000    8    00 00 00 00 78 00 00 34
1555981120.254182        0025    000    8    0f 69 0f 5d 78 78 78 79
1555981120.254422        0024    000    8    02 02 01 fc 61 fc 80 0a
1555981120.258150        02d0    000    8    07 71 09 00 70 00 00 cb
1555981120.259794        00b0    000    6    00 00 00 00 11 00
1555981120.259998        00b2    000    6    00 00 00 00 11 00
1555981120.260247        0224    000    8    00 00 00 00 00 00 00 08
1555981120.262127        02d5    000    2    2b 3d
1555981120.265759        0020    000    3    00 00 07
1555981120.266003        00b4    000    8    00 00 00 00 78 00 00 34
1555981120.266232        0025    000    8    0f 69 0f 5d 78 78 78 79
1555981120.266403        00ba    000    4    02 00 07 c7
1555981120.266647        0024    000    8    02 02 01 fc 61 fe 80 0c
1555981120.266894        0260    000    8    08 00 0c 00 00 00 00 7e
1555981120.270436        02c1    000    8    08 00 6a fe 87 c3 00 85
1555981120.271785        0262    000    5    21 00 00 00 8a
1555981120.271980        00b0    000    6    00 00 00 00 11 01
1555981120.272188        00b2    000    6    00 00 00 00 11 01
1555981120.272433        0223    000    8    00 20 00 00 00 00 00 4d
1555981120.272749        03a0    000    8    00 00 00 00 16 ef 00 52
1555981120.273511        02c4    000    8    03 c5 00 2b 00 80 21 62
1555981120.275562        07e8    000    8    03 41 11 2b 00 00 00 00

1555981120.316518        07e8    000    8    04 41 0c 0b cd 00 00 00, 1555981120.320011        00b0    000    6    00 00 00 00 11 05, 1555981120.320204        00b2    000    6    00 00 00 00 11 05, 1555981120.320448        0223    000    8    00 20 00 00 00 00 00 4d, 1555981120.320682        02c4    000    8    03 c7 00 2b 00 80 21 64, 1555981120.321650        02d0    000    8    07 6a 09 00 70 00 00 c4, 1555981120.325940        0020    000    3    00 00 07, 1555981120.326185        00b4    000    8    00 00 00 00 78 00 00 34, 1555981120.326413        0025    000    8    0f 69 0f 5d 78 78 78 79, 1555981120.326955        0024    000    8    02 01 01 fd 61 fd 80 0b, 1555981120.327232        0260    000    8    08 00 0c 00 00 00 02 80, 1555981120.332031        00b0    000    6    00 00 00 00 11 06, 1555981120.332224        00b2    000    6    00 00 00 00 11 06, 1555981120.332474        0224    000    8    00 00 00 00 00 00 00 08, 1555981120.332657        0262    000    5    21 00 00 00 8a, 1555981120.332789        02d5    000    2    2b 3d, 1555981120.333036        07e8    000    8    03 41 0d 00 00 00 00 00, 1555981120.333923        02c1    000    8    08 00 60 fe 7f c3 00 73
1555981120.337972        0020    000    3    00 00 07
1555981120.338216        00b4    000    8    00 00 00 00 78 00 00 34
1555981120.338443        0025    000    8    0f 69 0f 5d 78 78 78 79
1555981120.338614        00ba    000    4    02 00 07 c7
1555981120.339402        0024    000    8    02 01 01 fd 61 fe 80 0c
1555981120.341105        07e8    000    8    03 41 11 2b 00 00 00 00

